battery_id,t_ms,voltage,current,temp
BAT_001,0,4.0976,1.006,24.45
BAT_001,20,4.0914,0.9977,24.42
BAT_001,40,4.0811,0.9986,24.44
BAT_001,60,4.0752,1.0063,24.5
BAT_001,80,4.0703,0.9937,24.45
BAT_001,100,4.0605,0.9972,24.53
BAT_001,120,4.0599,1.0009,24.51
BAT_001,140,4.0532,0.9937,24.46
BAT_001,160,4.0482,0.9915,24.5
BAT_001,180,4.0417,1.0024,24.5
BAT_001,200,4.0439,1.0037,24.61
BAT_001,220,4.0412,1.0021,24.5
BAT_001,240,4.037,0.9935,24.58
BAT_001,260,4.0366,1.0027,24.59
BAT_001,280,4.0337,1.0048,24.55
BAT_001,300,4.0309,0.9995,24.5
BAT_001,320,4.027,1.0019,24.56
BAT_001,340,4.0252,1.0047,24.61
BAT_001,360,4.0243,1.0033,24.64
BAT_001,380,4.0233,0.9983,24.62
BAT_001,400,4.0206,0.9933,24.6
BAT_001,420,4.0181,1.0027,24.68
BAT_001,440,4.0189,1.0044,24.64
BAT_001,460,4.0173,0.9963,24.68
BAT_001,480,4.0198,0.9996,24.63
BAT_001,500,4.0194,0.9971,24.72
BAT_001,520,4.0184,0.9995,24.73
BAT_001,540,4.0137,1.0027,24.67
BAT_001,560,4.0097,0.998,24.68
BAT_001,580,4.0149,1.0021,24.78
BAT_001,600,4.0166,1.0094,24.75
BAT_001,620,4.0144,1.0037,24.79
BAT_001,640,4.0153,0.9966,24.74
BAT_001,660,4.0157,1.007,24.84
BAT_001,680,4.0116,0.9996,24.73
BAT_001,700,4.0156,0.9911,24.77
BAT_001,720,4.0095,0.996,24.84
BAT_001,740,4.0095,1.0006,24.87
BAT_001,760,4.0166,0.9978,24.84
BAT_001,780,4.0102,0.9986,24.78
BAT_001,800,4.0097,1.0065,24.83
BAT_001,820,4.0117,1.0015,24.81
BAT_001,840,4.0123,1.0065,24.85
BAT_001,860,4.0091,1.0004,24.74
BAT_001,880,4.0103,0.9957,24.9
BAT_001,900,4.0118,1.0065,24.9
BAT_001,920,4.0073,0.9979,24.85
BAT_001,940,4.0107,1.0118,24.87
BAT_001,960,4.0116,1.0072,24.89
BAT_001,980,4.0082,1.0069,25.02
BAT_001,1000,4.011,0.9891,24.94
BAT_001,1020,4.0079,1.0028,24.91
BAT_001,1040,4.008,0.9955,24.92
BAT_001,1060,4.0093,0.9918,25.0
BAT_001,1080,4.0098,0.9927,25.05
BAT_001,1100,4.009,1.0055,24.99
BAT_001,1120,4.0022,1.0014,24.96
BAT_001,1140,4.009,1.0064,24.98
BAT_001,1160,4.011,0.9992,24.99
BAT_001,1180,4.0086,0.9997,25.09
BAT_001,1200,4.0091,0.997,25.11
BAT_001,1220,4.0104,0.9994,25.18
BAT_001,1240,4.0076,0.996,25.14
BAT_001,1260,4.0079,0.9978,25.03
BAT_001,1280,4.0093,1.0033,25.2
BAT_001,1300,4.0046,1.0029,25.21
BAT_001,1320,4.0096,0.999,25.07
BAT_001,1340,4.007,0.9979,25.22
BAT_001,1360,4.0122,1.0066,25.15
BAT_001,1380,4.004,1.0016,25.1
BAT_001,1400,4.005,0.9884,25.18
BAT_001,1420,4.0081,1.0052,25.26
BAT_001,1440,4.007,0.9997,25.16
BAT_001,1460,4.0065,0.9973,25.23
BAT_001,1480,4.0063,1.0008,25.2
BAT_001,1500,4.0068,1.0057,25.22
BAT_001,1520,4.0044,0.9909,25.2
BAT_001,1540,4.0092,1.0031,25.29
BAT_001,1560,4.0043,1.0024,25.19
BAT_001,1580,4.0079,0.9909,25.28
BAT_001,1600,4.0067,0.9899,25.26
BAT_001,1620,4.0062,0.9932,25.28
BAT_001,1640,4.0046,1.0044,25.34
BAT_001,1660,4.0061,1.0012,25.27
BAT_001,1680,4.0033,0.9914,25.32
BAT_001,1700,4.0059,0.9989,25.32
BAT_001,1720,4.0059,1.0045,25.36
BAT_001,1740,4.0094,1.0018,25.38
BAT_001,1760,4.0059,1.0067,25.34
BAT_001,1780,4.0056,1.0038,25.27
BAT_001,1800,4.0048,0.9962,25.37
BAT_001,1820,4.0009,0.9985,25.48
BAT_001,1840,4.0028,1.0026,25.37
BAT_001,1860,4.0028,1.0017,25.37
BAT_001,1880,4.0057,0.9975,25.37
BAT_001,1900,4.005,1.0041,25.49
BAT_001,1920,4.0069,1.0067,25.41
BAT_001,1940,4.0034,1.0028,25.48
BAT_001,1960,4.006,1.0,25.43
BAT_001,1980,4.0051,0.998,25.45
BAT_001,2000,4.0029,0.9957,25.32
BAT_002,0,4.113,1.0088,24.03
BAT_002,20,4.108,0.9996,24.04
BAT_002,40,4.1007,1.0007,24.01
BAT_002,60,4.0953,1.0038,24.14
BAT_002,80,4.0862,0.9998,24.1
BAT_002,100,4.0852,0.9968,24.07
BAT_002,120,4.0775,1.0071,24.12
BAT_002,140,4.0733,1.0009,24.16
BAT_002,160,4.0691,1.0007,24.09
BAT_002,180,4.0672,0.9985,24.15
BAT_002,200,4.0619,0.9966,24.18
BAT_002,220,4.0621,0.9982,24.18
BAT_002,240,4.0598,1.0002,24.17
BAT_002,260,4.056,1.0014,24.16
BAT_002,280,4.0552,0.9971,24.24
BAT_002,300,4.051,1.0057,24.19
BAT_002,320,4.0515,1.0038,24.18
BAT_002,340,4.0515,1.0008,24.16
BAT_002,360,4.0464,0.9885,24.21
BAT_002,380,4.0483,1.0057,24.15
BAT_002,400,4.0452,1.0025,24.17
BAT_002,420,4.0401,0.9997,24.27
BAT_002,440,4.0419,1.0039,24.16
BAT_002,460,4.0398,0.9962,24.23
BAT_002,480,4.0409,1.0013,24.26
BAT_002,500,4.0395,0.9962,24.27
BAT_002,520,4.0396,1.0055,24.18
BAT_002,540,4.0374,0.9964,24.28
BAT_002,560,4.0393,0.9972,24.29
BAT_002,580,4.0356,1.0013,24.42
BAT_002,600,4.0353,0.9964,24.29
BAT_002,620,4.0378,0.9991,24.31
BAT_002,640,4.0358,0.9958,24.36
BAT_002,660,4.034,0.9999,24.32
BAT_002,680,4.035,0.9998,24.36
BAT_002,700,4.0342,1.0009,24.39
BAT_002,720,4.0346,1.0007,24.42
BAT_002,740,4.0308,0.9985,24.32
BAT_002,760,4.0311,1.0036,24.34
BAT_002,780,4.0309,1.0128,24.43
BAT_002,800,4.0359,0.9991,24.38
BAT_002,820,4.0352,0.9909,24.34
BAT_002,840,4.0305,1.001,24.38
BAT_002,860,4.0303,0.9991,24.46
BAT_002,880,4.0294,1.0031,24.37
BAT_002,900,4.0347,0.9953,24.42
BAT_002,920,4.0308,1.0026,24.45
BAT_002,940,4.0314,1.0018,24.49
BAT_002,960,4.0297,0.9951,24.41
BAT_002,980,4.0307,0.9947,24.56
BAT_002,1000,4.0317,0.9999,24.42
BAT_002,1020,4.0286,0.9984,24.56
BAT_002,1040,4.0326,1.0,24.52
BAT_002,1060,4.0309,1.008,24.53
BAT_002,1080,4.0342,1.0058,24.51
BAT_002,1100,4.0293,1.0038,24.49
BAT_002,1120,4.0277,0.9947,24.49
BAT_002,1140,4.0317,1.0013,24.54
BAT_002,1160,4.0339,0.9978,24.61
BAT_002,1180,4.0312,1.0001,24.55
BAT_002,1200,4.0334,0.9973,24.5
BAT_002,1220,4.0297,1.0058,24.52
BAT_002,1240,4.0307,1.0078,24.66
BAT_002,1260,4.0319,1.0131,24.61
BAT_002,1280,4.0299,0.991,24.63
BAT_002,1300,4.0321,0.9989,24.61
BAT_002,1320,4.0312,1.0032,24.61
BAT_002,1340,4.0288,0.9986,24.51
BAT_002,1360,4.029,1.0062,24.71
BAT_002,1380,4.0254,0.9994,24.64
BAT_002,1400,4.0281,1.0046,24.62
BAT_002,1420,4.0296,1.0001,24.61
BAT_002,1440,4.0295,0.9991,24.7
BAT_002,1460,4.0283,1.0036,24.69
BAT_002,1480,4.0291,1.0,24.6
BAT_002,1500,4.0324,1.0078,24.68
BAT_002,1520,4.0248,0.9988,24.76
BAT_002,1540,4.0232,1.0114,24.68
BAT_002,1560,4.0278,0.9964,24.75
BAT_002,1580,4.0296,1.0007,24.76
BAT_002,1600,4.0273,1.0035,24.73
BAT_002,1620,4.0284,1.006,24.77
BAT_002,1640,4.0303,1.01,24.74
BAT_002,1660,4.0295,0.9935,24.88
BAT_002,1680,4.0259,0.9924,24.76
BAT_002,1700,4.0314,1.0025,24.71
BAT_002,1720,4.0292,0.9975,24.77
BAT_002,1740,4.0325,1.0035,24.85
BAT_002,1760,4.0296,0.9977,24.85
BAT_002,1780,4.0276,0.9864,24.82
BAT_002,1800,4.0308,0.998,24.9
BAT_002,1820,4.0268,1.0019,24.86
BAT_002,1840,4.0289,1.0049,24.82
BAT_002,1860,4.0284,1.0107,24.92
BAT_002,1880,4.0275,1.0021,24.9
BAT_002,1900,4.029,1.0025,24.91
BAT_002,1920,4.0282,0.9997,24.95
BAT_002,1940,4.0298,0.9946,24.85
BAT_002,1960,4.0283,0.9952,24.9
BAT_002,1980,4.0268,1.0015,24.89
BAT_002,2000,4.0322,1.0042,24.97
BAT_003,0,4.1008,1.0008,24.53
BAT_003,20,4.0924,0.9989,24.74
BAT_003,40,4.0823,1.0055,24.62
BAT_003,60,4.0692,1.0011,24.67
BAT_003,80,4.0619,1.0077,24.79
BAT_003,100,4.0588,1.0059,24.66
BAT_003,120,4.0456,1.0017,24.69
BAT_003,140,4.0433,0.9997,24.76
BAT_003,160,4.0397,1.0077,24.75
BAT_003,180,4.0356,0.9984,24.69
BAT_003,200,4.028,1.0002,24.73
BAT_003,220,4.0228,1.0114,24.78
BAT_003,240,4.0221,1.0001,24.78
BAT_003,260,4.0107,0.9961,24.79
BAT_003,280,4.0159,1.002,24.78
BAT_003,300,4.0089,0.999,24.88
BAT_003,320,4.0093,0.999,24.82
BAT_003,340,4.0081,1.0098,24.84
BAT_003,360,4.0039,1.0007,24.92
BAT_003,380,4.0011,1.0042,24.85
BAT_003,400,3.9979,0.9967,24.93
BAT_003,420,4.001,1.0002,24.92
BAT_003,440,3.9973,0.9967,24.92
BAT_003,460,3.9968,0.9967,24.89
BAT_003,480,3.9958,1.0018,24.93
BAT_003,500,3.9924,0.9952,25.0
BAT_003,520,3.9919,1.0014,24.96
BAT_003,540,3.9887,0.9937,25.0
BAT_003,560,3.9917,0.9957,24.97
BAT_003,580,3.9905,0.9969,24.94
BAT_003,600,3.9911,0.999,25.05
BAT_003,620,3.9905,1.0014,25.06
BAT_003,640,3.9916,0.9945,25.04
BAT_003,660,3.9871,1.0074,25.14
BAT_003,680,3.9829,0.9978,25.09
BAT_003,700,3.9881,1.001,25.0
BAT_003,720,3.9889,0.9922,25.07
BAT_003,740,3.984,1.0059,25.09
BAT_003,760,3.9895,1.0067,25.17
BAT_003,780,3.9866,1.0059,25.1
BAT_003,800,3.986,0.9995,25.1
BAT_003,820,3.9841,0.9972,25.14
BAT_003,840,3.9834,0.996,25.22
BAT_003,860,3.9848,0.9983,25.2
BAT_003,880,3.985,0.9963,25.18
BAT_003,900,3.9815,1.0107,25.3
BAT_003,920,3.9847,0.9958,25.13
BAT_003,940,3.9827,1.0076,25.18
BAT_003,960,3.9813,1.0017,25.26
BAT_003,980,3.9836,0.9979,25.27
BAT_003,1000,3.9808,1.0015,25.2
BAT_003,1020,3.9859,0.9953,25.34
BAT_003,1040,3.9844,1.0115,25.33
BAT_003,1060,3.9814,1.0072,25.35
BAT_003,1080,3.9835,1.0036,25.3
BAT_003,1100,3.9827,0.9934,25.31
BAT_003,1120,3.9818,1.0027,25.42
BAT_003,1140,3.9805,0.9954,25.36
BAT_003,1160,3.9813,0.9979,25.41
BAT_003,1180,3.984,1.0031,25.43
BAT_003,1200,3.9834,1.0133,25.42
BAT_003,1220,3.9817,1.0024,25.34
BAT_003,1240,3.9821,1.0006,25.51
BAT_003,1260,3.9815,0.9917,25.47
BAT_003,1280,3.9792,0.9993,25.52
BAT_003,1300,3.9807,1.0039,25.46
BAT_003,1320,3.981,1.0004,25.55
BAT_003,1340,3.9815,0.9982,25.55
BAT_003,1360,3.9809,1.0002,25.59
BAT_003,1380,3.9796,0.9981,25.53
BAT_003,1400,3.9802,1.0103,25.56
BAT_003,1420,3.9802,1.0054,25.5
BAT_003,1440,3.9827,1.0002,25.6
BAT_003,1460,3.9767,0.9945,25.61
BAT_003,1480,3.9803,0.9969,25.61
BAT_003,1500,3.9767,0.9948,25.62
BAT_003,1520,3.9791,0.9949,25.58
BAT_003,1540,3.9789,1.0011,25.64
BAT_003,1560,3.9796,1.0014,25.67
BAT_003,1580,3.9785,0.989,25.72
BAT_003,1600,3.9755,0.9959,25.72
BAT_003,1620,3.9782,0.9986,25.76
BAT_003,1640,3.9791,0.9949,25.72
BAT_003,1660,3.9794,0.9929,25.77
BAT_003,1680,3.9804,0.9971,25.7
BAT_003,1700,3.9775,1.0148,25.73
BAT_003,1720,3.9764,1.0078,25.8
BAT_003,1740,3.9796,0.9965,25.87
BAT_003,1760,3.9783,1.0023,25.73
BAT_003,1780,3.9762,1.0032,25.86
BAT_003,1800,3.9769,1.0014,25.85
BAT_003,1820,3.9798,1.0035,25.78
BAT_003,1840,3.9801,1.0011,25.86
BAT_003,1860,3.9796,1.0071,25.81
BAT_003,1880,3.9788,1.0073,25.84
BAT_003,1900,3.978,1.0041,25.91
BAT_003,1920,3.9781,1.0045,25.93
BAT_003,1940,3.977,0.9911,25.93
BAT_003,1960,3.9752,1.0008,25.92
BAT_003,1980,3.9782,0.9977,25.89
BAT_003,2000,3.9748,1.0068,26.0
BAT_004,0,4.1119,1.0078,25.24
BAT_004,20,4.1005,0.997,25.21
BAT_004,40,4.0863,0.9965,25.09
BAT_004,60,4.0778,1.0044,25.07
BAT_004,80,4.0706,1.0013,25.1
BAT_004,100,4.0606,1.0035,25.15
BAT_004,120,4.0548,0.9969,25.19
BAT_004,140,4.0526,1.0003,25.15
BAT_004,160,4.041,0.9932,25.15
BAT_004,180,4.0368,0.9922,25.21
BAT_004,200,4.0303,0.997,25.27
BAT_004,220,4.026,0.9944,25.24
BAT_004,240,4.0205,1.0077,25.34
BAT_004,260,4.016,1.0074,25.34
BAT_004,280,4.0154,1.0057,25.24
BAT_004,300,4.0107,0.9989,25.35
BAT_004,320,4.0089,0.9991,25.28
BAT_004,340,4.008,1.0077,25.29
BAT_004,360,4.0063,1.0021,25.25
BAT_004,380,4.0004,0.9965,25.37
BAT_004,400,3.9963,0.9999,25.39
BAT_004,420,3.9936,0.9929,25.32
BAT_004,440,3.9957,1.0056,25.35
BAT_004,460,3.9915,0.9962,25.38
BAT_004,480,3.9943,1.0016,25.44
BAT_004,500,3.9901,0.9969,25.38
BAT_004,520,3.9918,1.001,25.37
BAT_004,540,3.9891,0.9984,25.5
BAT_004,560,3.984,0.9942,25.45
BAT_004,580,3.9856,0.9901,25.44
BAT_004,600,3.9889,1.0051,25.39
BAT_004,620,3.9843,1.0035,25.44
BAT_004,640,3.9858,0.999,25.49
BAT_004,660,3.9847,1.0069,25.52
BAT_004,680,3.9833,0.9957,25.49
BAT_004,700,3.9872,0.9979,25.6
BAT_004,720,3.9809,0.9991,25.43
BAT_004,740,3.9826,1.0041,25.49
BAT_004,760,3.9804,0.999,25.55
BAT_004,780,3.9787,1.0005,25.56
BAT_004,800,3.9813,0.9961,25.54
BAT_004,820,3.9783,0.9991,25.53
BAT_004,840,3.9813,1.0032,25.62
BAT_004,860,3.9806,0.9974,25.68
BAT_004,880,3.9801,0.9986,25.55
BAT_004,900,3.9805,1.0011,25.59
BAT_004,920,3.9779,1.0049,25.5
BAT_004,940,3.9825,1.0032,25.69
BAT_004,960,3.9771,0.994,25.61
BAT_004,980,3.9762,0.9994,25.66
BAT_004,1000,3.9783,1.001,25.67
BAT_004,1020,3.9785,1.0027,25.7
BAT_004,1040,3.9774,0.9944,25.64
BAT_004,1060,3.9784,1.0049,25.63
BAT_004,1080,3.9772,0.9969,25.67
BAT_004,1100,3.9755,0.9961,25.78
BAT_004,1120,3.9782,1.008,25.73
BAT_004,1140,3.9745,1.0009,25.7
BAT_004,1160,3.9783,1.0017,25.74
BAT_004,1180,3.9759,0.9974,25.8
BAT_004,1200,3.9764,0.9984,25.75
BAT_004,1220,3.9798,0.9928,25.82
BAT_004,1240,3.9756,1.0067,25.82
BAT_004,1260,3.9747,0.9931,25.92
BAT_004,1280,3.9732,0.9968,25.93
BAT_004,1300,3.9764,0.9987,25.8
BAT_004,1320,3.9755,1.0079,25.78
BAT_004,1340,3.9757,1.0028,25.88
BAT_004,1360,3.9746,0.9948,25.9
BAT_004,1380,3.9723,1.0067,25.99
BAT_004,1400,3.9723,1.0034,25.83
BAT_004,1420,3.9724,1.0011,25.9
BAT_004,1440,3.9747,1.0035,25.89
BAT_004,1460,3.9772,0.9942,25.86
BAT_004,1480,3.9761,0.9972,25.91
BAT_004,1500,3.9752,1.0005,25.91
BAT_004,1520,3.9733,1.0077,25.93
BAT_004,1540,3.9751,1.0005,25.95
BAT_004,1560,3.9734,1.0014,25.97
BAT_004,1580,3.9758,0.9934,26.01
BAT_004,1600,3.9783,0.9928,25.97
BAT_004,1620,3.9759,0.9942,25.99
BAT_004,1640,3.9714,1.0001,26.04
BAT_004,1660,3.978,1.0026,26.09
BAT_004,1680,3.9713,1.0071,26.07
BAT_004,1700,3.9714,0.9958,26.1
BAT_004,1720,3.9754,0.9975,26.02
BAT_004,1740,3.9719,1.0033,25.99
BAT_004,1760,3.9763,1.0081,26.1
BAT_004,1780,3.9753,0.9954,26.04
BAT_004,1800,3.9709,0.9981,26.17
BAT_004,1820,3.9723,0.9988,26.08
BAT_004,1840,3.9719,0.9985,26.12
BAT_004,1860,3.969,0.9968,26.16
BAT_004,1880,3.9695,0.9988,26.19
BAT_004,1900,3.97,0.9994,26.15
BAT_004,1920,3.9709,0.9987,26.18
BAT_004,1940,3.9701,0.9912,26.23
BAT_004,1960,3.9707,1.0058,26.16
BAT_004,1980,3.9701,0.9986,26.24
BAT_004,2000,3.9667,1.0003,26.23
BAT_005,0,3.988,0.9991,25.89
BAT_005,20,3.965,1.0,25.83
BAT_005,40,3.9467,0.994,25.84
BAT_005,60,3.9302,0.9916,25.82
BAT_005,80,3.9128,0.9987,25.9
BAT_005,100,3.9015,0.9939,25.9
BAT_005,120,3.8857,0.992,25.96
BAT_005,140,3.8741,0.9988,25.85
BAT_005,160,3.8653,1.0002,26.0
BAT_005,180,3.8537,1.0074,26.01
BAT_005,200,3.8449,1.0021,26.05
BAT_005,220,3.8367,1.0054,26.07
BAT_005,240,3.8321,1.0051,26.19
BAT_005,260,3.8239,0.9977,26.11
BAT_005,280,3.8178,0.9893,26.21
BAT_005,300,3.8135,0.9922,26.11
BAT_005,320,3.8082,0.9985,26.14
BAT_005,340,3.8037,1.0048,26.23
BAT_005,360,3.7996,1.002,26.13
BAT_005,380,3.7926,1.0,26.2
BAT_005,400,3.7923,0.996,26.22
BAT_005,420,3.7887,0.9891,26.22
BAT_005,440,3.7873,1.0,26.25
BAT_005,460,3.784,1.0079,26.39
BAT_005,480,3.7789,0.997,26.26
BAT_005,500,3.7779,0.9935,26.33
BAT_005,520,3.7777,0.9984,26.38
BAT_005,540,3.7723,1.0042,26.41
BAT_005,560,3.771,1.0,26.5
BAT_005,580,3.7695,1.0019,26.41
BAT_005,600,3.7725,1.0029,26.48
BAT_005,620,3.7676,0.9928,26.47
BAT_005,640,3.7699,1.0014,26.54
BAT_005,660,3.7662,0.9992,26.59
BAT_005,680,3.7617,0.9977,26.59
BAT_005,700,3.7632,0.9972,26.6
BAT_005,720,3.7622,0.994,26.56
BAT_005,740,3.7617,0.9993,26.69
BAT_005,760,3.7625,0.998,26.64
BAT_005,780,3.7624,0.9975,26.75
BAT_005,800,3.7615,1.0038,26.74
BAT_005,820,3.7608,1.0005,26.71
BAT_005,840,3.7615,0.9985,26.73
BAT_005,860,3.7598,1.0035,26.8
BAT_005,880,3.7547,0.9965,26.82
BAT_005,900,3.7596,0.9953,26.86
BAT_005,920,3.7595,1.0015,26.78
BAT_005,940,3.7565,0.9958,26.86
BAT_005,960,3.7571,1.0045,26.91
BAT_005,980,3.7549,0.9929,26.97
BAT_005,1000,3.7548,0.9983,27.03
BAT_005,1020,3.7592,1.0067,26.93
BAT_005,1040,3.7592,0.9995,27.06
BAT_005,1060,3.7558,1.0053,27.04
BAT_005,1080,3.7556,0.9993,27.02
BAT_005,1100,3.7552,1.0042,27.03
BAT_005,1120,3.7551,0.9952,27.05
BAT_005,1140,3.7516,1.0087,27.14
BAT_005,1160,3.7537,1.0051,27.06
BAT_005,1180,3.7542,0.9973,27.22
BAT_005,1200,3.7512,1.0008,27.21
BAT_005,1220,3.7562,0.9978,27.23
BAT_005,1240,3.7541,1.0023,27.28
BAT_005,1260,3.7532,0.9955,27.34
BAT_005,1280,3.7562,1.0008,27.27
BAT_005,1300,3.7545,0.9957,27.34
BAT_005,1320,3.7492,1.0069,27.29
BAT_005,1340,3.7526,0.9972,27.35
BAT_005,1360,3.7493,0.9997,27.34
BAT_005,1380,3.7533,0.9957,27.42
BAT_005,1400,3.7526,1.0037,27.49
BAT_005,1420,3.753,1.002,27.5
BAT_005,1440,3.7525,0.9938,27.49
BAT_005,1460,3.7506,0.9996,27.54
BAT_005,1480,3.7483,0.9932,27.51
BAT_005,1500,3.751,0.9959,27.45
BAT_005,1520,3.7522,1.0063,27.62
BAT_005,1540,3.7492,0.9991,27.55
BAT_005,1560,3.7473,1.0041,27.61
BAT_005,1580,3.7514,0.9993,27.55
BAT_005,1600,3.7492,1.0078,27.7
BAT_005,1620,3.7473,0.9968,27.73
BAT_005,1640,3.7469,0.994,27.74
BAT_005,1660,3.7483,0.9966,27.7
BAT_005,1680,3.7487,0.9912,27.74
BAT_005,1700,3.7466,1.009,27.75
BAT_005,1720,3.7488,0.9992,27.88
BAT_005,1740,3.7501,0.9989,27.86
BAT_005,1760,3.7452,0.9983,27.91
BAT_005,1780,3.7443,0.9963,27.9
BAT_005,1800,3.746,0.9982,27.81
BAT_005,1820,3.7457,0.9996,27.94
BAT_005,1840,3.7463,1.0042,28.07
BAT_005,1860,3.7436,0.9954,28.02
BAT_005,1880,3.7414,0.9947,27.97
BAT_005,1900,3.7432,0.9945,27.97
BAT_005,1920,3.7435,1.0017,28.13
BAT_005,1940,3.7417,1.0022,28.11
BAT_005,1960,3.7455,1.0084,28.13
BAT_005,1980,3.747,0.9962,28.07
BAT_005,2000,3.747,1.0015,28.09
BAT_006,0,4.1361,0.9992,24.08
BAT_006,20,4.1241,1.0044,24.22
BAT_006,40,4.1128,0.9949,24.11
BAT_006,60,4.1071,1.0043,24.11
BAT_006,80,4.0966,1.0005,24.12
BAT_006,100,4.0868,0.9977,24.15
BAT_006,120,4.0794,1.0018,24.12
BAT_006,140,4.0759,1.0009,24.15
BAT_006,160,4.0698,1.0006,24.17
BAT_006,180,4.0613,0.9922,24.21
BAT_006,200,4.0532,1.0061,24.21
BAT_006,220,4.0505,0.9946,24.22
BAT_006,240,4.0463,1.0077,24.17
BAT_006,260,4.0434,1.0001,24.15
BAT_006,280,4.0366,1.0038,24.23
BAT_006,300,4.0363,0.997,24.25
BAT_006,320,4.0318,1.0045,24.24
BAT_006,340,4.029,0.9976,24.22
BAT_006,360,4.0276,1.0014,24.2
BAT_006,380,4.0247,0.9944,24.21
BAT_006,400,4.0254,1.0027,24.15
BAT_006,420,4.0232,0.9937,24.27
BAT_006,440,4.0217,1.0077,24.27
BAT_006,460,4.0204,0.996,24.18
BAT_006,480,4.0148,1.0033,24.24
BAT_006,500,4.0162,1.0049,24.35
BAT_006,520,4.0146,0.9973,24.26
BAT_006,540,4.0177,0.9945,24.33
BAT_006,560,4.0139,0.9996,24.39
BAT_006,580,4.0098,0.9952,24.36
BAT_006,600,4.0118,1.0046,24.28
BAT_006,620,4.0131,0.9952,24.35
BAT_006,640,4.0146,1.0027,24.3
BAT_006,660,4.0117,0.9976,24.44
BAT_006,680,4.0108,1.001,24.36
BAT_006,700,4.009,0.9884,24.41
BAT_006,720,4.0112,0.9975,24.36
BAT_006,740,4.0084,1.0037,24.42
BAT_006,760,4.004,0.9979,24.44
BAT_006,780,4.0084,0.9919,24.45
BAT_006,800,4.0094,1.0083,24.39
BAT_006,820,4.0042,0.9992,24.43
BAT_006,840,4.0054,1.0011,24.5
BAT_006,860,4.0052,0.9955,24.43
BAT_006,880,4.0047,0.9972,24.48
BAT_006,900,4.0118,1.0047,24.48
BAT_006,920,4.0056,0.9941,24.44
BAT_006,940,4.0062,1.0056,24.48
BAT_006,960,4.0065,1.0013,24.53
BAT_006,980,4.0082,0.9994,24.47
BAT_006,1000,4.0042,0.9994,24.63
BAT_006,1020,3.9995,1.0054,24.56
BAT_006,1040,3.9999,1.0037,24.55
BAT_006,1060,4.0047,1.0008,24.58
BAT_006,1080,4.004,1.0061,24.6
BAT_006,1100,4.0045,0.996,24.69
BAT_006,1120,4.0014,1.0062,24.62
BAT_006,1140,4.0019,1.0015,24.64
BAT_006,1160,4.0021,0.9934,24.59
BAT_006,1180,4.0052,0.998,24.58
BAT_006,1200,4.0035,1.007,24.74
BAT_006,1220,4.0034,0.9998,24.68
BAT_006,1240,4.0022,0.9935,24.74
BAT_006,1260,4.0048,0.9946,24.75
BAT_006,1280,4.0026,0.9982,24.6
BAT_006,1300,4.0021,0.9998,24.73
BAT_006,1320,4.0039,1.007,24.66
BAT_006,1340,4.0003,1.0064,24.7
BAT_006,1360,4.0,0.9983,24.74
BAT_006,1380,4.0024,1.004,24.74
BAT_006,1400,4.002,1.0047,24.79
BAT_006,1420,4.0037,1.0006,24.74
BAT_006,1440,4.0009,1.0032,24.73
BAT_006,1460,4.0039,0.996,24.78
BAT_006,1480,3.9994,0.9979,24.77
BAT_006,1500,4.0034,0.9958,24.74
BAT_006,1520,3.9983,0.995,24.86
BAT_006,1540,3.9969,1.001,24.81
BAT_006,1560,4.0007,1.0074,24.83
BAT_006,1580,3.9984,0.9991,24.84
BAT_006,1600,3.9982,0.9975,24.84
BAT_006,1620,3.9987,1.0095,24.81
BAT_006,1640,4.0001,0.9956,24.84
BAT_006,1660,3.9997,0.9986,24.87
BAT_006,1680,3.9987,1.0059,24.81
BAT_006,1700,3.9992,1.0055,24.86
BAT_006,1720,4.0,1.0014,24.92
BAT_006,1740,4.0054,0.999,24.91
BAT_006,1760,3.9978,0.9974,25.0
BAT_006,1780,4.0011,1.0028,24.87
BAT_006,1800,4.0033,1.009,24.92
BAT_006,1820,3.9973,1.0023,25.02
BAT_006,1840,3.9978,0.9968,24.93
BAT_006,1860,3.9935,1.0044,24.95
BAT_006,1880,4.0,1.002,24.97
BAT_006,1900,3.9977,0.9922,24.97
BAT_006,1920,3.998,1.0058,25.0
BAT_006,1940,3.9955,1.0001,25.0
BAT_006,1960,3.9996,0.9976,24.9
BAT_006,1980,3.9957,0.9983,25.07
BAT_006,2000,3.998,0.9933,25.05
BAT_007,0,4.1561,0.9981,25.27
BAT_007,20,4.1529,0.9963,25.46
BAT_007,40,4.1435,1.0042,25.36
BAT_007,60,4.1403,1.0094,25.42
BAT_007,80,4.1335,1.0044,25.3
BAT_007,100,4.1321,0.9975,25.42
BAT_007,120,4.1288,0.9989,25.37
BAT_007,140,4.1234,0.9975,25.37
BAT_007,160,4.1206,0.9978,25.35
BAT_007,180,4.1157,1.0059,25.39
BAT_007,200,4.1138,1.0073,25.35
BAT_007,220,4.1112,1.0095,25.35
BAT_007,240,4.1075,1.0004,25.45
BAT_007,260,4.1066,1.0018,25.42
BAT_007,280,4.1067,0.9935,25.42
BAT_007,300,4.1036,0.9976,25.49
BAT_007,320,4.1049,0.9965,25.41
BAT_007,340,4.1011,1.0074,25.37
BAT_007,360,4.0998,1.0009,25.42
BAT_007,380,4.0962,0.9942,25.38
BAT_007,400,4.0956,1.0129,25.47
BAT_007,420,4.098,1.0015,25.37
BAT_007,440,4.0976,0.9979,25.35
BAT_007,460,4.0892,0.9943,25.43
BAT_007,480,4.0956,0.9959,25.44
BAT_007,500,4.095,1.006,25.4
BAT_007,520,4.0957,0.9996,25.46
BAT_007,540,4.093,1.002,25.46
BAT_007,560,4.0926,0.9983,25.45
BAT_007,580,4.0892,1.0024,25.54
BAT_007,600,4.0905,1.0134,25.53
BAT_007,620,4.0907,0.9998,25.54
BAT_007,640,4.0877,1.0061,25.47
BAT_007,660,4.0869,0.9935,25.53
BAT_007,680,4.0893,1.0006,25.52
BAT_007,700,4.0889,1.0014,25.55
BAT_007,720,4.0898,1.0009,25.54
BAT_007,740,4.0927,0.9971,25.54
BAT_007,760,4.0876,0.9902,25.47
BAT_007,780,4.0857,1.0022,25.62
BAT_007,800,4.0847,0.9965,25.52
BAT_007,820,4.0872,0.9918,25.54
BAT_007,840,4.0894,0.9988,25.52
BAT_007,860,4.0852,1.0041,25.49
BAT_007,880,4.0901,0.9981,25.62
BAT_007,900,4.087,0.9989,25.55
BAT_007,920,4.0878,0.9873,25.54
BAT_007,940,4.0829,1.0069,25.65
BAT_007,960,4.0906,0.998,25.63
BAT_007,980,4.0858,1.0102,25.59
BAT_007,1000,4.0869,1.0063,25.61
BAT_007,1020,4.0846,0.9971,25.57
BAT_007,1040,4.0839,1.0024,25.57
BAT_007,1060,4.0861,0.994,25.69
BAT_007,1080,4.0856,1.0048,25.6
BAT_007,1100,4.0851,0.9976,25.64
BAT_007,1120,4.0882,0.9984,25.72
BAT_007,1140,4.0887,1.0055,25.78
BAT_007,1160,4.0823,0.9992,25.71
BAT_007,1180,4.0832,0.9942,25.62
BAT_007,1200,4.0857,0.9947,25.68
BAT_007,1220,4.0866,1.0034,25.68
BAT_007,1240,4.085,1.0024,25.63
BAT_007,1260,4.0842,0.9983,25.71
BAT_007,1280,4.0824,0.9989,25.72
BAT_007,1300,4.0833,1.0049,25.62
BAT_007,1320,4.0831,1.0083,25.69
BAT_007,1340,4.0866,0.9997,25.67
BAT_007,1360,4.0869,1.0017,25.64
BAT_007,1380,4.0834,1.0025,25.72
BAT_007,1400,4.0828,1.0067,25.69
BAT_007,1420,4.0844,1.0044,25.81
BAT_007,1440,4.0835,1.0011,25.71
BAT_007,1460,4.084,1.0106,25.7
BAT_007,1480,4.0865,0.9973,25.79
BAT_007,1500,4.0806,1.0036,25.72
BAT_007,1520,4.0819,0.9986,25.74
BAT_007,1540,4.0829,0.9951,25.76
BAT_007,1560,4.0839,1.0007,25.8
BAT_007,1580,4.0808,1.0,25.78
BAT_007,1600,4.0832,1.002,25.8
BAT_007,1620,4.0808,1.0049,25.82
BAT_007,1640,4.0819,0.997,25.69
BAT_007,1660,4.085,1.0026,25.76
BAT_007,1680,4.084,0.9988,25.81
BAT_007,1700,4.0824,0.9965,25.72
BAT_007,1720,4.0871,0.9867,25.78
BAT_007,1740,4.0815,0.9955,25.81
BAT_007,1760,4.0819,1.004,25.77
BAT_007,1780,4.0854,1.0024,25.85
BAT_007,1800,4.0846,0.9946,25.75
BAT_007,1820,4.0828,0.9993,25.89
BAT_007,1840,4.0829,0.9895,25.78
BAT_007,1860,4.082,1.0014,25.84
BAT_007,1880,4.0827,1.0039,25.91
BAT_007,1900,4.0789,0.9959,25.88
BAT_007,1920,4.0811,1.0021,25.87
BAT_007,1940,4.0816,0.9983,25.79
BAT_007,1960,4.0821,1.002,25.86
BAT_007,1980,4.0845,0.9981,25.81
BAT_007,2000,4.0827,1.0023,25.79
BAT_008,0,4.0644,1.0099,25.84
BAT_008,20,4.0433,0.9937,25.76
BAT_008,40,4.0353,1.0,25.85
BAT_008,60,4.0256,0.9959,25.81
BAT_008,80,4.0149,1.0017,25.83
BAT_008,100,3.9969,0.9924,25.77
BAT_008,120,3.9921,1.0002,25.95
BAT_008,140,3.9834,0.9965,25.88
BAT_008,160,3.98,0.9912,25.95
BAT_008,180,3.9695,1.0031,25.93
BAT_008,200,3.9643,1.0041,25.96
BAT_008,220,3.9568,0.9991,25.94
BAT_008,240,3.9523,0.9985,26.01
BAT_008,260,3.9508,1.0065,25.99
BAT_008,280,3.9452,1.0015,26.07
BAT_008,300,3.9402,1.0013,26.03
BAT_008,320,3.9352,1.0044,26.13
BAT_008,340,3.9349,1.0022,26.09
BAT_008,360,3.9299,0.9911,26.13
BAT_008,380,3.9286,0.9972,26.07
BAT_008,400,3.9284,0.991,26.22
BAT_008,420,3.925,1.0119,26.11
BAT_008,440,3.9217,0.9975,26.17
BAT_008,460,3.9195,0.9963,26.23
BAT_008,480,3.9167,0.9975,26.22
BAT_008,500,3.9157,0.9978,26.23
BAT_008,520,3.9147,0.9938,26.22
BAT_008,540,3.9138,1.0085,26.19
BAT_008,560,3.915,0.9961,26.24
BAT_008,580,3.9114,1.0014,26.32
BAT_008,600,3.9145,0.9968,26.36
BAT_008,620,3.9122,1.0041,26.27
BAT_008,640,3.9111,0.9995,26.34
BAT_008,660,3.908,1.0033,26.4
BAT_008,680,3.9102,0.999,26.41
BAT_008,700,3.9101,0.9953,26.45
BAT_008,720,3.904,1.0027,26.42
BAT_008,740,3.9091,1.0014,26.38
BAT_008,760,3.904,0.9937,26.46
BAT_008,780,3.9046,0.9964,26.46
BAT_008,800,3.9031,0.9978,26.43
BAT_008,820,3.9075,1.0073,26.46
BAT_008,840,3.9007,1.0014,26.49
BAT_008,860,3.9041,1.0028,26.48
BAT_008,880,3.9049,1.0042,26.53
BAT_008,900,3.9019,0.9976,26.57
BAT_008,920,3.9002,0.9992,26.51
BAT_008,940,3.8993,1.003,26.56
BAT_008,960,3.9019,1.0044,26.51
BAT_008,980,3.9014,1.0014,26.64
BAT_008,1000,3.8991,1.0036,26.62
BAT_008,1020,3.9038,1.0057,26.66
BAT_008,1040,3.9051,1.0,26.62
BAT_008,1060,3.8999,0.9953,26.66
BAT_008,1080,3.8966,0.9996,26.7
BAT_008,1100,3.9021,0.9983,26.76
BAT_008,1120,3.8986,0.9993,26.62
BAT_008,1140,3.8982,0.996,26.8
BAT_008,1160,3.9005,0.9946,26.77
BAT_008,1180,3.9002,0.9989,26.76
BAT_008,1200,3.8985,0.9974,26.69
BAT_008,1220,3.8987,1.0063,26.86
BAT_008,1240,3.8982,0.9964,26.8
BAT_008,1260,3.9003,1.0017,26.79
BAT_008,1280,3.8991,0.999,26.86
BAT_008,1300,3.8974,0.9928,26.86
BAT_008,1320,3.8995,0.9946,26.87
BAT_008,1340,3.8995,0.9982,26.86
BAT_008,1360,3.9016,1.004,26.95
BAT_008,1380,3.8956,1.008,26.84
BAT_008,1400,3.8963,1.0036,27.0
BAT_008,1420,3.8953,0.9968,26.96
BAT_008,1440,3.8932,1.0031,27.0
BAT_008,1460,3.8959,1.0026,27.02
BAT_008,1480,3.8972,1.0025,27.07
BAT_008,1500,3.8955,1.0008,26.99
BAT_008,1520,3.8983,0.998,27.06
BAT_008,1540,3.8964,1.0003,27.13
BAT_008,1560,3.8958,1.0069,27.1
BAT_008,1580,3.8984,0.9992,27.13
BAT_008,1600,3.8971,0.997,27.11
BAT_008,1620,3.8953,0.9998,27.18
BAT_008,1640,3.894,0.9919,27.04
BAT_008,1660,3.8943,0.9969,27.15
BAT_008,1680,3.8961,1.0085,27.18
BAT_008,1700,3.8958,0.9965,27.21
BAT_008,1720,3.8973,1.0065,27.1
BAT_008,1740,3.8963,1.0076,27.25
BAT_008,1760,3.8915,0.9985,27.25
BAT_008,1780,3.895,0.9961,27.2
BAT_008,1800,3.896,0.9936,27.33
BAT_008,1820,3.894,1.0014,27.21
BAT_008,1840,3.8926,1.0033,27.22
BAT_008,1860,3.8976,0.9932,27.25
BAT_008,1880,3.8935,1.0023,27.36
BAT_008,1900,3.8926,0.999,27.33
BAT_008,1920,3.892,0.9876,27.4
BAT_008,1940,3.8935,1.0008,27.34
BAT_008,1960,3.8933,0.9999,27.38
BAT_008,1980,3.8948,0.9917,27.42
BAT_008,2000,3.8905,0.9985,27.49
BAT_009,0,4.0711,0.9939,24.77
BAT_009,20,4.054,0.9994,24.71
BAT_009,40,4.0393,1.0029,24.83
BAT_009,60,4.0247,0.9987,24.84
BAT_009,80,4.0091,0.9964,24.89
BAT_009,100,3.9981,0.9979,24.79
BAT_009,120,3.9913,1.0065,24.93
BAT_009,140,3.9765,0.9987,24.89
BAT_009,160,3.9692,0.9995,24.81
BAT_009,180,3.9638,1.0052,24.79
BAT_009,200,3.9532,0.9976,24.95
BAT_009,220,3.9467,1.0014,24.96
BAT_009,240,3.9473,1.0024,25.03
BAT_009,260,3.9373,1.0094,24.95
BAT_009,280,3.9306,0.9962,24.92
BAT_009,300,3.9274,1.0055,24.93
BAT_009,320,3.9222,0.999,24.91
BAT_009,340,3.9156,0.996,25.0
BAT_009,360,3.9125,1.0039,25.1
BAT_009,380,3.9089,0.9996,25.13
BAT_009,400,3.909,1.0058,25.07
BAT_009,420,3.9043,1.0019,24.97
BAT_009,440,3.9035,1.002,25.17
BAT_009,460,3.9044,1.0027,25.1
BAT_009,480,3.8995,1.0014,25.15
BAT_009,500,3.8976,0.9881,25.14
BAT_009,520,3.8977,1.0072,25.26
BAT_009,540,3.901,1.0078,25.2
BAT_009,560,3.8955,0.9994,25.17
BAT_009,580,3.8907,1.0071,25.26
BAT_009,600,3.8891,1.0038,25.25
BAT_009,620,3.8912,1.006,25.22
BAT_009,640,3.8898,0.9908,25.29
BAT_009,660,3.8881,1.0037,25.26
BAT_009,680,3.8908,1.0107,25.34
BAT_009,700,3.8877,1.0047,25.32
BAT_009,720,3.8865,1.0054,25.34
BAT_009,740,3.8868,0.9944,25.4
BAT_009,760,3.8863,1.0068,25.47
BAT_009,780,3.8871,0.9947,25.43
BAT_009,800,3.8822,1.0,25.58
BAT_009,820,3.8841,0.9961,25.42
BAT_009,840,3.8836,1.0058,25.44
BAT_009,860,3.8825,1.0001,25.47
BAT_009,880,3.8819,0.9948,25.43
BAT_009,900,3.8791,0.9943,25.57
BAT_009,920,3.8812,0.9966,25.52
BAT_009,940,3.8838,0.9984,25.48
BAT_009,960,3.883,0.999,25.56
BAT_009,980,3.8798,0.9976,25.59
BAT_009,1000,3.8775,0.9972,25.62
BAT_009,1020,3.8818,0.9983,25.56
BAT_009,1040,3.8818,1.0006,25.64
BAT_009,1060,3.8815,0.9952,25.57
BAT_009,1080,3.8769,1.0031,25.68
BAT_009,1100,3.8847,1.006,25.61
BAT_009,1120,3.8808,0.9976,25.66
BAT_009,1140,3.8771,0.9895,25.7
BAT_009,1160,3.8778,1.0017,25.75
BAT_009,1180,3.8772,0.999,25.74
BAT_009,1200,3.8744,1.0007,25.82
BAT_009,1220,3.8781,1.0015,25.8
BAT_009,1240,3.8769,0.9936,25.84
BAT_009,1260,3.8773,1.0102,25.77
BAT_009,1280,3.8752,0.9979,25.73
BAT_009,1300,3.8793,0.9942,25.71
BAT_009,1320,3.8764,1.0061,25.68
BAT_009,1340,3.8771,1.0028,25.91
BAT_009,1360,3.8742,0.9958,25.89
BAT_009,1380,3.8765,0.9886,25.86
BAT_009,1400,3.8751,0.9993,25.86
BAT_009,1420,3.8728,0.9968,25.93
BAT_009,1440,3.8751,1.0042,26.04
BAT_009,1460,3.8736,0.9978,25.91
BAT_009,1480,3.8767,1.0075,25.95
BAT_009,1500,3.8739,0.9889,26.0
BAT_009,1520,3.873,1.0048,26.09
BAT_009,1540,3.8711,0.9976,25.99
BAT_009,1560,3.873,1.0016,26.03
BAT_009,1580,3.8699,1.0034,26.03
BAT_009,1600,3.876,1.003,26.08
BAT_009,1620,3.8745,1.0009,26.1
BAT_009,1640,3.8736,1.0027,26.03
BAT_009,1660,3.8731,0.9995,26.1
BAT_009,1680,3.8758,1.0044,26.13
BAT_009,1700,3.8745,1.0008,26.15
BAT_009,1720,3.8722,0.9932,26.16
BAT_009,1740,3.8728,0.9971,26.23
BAT_009,1760,3.8695,1.0059,26.23
BAT_009,1780,3.873,0.9854,26.11
BAT_009,1800,3.8746,1.0008,26.22
BAT_009,1820,3.8704,1.0067,26.22
BAT_009,1840,3.8733,0.9976,26.16
BAT_009,1860,3.8715,1.0008,26.29
BAT_009,1880,3.8734,1.0025,26.25
BAT_009,1900,3.8697,1.0035,26.26
BAT_009,1920,3.8671,1.008,26.44
BAT_009,1940,3.8692,0.9984,26.27
BAT_009,1960,3.8678,0.9987,26.36
BAT_009,1980,3.8684,0.9942,26.3
BAT_009,2000,3.869,0.9956,26.37
BAT_010,0,4.0521,1.0045,25.3
BAT_010,20,4.0346,1.0083,25.27
BAT_010,40,4.019,0.9992,25.19
BAT_010,60,4.0034,0.9929,25.33
BAT_010,80,3.984,0.9953,25.4
BAT_010,100,3.9699,1.0036,25.38
BAT_010,120,3.9662,1.004,25.34
BAT_010,140,3.9522,1.0086,25.47
BAT_010,160,3.9423,1.009,25.42
BAT_010,180,3.9356,0.9961,25.41
BAT_010,200,3.9264,0.9922,25.53
BAT_010,220,3.916,1.0052,25.48
BAT_010,240,3.9112,1.0078,25.5
BAT_010,260,3.9058,1.0047,25.48
BAT_010,280,3.9022,0.9982,25.63
BAT_010,300,3.8898,1.0001,25.56
BAT_010,320,3.8888,1.0078,25.53
BAT_010,340,3.8881,0.9992,25.58
BAT_010,360,3.8842,1.0101,25.61
BAT_010,380,3.8801,1.0044,25.53
BAT_010,400,3.8738,1.0004,25.66
BAT_010,420,3.8751,0.9904,25.66
BAT_010,440,3.8711,1.0008,25.63
BAT_010,460,3.8685,1.0011,25.77
BAT_010,480,3.8662,1.001,25.69
BAT_010,500,3.8664,0.9986,25.72
BAT_010,520,3.8659,0.995,25.83
BAT_010,540,3.8601,1.0011,25.72
BAT_010,560,3.8621,0.9975,25.75
BAT_010,580,3.8571,1.0091,25.79
BAT_010,600,3.8574,0.9994,25.83
BAT_010,620,3.8587,1.005,25.79
BAT_010,640,3.8545,0.9998,25.86
BAT_010,660,3.8555,0.9989,25.99
BAT_010,680,3.8572,1.006,25.9
BAT_010,700,3.8546,1.0001,25.86
BAT_010,720,3.8517,0.9848,25.91
BAT_010,740,3.8479,0.9982,25.99
BAT_010,760,3.8508,1.0096,25.97
BAT_010,780,3.8518,0.9994,26.08
BAT_010,800,3.8512,1.0039,26.03
BAT_010,820,3.8506,0.9993,26.13
BAT_010,840,3.8498,1.0038,26.06
BAT_010,860,3.848,1.0013,26.05
BAT_010,880,3.8483,0.9975,26.15
BAT_010,900,3.8507,0.9997,26.12
BAT_010,920,3.8491,0.9952,26.13
BAT_010,940,3.8486,1.0069,26.23
BAT_010,960,3.8438,1.0057,26.14
BAT_010,980,3.846,1.0059,26.28
BAT_010,1000,3.8453,0.9981,26.07
BAT_010,1020,3.8466,0.9934,26.3
BAT_010,1040,3.8463,1.0078,26.28
BAT_010,1060,3.8425,1.0036,26.26
BAT_010,1080,3.8423,0.9973,26.25
BAT_010,1100,3.842,0.9973,26.28
BAT_010,1120,3.8419,0.9966,26.39
BAT_010,1140,3.8407,1.0064,26.38
BAT_010,1160,3.8393,0.9989,26.39
BAT_010,1180,3.8445,0.9994,26.34
BAT_010,1200,3.8395,1.008,26.45
BAT_010,1220,3.8401,0.9903,26.44
BAT_010,1240,3.8407,1.0053,26.37
BAT_010,1260,3.8404,1.0055,26.3
BAT_010,1280,3.8384,1.0077,26.53
BAT_010,1300,3.8406,1.0026,26.53
BAT_010,1320,3.843,0.9987,26.5
BAT_010,1340,3.8404,0.9973,26.64
BAT_010,1360,3.8396,0.9937,26.48
BAT_010,1380,3.8398,1.0043,26.62
BAT_010,1400,3.8388,0.9934,26.65
BAT_010,1420,3.8388,1.0034,26.59
BAT_010,1440,3.8379,0.9976,26.72
BAT_010,1460,3.8395,1.0041,26.64
BAT_010,1480,3.8399,0.9946,26.62
BAT_010,1500,3.8404,1.0054,26.73
BAT_010,1520,3.8392,0.9927,26.73
BAT_010,1540,3.8372,0.9958,26.75
BAT_010,1560,3.8373,0.9998,26.76
BAT_010,1580,3.8383,1.0067,26.76
BAT_010,1600,3.8407,1.0033,26.78
BAT_010,1620,3.8379,1.0053,26.76
BAT_010,1640,3.8375,1.0022,26.85
BAT_010,1660,3.8393,0.9989,26.88
BAT_010,1680,3.8331,0.999,26.83
BAT_010,1700,3.8405,1.0022,26.95
BAT_010,1720,3.8367,0.997,26.89
BAT_010,1740,3.8372,1.0097,26.98
BAT_010,1760,3.8387,1.0097,26.94
BAT_010,1780,3.8358,0.9991,27.0
BAT_010,1800,3.8401,1.0048,27.02
BAT_010,1820,3.8345,1.0032,27.08
BAT_010,1840,3.8347,1.0006,27.01
BAT_010,1860,3.8314,0.9955,27.03
BAT_010,1880,3.8334,1.0031,27.07
BAT_010,1900,3.8371,1.002,27.14
BAT_010,1920,3.8376,1.0036,27.11
BAT_010,1940,3.8356,1.0059,27.16
BAT_010,1960,3.8339,0.9976,27.19
BAT_010,1980,3.8336,1.0005,27.2
BAT_010,2000,3.8321,1.0058,27.19
BAT_011,0,3.9113,1.0028,24.87
BAT_011,20,3.878,0.9999,24.91
BAT_011,40,3.8481,0.9997,24.95
BAT_011,60,3.821,1.0099,24.88
BAT_011,80,3.7957,0.9986,24.98
BAT_011,100,3.7729,1.0095,25.04
BAT_011,120,3.7503,0.9999,25.08
BAT_011,140,3.738,1.002,25.04
BAT_011,160,3.7207,0.9934,25.12
BAT_011,180,3.7016,1.0067,25.18
BAT_011,200,3.6946,0.9985,25.17
BAT_011,220,3.677,1.0057,25.16
BAT_011,240,3.6681,0.9982,25.28
BAT_011,260,3.657,0.996,25.26
BAT_011,280,3.6438,0.9954,25.29
BAT_011,300,3.6408,0.9978,25.36
BAT_011,320,3.6307,0.9935,25.42
BAT_011,340,3.628,1.003,25.48
BAT_011,360,3.6191,1.0048,25.56
BAT_011,380,3.6088,0.9966,25.41
BAT_011,400,3.607,0.9981,25.49
BAT_011,420,3.6031,1.0093,25.63
BAT_011,440,3.6013,1.0006,25.62
BAT_011,460,3.5967,1.0049,25.68
BAT_011,480,3.5896,0.9979,25.63
BAT_011,500,3.5894,0.9958,25.71
BAT_011,520,3.5844,0.9995,25.72
BAT_011,540,3.5819,0.9964,25.77
BAT_011,560,3.5812,0.9973,25.86
BAT_011,580,3.5787,1.0091,25.79
BAT_011,600,3.5775,1.0052,25.94
BAT_011,620,3.5741,0.9994,25.95
BAT_011,640,3.5707,0.9977,25.91
BAT_011,660,3.5677,0.9994,25.89
BAT_011,680,3.5677,0.9932,26.04
BAT_011,700,3.5684,1.0062,26.12
BAT_011,720,3.5674,1.0118,26.07
BAT_011,740,3.5614,0.9993,26.06
BAT_011,760,3.5646,0.9885,26.15
BAT_011,780,3.5627,1.0032,26.22
BAT_011,800,3.5577,0.9979,26.21
BAT_011,820,3.5599,1.0031,26.32
BAT_011,840,3.5555,1.0016,26.39
BAT_011,860,3.5598,1.0014,26.36
BAT_011,880,3.556,1.0069,26.32
BAT_011,900,3.5573,1.0014,26.35
BAT_011,920,3.5553,0.9998,26.39
BAT_011,940,3.5546,0.9959,26.51
BAT_011,960,3.5546,1.0052,26.52
BAT_011,980,3.5536,0.9935,26.51
BAT_011,1000,3.5525,0.9977,26.55
BAT_011,1020,3.5511,0.9979,26.55
BAT_011,1040,3.5504,0.9948,26.68
BAT_011,1060,3.5514,1.0026,26.7
BAT_011,1080,3.5496,1.0056,26.61
BAT_011,1100,3.5486,1.0004,26.81
BAT_011,1120,3.5515,1.0043,26.8
BAT_011,1140,3.5478,0.9994,26.77
BAT_011,1160,3.5486,0.9942,26.82
BAT_011,1180,3.547,1.0025,26.84
BAT_011,1200,3.5482,1.0026,26.93
BAT_011,1220,3.5487,0.9957,26.94
BAT_011,1240,3.5464,1.0054,26.95
BAT_011,1260,3.5469,0.9937,26.99
BAT_011,1280,3.5445,1.0,27.01
BAT_011,1300,3.5453,1.0012,27.03
BAT_011,1320,3.5465,0.9973,27.21
BAT_011,1340,3.5469,1.0033,27.15
BAT_011,1360,3.5469,1.0017,27.1
BAT_011,1380,3.5452,1.0014,27.09
BAT_011,1400,3.5401,1.0067,27.26
BAT_011,1420,3.5418,0.9914,27.23
BAT_011,1440,3.5458,0.9891,27.34
BAT_011,1460,3.5471,1.0008,27.3
BAT_011,1480,3.5431,1.0032,27.4
BAT_011,1500,3.5413,0.9925,27.44
BAT_011,1520,3.5428,1.0021,27.48
BAT_011,1540,3.5412,1.0044,27.66
BAT_011,1560,3.5395,1.0015,27.46
BAT_011,1580,3.5367,1.0001,27.62
BAT_011,1600,3.538,0.9978,27.56
BAT_011,1620,3.5367,0.9932,27.63
BAT_011,1640,3.5383,0.9991,27.61
BAT_011,1660,3.5415,1.0111,27.65
BAT_011,1680,3.5355,1.0062,27.8
BAT_011,1700,3.5421,0.9958,27.76
BAT_011,1720,3.5339,1.0022,27.73
BAT_011,1740,3.5339,1.0037,27.85
BAT_011,1760,3.5331,0.9961,27.99
BAT_011,1780,3.5319,0.9976,28.0
BAT_011,1800,3.5398,1.0009,27.9
BAT_011,1820,3.5367,0.9969,27.99
BAT_011,1840,3.5377,1.0005,28.06
BAT_011,1860,3.5378,0.9959,28.02
BAT_011,1880,3.533,1.0019,27.98
BAT_011,1900,3.5326,0.9891,28.13
BAT_011,1920,3.5324,1.0062,28.18
BAT_011,1940,3.5348,0.9961,28.1
BAT_011,1960,3.5314,1.0001,28.2
BAT_011,1980,3.5328,1.0001,28.31
BAT_011,2000,3.5352,0.9941,28.31
BAT_012,0,4.0457,1.0002,26.02
BAT_012,20,4.0266,0.9965,26.04
BAT_012,40,4.0096,0.9986,26.05
BAT_012,60,3.9961,1.004,26.08
BAT_012,80,3.9772,1.0042,26.05
BAT_012,100,3.9665,1.0093,26.09
BAT_012,120,3.954,1.0082,25.99
BAT_012,140,3.9459,1.0004,26.12
BAT_012,160,3.9358,1.0002,26.19
BAT_012,180,3.9261,0.9932,26.08
BAT_012,200,3.9149,0.9992,26.08
BAT_012,220,3.9124,0.9977,26.18
BAT_012,240,3.9049,0.9948,26.23
BAT_012,260,3.8998,1.0034,26.21
BAT_012,280,3.8969,0.9981,26.16
BAT_012,300,3.8938,0.9965,26.32
BAT_012,320,3.8871,0.9923,26.27
BAT_012,340,3.8861,1.0012,26.31
BAT_012,360,3.8778,0.9969,26.34
BAT_012,380,3.8739,0.9998,26.28
BAT_012,400,3.8707,1.0054,26.32
BAT_012,420,3.874,1.0005,26.36
BAT_012,440,3.8681,1.0052,26.35
BAT_012,460,3.8658,1.0,26.28
BAT_012,480,3.8594,0.9974,26.39
BAT_012,500,3.8606,0.9989,26.38
BAT_012,520,3.8582,1.0106,26.51
BAT_012,540,3.8557,0.9955,26.51
BAT_012,560,3.8555,1.0036,26.46
BAT_012,580,3.8556,0.9949,26.56
BAT_012,600,3.8539,1.0026,26.5
BAT_012,620,3.8523,0.9983,26.52
BAT_012,640,3.8533,0.9954,26.46
BAT_012,660,3.8455,0.993,26.58
BAT_012,680,3.8473,0.9986,26.56
BAT_012,700,3.8501,0.9964,26.53
BAT_012,720,3.8444,0.9938,26.67
BAT_012,740,3.8457,1.0033,26.66
BAT_012,760,3.844,1.0087,26.74
BAT_012,780,3.8439,0.9959,26.66
BAT_012,800,3.8456,1.0012,26.69
BAT_012,820,3.844,1.0061,26.67
BAT_012,840,3.8406,0.9983,26.75
BAT_012,860,3.841,1.005,26.68
BAT_012,880,3.8452,1.0015,26.75
BAT_012,900,3.8423,1.0002,26.71
BAT_012,920,3.8416,0.9977,26.87
BAT_012,940,3.8382,1.0108,26.9
BAT_012,960,3.8387,1.0056,26.88
BAT_012,980,3.8429,0.9916,26.83
BAT_012,1000,3.8362,1.0016,26.91
BAT_012,1020,3.8398,0.9919,26.93
BAT_012,1040,3.8415,1.0048,26.84
BAT_012,1060,3.8409,0.9957,26.89
BAT_012,1080,3.8395,1.0052,26.89
BAT_012,1100,3.8412,1.0064,26.87
BAT_012,1120,3.8413,0.9992,27.02
BAT_012,1140,3.8368,0.9897,27.01
BAT_012,1160,3.8385,0.9967,27.01
BAT_012,1180,3.8369,1.0014,27.03
BAT_012,1200,3.8344,0.9958,26.97
BAT_012,1220,3.8386,1.0026,27.1
BAT_012,1240,3.8362,1.0029,27.12
BAT_012,1260,3.8424,1.0028,27.16
BAT_012,1280,3.8361,0.9983,27.2
BAT_012,1300,3.8381,0.9965,27.21
BAT_012,1320,3.8346,1.0009,27.1
BAT_012,1340,3.8335,0.9996,27.22
BAT_012,1360,3.8351,0.9959,27.25
BAT_012,1380,3.8365,0.9987,27.28
BAT_012,1400,3.836,1.0089,27.32
BAT_012,1420,3.8358,1.0054,27.26
BAT_012,1440,3.833,0.9862,27.27
BAT_012,1460,3.8327,0.9964,27.35
BAT_012,1480,3.8353,0.9944,27.32
BAT_012,1500,3.8333,1.0113,27.39
BAT_012,1520,3.8338,1.0008,27.41
BAT_012,1540,3.8348,0.9963,27.43
BAT_012,1560,3.8335,0.9992,27.35
BAT_012,1580,3.8354,1.0081,27.39
BAT_012,1600,3.8355,1.0038,27.4
BAT_012,1620,3.8342,1.0013,27.34
BAT_012,1640,3.8363,0.9938,27.49
BAT_012,1660,3.8334,0.9989,27.43
BAT_012,1680,3.8345,0.9979,27.46
BAT_012,1700,3.8309,0.9949,27.39
BAT_012,1720,3.8345,1.0051,27.48
BAT_012,1740,3.8331,1.0064,27.56
BAT_012,1760,3.8327,1.0001,27.54
BAT_012,1780,3.832,0.9995,27.59
BAT_012,1800,3.828,0.9996,27.51
BAT_012,1820,3.8323,1.008,27.63
BAT_012,1840,3.8297,1.0002,27.62
BAT_012,1860,3.8307,0.9931,27.69
BAT_012,1880,3.8309,0.9917,27.71
BAT_012,1900,3.8284,0.9936,27.62
BAT_012,1920,3.8297,0.9955,27.66
BAT_012,1940,3.8294,1.0043,27.78
BAT_012,1960,3.8319,0.9981,27.69
BAT_012,1980,3.8328,1.0015,27.76
BAT_012,2000,3.8277,1.003,27.74
BAT_013,0,3.951,1.0108,24.23
BAT_013,20,3.9227,0.9883,24.3
BAT_013,40,3.8991,0.9995,24.23
BAT_013,60,3.8785,0.9911,24.31
BAT_013,80,3.8572,1.0015,24.4
BAT_013,100,3.8384,1.0005,24.41
BAT_013,120,3.819,0.9986,24.4
BAT_013,140,3.8089,0.996,24.47
BAT_013,160,3.7942,0.9926,24.38
BAT_013,180,3.7782,1.0007,24.5
BAT_013,200,3.7713,1.0041,24.49
BAT_013,220,3.7618,1.0041,24.57
BAT_013,240,3.7514,0.9936,24.59
BAT_013,260,3.7401,0.9941,24.59
BAT_013,280,3.7348,0.9997,24.62
BAT_013,300,3.7256,1.0009,24.63
BAT_013,320,3.7185,1.0005,24.77
BAT_013,340,3.7148,0.9947,24.79
BAT_013,360,3.7139,0.9985,24.74
BAT_013,380,3.7062,1.0147,24.79
BAT_013,400,3.7034,1.0022,24.72
BAT_013,420,3.6953,0.9939,24.87
BAT_013,440,3.6942,1.0089,24.86
BAT_013,460,3.6913,1.0004,24.91
BAT_013,480,3.6923,1.0014,25.01
BAT_013,500,3.6876,0.997,25.0
BAT_013,520,3.6818,1.0005,25.0
BAT_013,540,3.6803,0.9977,25.1
BAT_013,560,3.6776,1.0035,25.14
BAT_013,580,3.6775,1.0051,25.15
BAT_013,600,3.6766,1.0086,25.04
BAT_013,620,3.6768,1.0001,25.06
BAT_013,640,3.6701,0.993,25.17
BAT_013,660,3.667,0.995,25.22
BAT_013,680,3.669,0.996,25.22
BAT_013,700,3.6673,1.0004,25.26
BAT_013,720,3.666,1.0044,25.21
BAT_013,740,3.6644,1.0007,25.3
BAT_013,760,3.6634,0.9978,25.36
BAT_013,780,3.6661,0.9991,25.37
BAT_013,800,3.6635,0.9988,25.32
BAT_013,820,3.6625,0.9981,25.41
BAT_013,840,3.6625,1.0002,25.44
BAT_013,860,3.6562,0.9914,25.5
BAT_013,880,3.6597,1.0022,25.54
BAT_013,900,3.6584,0.9937,25.51
BAT_013,920,3.6585,0.9943,25.63
BAT_013,940,3.6555,0.991,25.61
BAT_013,960,3.6541,1.0081,25.6
BAT_013,980,3.6571,0.9988,25.64
BAT_013,1000,3.6531,0.9907,25.75
BAT_013,1020,3.6583,1.0108,25.67
BAT_013,1040,3.6569,0.9999,25.81
BAT_013,1060,3.6543,1.0036,25.84
BAT_013,1080,3.6561,1.0072,25.82
BAT_013,1100,3.6576,0.9965,25.94
BAT_013,1120,3.6486,1.0001,25.85
BAT_013,1140,3.6538,1.0052,25.95
BAT_013,1160,3.6536,1.0085,25.88
BAT_013,1180,3.6514,1.0075,26.0
BAT_013,1200,3.6485,1.0017,25.95
BAT_013,1220,3.6553,1.0057,26.01
BAT_013,1240,3.6546,0.9958,26.11
BAT_013,1260,3.6528,0.9994,26.03
BAT_013,1280,3.6507,0.9886,26.1
BAT_013,1300,3.6473,1.0061,26.11
BAT_013,1320,3.6458,1.0029,26.21
BAT_013,1340,3.6493,1.0106,26.26
BAT_013,1360,3.6501,0.9968,26.1
BAT_013,1380,3.6507,1.0048,26.25
BAT_013,1400,3.6466,0.9998,26.22
BAT_013,1420,3.6491,1.0039,26.41
BAT_013,1440,3.6493,1.001,26.4
BAT_013,1460,3.6513,0.9984,26.34
BAT_013,1480,3.6466,0.9937,26.38
BAT_013,1500,3.6476,1.0017,26.46
BAT_013,1520,3.6477,0.9982,26.51
BAT_013,1540,3.6491,1.0038,26.59
BAT_013,1560,3.6464,0.9987,26.63
BAT_013,1580,3.6471,1.0021,26.56
BAT_013,1600,3.6483,0.998,26.56
BAT_013,1620,3.646,0.9978,26.68
BAT_013,1640,3.6451,1.0006,26.65
BAT_013,1660,3.6462,0.9968,26.75
BAT_013,1680,3.6424,0.9981,26.69
BAT_013,1700,3.6463,1.0002,26.78
BAT_013,1720,3.644,0.9964,26.73
BAT_013,1740,3.6437,0.9973,26.83
BAT_013,1760,3.6448,1.0049,26.84
BAT_013,1780,3.6423,0.9947,26.88
BAT_013,1800,3.6442,1.0097,26.91
BAT_013,1820,3.6468,1.0094,26.88
BAT_013,1840,3.6454,1.0057,27.03
BAT_013,1860,3.6427,1.0048,26.97
BAT_013,1880,3.6422,1.0001,27.11
BAT_013,1900,3.6417,1.0048,27.06
BAT_013,1920,3.6404,1.0012,27.12
BAT_013,1940,3.6401,1.0032,27.08
BAT_013,1960,3.6395,1.0011,27.13
BAT_013,1980,3.639,0.9919,27.17
BAT_013,2000,3.6412,0.9977,27.21
BAT_014,0,4.1062,0.9991,24.14
BAT_014,20,4.0867,0.9997,24.15
BAT_014,40,4.078,1.0115,24.15
BAT_014,60,4.0624,1.0012,24.15
BAT_014,80,4.0519,0.9941,24.17
BAT_014,100,4.0411,1.0021,24.13
BAT_014,120,4.0325,1.0083,24.17
BAT_014,140,4.0263,1.0067,24.2
BAT_014,160,4.0156,0.9983,24.31
BAT_014,180,4.0122,1.0032,24.2
BAT_014,200,4.0034,0.993,24.25
BAT_014,220,3.9991,0.99,24.22
BAT_014,240,3.99,1.0071,24.3
BAT_014,260,3.9881,0.9927,24.33
BAT_014,280,3.9849,0.9921,24.38
BAT_014,300,3.9794,1.0013,24.37
BAT_014,320,3.9739,0.9955,24.27
BAT_014,340,3.9752,1.0005,24.34
BAT_014,360,3.9679,1.0024,24.33
BAT_014,380,3.9712,0.9985,24.36
BAT_014,400,3.9667,1.0006,24.41
BAT_014,420,3.9641,1.0005,24.36
BAT_014,440,3.9627,1.0044,24.43
BAT_014,460,3.9611,0.9934,24.41
BAT_014,480,3.9562,1.0027,24.42
BAT_014,500,3.9542,1.0008,24.46
BAT_014,520,3.953,1.0083,24.45
BAT_014,540,3.9545,1.0006,24.41
BAT_014,560,3.9537,0.9922,24.46
BAT_014,580,3.9513,1.0095,24.56
BAT_014,600,3.9531,0.9956,24.49
BAT_014,620,3.9472,0.9985,24.53
BAT_014,640,3.9509,0.9992,24.6
BAT_014,660,3.9536,0.9904,24.59
BAT_014,680,3.9481,1.0001,24.54
BAT_014,700,3.9454,1.001,24.63
BAT_014,720,3.9424,0.9999,24.67
BAT_014,740,3.9452,1.0028,24.61
BAT_014,760,3.9392,0.9995,24.61
BAT_014,780,3.9406,1.0036,24.75
BAT_014,800,3.9426,1.0076,24.69
BAT_014,820,3.9436,1.0024,24.71
BAT_014,840,3.9435,0.9977,24.75
BAT_014,860,3.9416,0.9936,24.64
BAT_014,880,3.9427,0.9926,24.69
BAT_014,900,3.9399,1.0044,24.67
BAT_014,920,3.9405,0.9968,24.71
BAT_014,940,3.938,1.0067,24.82
BAT_014,960,3.9399,0.9894,24.83
BAT_014,980,3.9402,1.0093,24.77
BAT_014,1000,3.9395,0.9986,24.76
BAT_014,1020,3.9377,1.0099,24.76
BAT_014,1040,3.9402,1.0008,24.69
BAT_014,1060,3.9411,0.9964,24.77
BAT_014,1080,3.9439,1.0021,24.84
BAT_014,1100,3.9414,0.9989,24.83
BAT_014,1120,3.9393,0.9999,24.82
BAT_014,1140,3.938,0.9953,24.83
BAT_014,1160,3.9383,1.0071,24.89
BAT_014,1180,3.9388,0.9983,24.8
BAT_014,1200,3.9376,0.9946,24.87
BAT_014,1220,3.9355,1.001,24.9
BAT_014,1240,3.9397,0.9953,25.02
BAT_014,1260,3.9359,1.0084,24.93
BAT_014,1280,3.9343,1.001,24.93
BAT_014,1300,3.939,1.0047,24.97
BAT_014,1320,3.9392,1.0011,25.04
BAT_014,1340,3.9337,0.9953,24.95
BAT_014,1360,3.9393,0.9982,25.0
BAT_014,1380,3.9383,1.0022,25.0
BAT_014,1400,3.9331,1.0102,25.08
BAT_014,1420,3.9342,0.9971,25.06
BAT_014,1440,3.9355,1.0029,24.99
BAT_014,1460,3.9369,1.0019,25.11
BAT_014,1480,3.9365,1.0071,25.06
BAT_014,1500,3.9353,1.0011,25.14
BAT_014,1520,3.9355,1.0018,25.19
BAT_014,1540,3.9366,1.0021,25.13
BAT_014,1560,3.9379,1.0032,25.13
BAT_014,1580,3.936,0.9983,25.17
BAT_014,1600,3.9351,1.0128,25.23
BAT_014,1620,3.937,1.0074,25.17
BAT_014,1640,3.9362,1.0043,25.27
BAT_014,1660,3.9375,0.9994,25.23
BAT_014,1680,3.9299,0.9963,25.26
BAT_014,1700,3.9353,1.0005,25.31
BAT_014,1720,3.9344,1.0026,25.28
BAT_014,1740,3.9339,0.9947,25.19
BAT_014,1760,3.9338,0.9933,25.23
BAT_014,1780,3.9308,1.0009,25.42
BAT_014,1800,3.9332,1.002,25.41
BAT_014,1820,3.9294,1.0022,25.27
BAT_014,1840,3.9325,0.9992,25.36
BAT_014,1860,3.9324,1.0011,25.33
BAT_014,1880,3.932,0.9989,25.32
BAT_014,1900,3.9325,1.003,25.55
BAT_014,1920,3.9313,1.0021,25.39
BAT_014,1940,3.9337,1.0021,25.37
BAT_014,1960,3.9342,0.9967,25.36
BAT_014,1980,3.9321,0.9953,25.4
BAT_014,2000,3.931,1.0007,25.41
BAT_015,0,4.138,0.9915,24.22
BAT_015,20,4.1299,1.0012,24.21
BAT_015,40,4.1226,0.9999,24.33
BAT_015,60,4.114,1.0043,24.19
BAT_015,80,4.1075,1.0006,24.23
BAT_015,100,4.0966,1.0038,24.35
BAT_015,120,4.0943,1.0044,24.33
BAT_015,140,4.0894,0.9969,24.45
BAT_015,160,4.0873,1.0022,24.31
BAT_015,180,4.0791,1.0015,24.33
BAT_015,200,4.0788,1.0,24.26
BAT_015,220,4.074,1.0008,24.33
BAT_015,240,4.0722,1.0016,24.36
BAT_015,260,4.0681,1.0083,24.39
BAT_015,280,4.0671,1.0027,24.4
BAT_015,300,4.0604,0.9981,24.41
BAT_015,320,4.0631,1.0005,24.35
BAT_015,340,4.0596,1.0022,24.42
BAT_015,360,4.0637,1.0029,24.45
BAT_015,380,4.0566,0.9895,24.48
BAT_015,400,4.0541,1.0066,24.43
BAT_015,420,4.0536,1.0054,24.44
BAT_015,440,4.0497,1.0023,24.49
BAT_015,460,4.0527,0.9994,24.49
BAT_015,480,4.0492,1.0001,24.52
BAT_015,500,4.0439,1.0029,24.55
BAT_015,520,4.0523,0.9987,24.53
BAT_015,540,4.0483,0.9954,24.54
BAT_015,560,4.0496,1.0043,24.44
BAT_015,580,4.0468,0.9997,24.54
BAT_015,600,4.0437,1.0099,24.47
BAT_015,620,4.0441,1.0086,24.57
BAT_015,640,4.044,0.9968,24.6
BAT_015,660,4.0438,1.0039,24.6
BAT_015,680,4.0454,1.0043,24.56
BAT_015,700,4.0414,0.9921,24.6
BAT_015,720,4.0423,1.0079,24.56
BAT_015,740,4.0467,0.9995,24.62
BAT_015,760,4.0395,0.9999,24.7
BAT_015,780,4.04,1.0065,24.68
BAT_015,800,4.0444,0.9952,24.73
BAT_015,820,4.0401,1.008,24.72
BAT_015,840,4.0387,1.0076,24.76
BAT_015,860,4.0417,0.9925,24.67
BAT_015,880,4.0411,1.0043,24.64
BAT_015,900,4.0397,1.0013,24.72
BAT_015,920,4.0378,1.0024,24.68
BAT_015,940,4.0402,1.0032,24.76
BAT_015,960,4.0419,1.0088,24.75
BAT_015,980,4.0408,1.0019,24.82
BAT_015,1000,4.0419,1.0018,24.8
BAT_015,1020,4.0374,1.0052,24.8
BAT_015,1040,4.0397,0.9928,24.69
BAT_015,1060,4.0359,1.002,24.78
BAT_015,1080,4.0382,1.0046,24.75
BAT_015,1100,4.0419,1.0041,24.83
BAT_015,1120,4.0376,0.9948,24.82
BAT_015,1140,4.0417,0.9949,24.84
BAT_015,1160,4.0413,0.9918,24.93
BAT_015,1180,4.039,0.9976,24.85
BAT_015,1200,4.0389,0.9955,24.82
BAT_015,1220,4.0387,0.9948,24.91
BAT_015,1240,4.0403,1.0038,24.79
BAT_015,1260,4.038,1.0028,24.88
BAT_015,1280,4.0352,1.002,25.0
BAT_015,1300,4.0408,0.9997,24.85
BAT_015,1320,4.0407,1.003,24.9
BAT_015,1340,4.0379,1.0042,24.92
BAT_015,1360,4.037,0.9944,24.92
BAT_015,1380,4.0377,0.9976,25.16
BAT_015,1400,4.0357,0.9917,24.92
BAT_015,1420,4.0398,1.01,24.89
BAT_015,1440,4.0368,1.0032,24.94
BAT_015,1460,4.039,0.9984,25.05
BAT_015,1480,4.0381,1.0086,24.93
BAT_015,1500,4.0399,0.9983,25.07
BAT_015,1520,4.0365,1.0044,25.07
BAT_015,1540,4.0381,0.995,25.0
BAT_015,1560,4.0364,0.9992,25.09
BAT_015,1580,4.035,0.9995,25.05
BAT_015,1600,4.0372,0.9957,25.13
BAT_015,1620,4.037,0.9963,25.07
BAT_015,1640,4.0393,1.0031,25.14
BAT_015,1660,4.0379,0.9981,25.02
BAT_015,1680,4.0351,1.0,25.02
BAT_015,1700,4.0363,0.9961,25.17
BAT_015,1720,4.0327,1.0114,25.16
BAT_015,1740,4.0357,1.0007,25.21
BAT_015,1760,4.0379,0.9988,25.12
BAT_015,1780,4.0335,1.0018,25.2
BAT_015,1800,4.0361,1.0004,25.12
BAT_015,1820,4.0364,1.0028,25.11
BAT_015,1840,4.0375,0.999,25.21
BAT_015,1860,4.0361,1.0021,25.21
BAT_015,1880,4.0374,0.9968,25.2
BAT_015,1900,4.0336,1.0007,25.27
BAT_015,1920,4.0352,1.0053,25.2
BAT_015,1940,4.0364,1.0063,25.25
BAT_015,1960,4.0364,1.007,25.28
BAT_015,1980,4.0373,0.999,25.22
BAT_015,2000,4.0369,0.9954,25.32
BAT_016,0,4.1088,0.9989,24.68
BAT_016,20,4.0988,1.0038,24.87
BAT_016,40,4.0869,0.9937,24.79
BAT_016,60,4.08,1.0102,24.79
BAT_016,80,4.0755,1.001,24.87
BAT_016,100,4.0731,0.9946,24.9
BAT_016,120,4.0652,0.9942,24.88
BAT_016,140,4.0573,1.008,24.85
BAT_016,160,4.0577,1.0064,24.86
BAT_016,180,4.0499,1.0006,24.85
BAT_016,200,4.0499,1.0009,24.88
BAT_016,220,4.0435,1.0036,24.86
BAT_016,240,4.0452,0.9961,24.93
BAT_016,260,4.0373,1.0081,24.99
BAT_016,280,4.0393,1.0032,24.97
BAT_016,300,4.0379,1.0033,25.0
BAT_016,320,4.0336,1.0037,25.0
BAT_016,340,4.0303,0.9921,25.1
BAT_016,360,4.0264,0.9893,24.97
BAT_016,380,4.0313,1.0061,24.99
BAT_016,400,4.0266,0.9999,24.93
BAT_016,420,4.0242,1.0015,25.1
BAT_016,440,4.0213,0.9888,24.98
BAT_016,460,4.0233,1.0004,25.08
BAT_016,480,4.022,0.9982,25.01
BAT_016,500,4.0217,1.0019,25.12
BAT_016,520,4.0225,0.9938,24.99
BAT_016,540,4.0157,1.0107,25.07
BAT_016,560,4.0194,0.9999,25.16
BAT_016,580,4.0244,0.9974,25.13
BAT_016,600,4.0162,1.0012,25.17
BAT_016,620,4.015,1.0066,25.22
BAT_016,640,4.0173,0.9994,25.16
BAT_016,660,4.0127,1.0033,25.13
BAT_016,680,4.0146,1.005,25.15
BAT_016,700,4.0142,1.0043,25.3
BAT_016,720,4.0135,1.0055,25.18
BAT_016,740,4.0153,1.0024,25.17
BAT_016,760,4.0163,1.009,25.24
BAT_016,780,4.0145,0.9941,25.34
BAT_016,800,4.0138,0.9936,25.3
BAT_016,820,4.0105,0.9966,25.17
BAT_016,840,4.0159,1.0111,25.25
BAT_016,860,4.0117,0.9971,25.27
BAT_016,880,4.0139,1.0073,25.26
BAT_016,900,4.0134,0.991,25.4
BAT_016,920,4.0122,0.9965,25.41
BAT_016,940,4.012,1.0068,25.4
BAT_016,960,4.0153,0.996,25.36
BAT_016,980,4.0126,0.999,25.44
BAT_016,1000,4.0103,1.005,25.45
BAT_016,1020,4.0077,0.9952,25.34
BAT_016,1040,4.0103,1.002,25.39
BAT_016,1060,4.0114,0.9977,25.41
BAT_016,1080,4.0121,1.0037,25.38
BAT_016,1100,4.0108,0.9962,25.43
BAT_016,1120,4.008,1.0048,25.48
BAT_016,1140,4.0105,0.9966,25.44
BAT_016,1160,4.0093,0.9923,25.55
BAT_016,1180,4.0171,0.9939,25.42
BAT_016,1200,4.0116,1.003,25.41
BAT_016,1220,4.0065,1.0027,25.4
BAT_016,1240,4.013,0.9975,25.52
BAT_016,1260,4.0101,0.9972,25.52
BAT_016,1280,4.0094,1.0062,25.53
BAT_016,1300,4.0098,0.9974,25.52
BAT_016,1320,4.0083,1.0001,25.65
BAT_016,1340,4.0119,1.0012,25.66
BAT_016,1360,4.0116,1.001,25.58
BAT_016,1380,4.0073,1.0012,25.58
BAT_016,1400,4.0062,0.9936,25.7
BAT_016,1420,4.0097,1.0025,25.63
BAT_016,1440,4.0082,1.0023,25.69
BAT_016,1460,4.0085,1.0026,25.69
BAT_016,1480,4.008,1.0008,25.62
BAT_016,1500,4.0101,0.9982,25.72
BAT_016,1520,4.0073,1.0084,25.66
BAT_016,1540,4.007,0.9955,25.72
BAT_016,1560,4.0069,1.009,25.76
BAT_016,1580,4.0095,0.9929,25.71
BAT_016,1600,4.007,0.9909,25.74
BAT_016,1620,4.0127,0.9973,25.77
BAT_016,1640,4.0108,0.9952,25.73
BAT_016,1660,4.0087,1.0024,25.7
BAT_016,1680,4.0085,0.9995,25.82
BAT_016,1700,4.0047,0.9972,25.76
BAT_016,1720,4.0072,1.0036,25.76
BAT_016,1740,4.0132,0.9965,25.85
BAT_016,1760,4.0097,1.0048,25.8
BAT_016,1780,4.0059,0.9987,25.86
BAT_016,1800,4.0077,1.0029,25.87
BAT_016,1820,4.0056,0.9953,25.92
BAT_016,1840,4.0063,0.9921,25.95
BAT_016,1860,4.0055,0.9953,25.92
BAT_016,1880,4.0049,0.9956,25.94
BAT_016,1900,4.0054,1.0125,25.9
BAT_016,1920,4.0123,1.0006,25.91
BAT_016,1940,4.0056,0.9989,25.89
BAT_016,1960,4.0067,1.0039,25.87
BAT_016,1980,4.0048,0.9895,26.02
BAT_016,2000,4.0064,0.9999,25.95
BAT_017,0,4.1417,1.003,25.4
BAT_017,20,4.1318,1.0025,25.36
BAT_017,40,4.1229,1.0072,25.42
BAT_017,60,4.1135,1.0104,25.52
BAT_017,80,4.1128,0.9983,25.41
BAT_017,100,4.1091,0.9907,25.41
BAT_017,120,4.1022,1.0007,25.47
BAT_017,140,4.0987,1.0003,25.43
BAT_017,160,4.0952,0.9964,25.53
BAT_017,180,4.0899,1.002,25.55
BAT_017,200,4.0865,0.9971,25.51
BAT_017,220,4.085,1.002,25.53
BAT_017,240,4.0808,0.9976,25.59
BAT_017,260,4.0814,1.0033,25.46
BAT_017,280,4.078,0.9995,25.52
BAT_017,300,4.0782,1.0088,25.67
BAT_017,320,4.0736,0.9946,25.64
BAT_017,340,4.0732,0.9943,25.53
BAT_017,360,4.0713,1.0132,25.63
BAT_017,380,4.0696,0.9999,25.64
BAT_017,400,4.0676,1.0111,25.64
BAT_017,420,4.0671,1.0037,25.63
BAT_017,440,4.0623,0.9989,25.65
BAT_017,460,4.0647,0.998,25.65
BAT_017,480,4.0617,0.9988,25.62
BAT_017,500,4.0588,1.0048,25.7
BAT_017,520,4.0638,1.006,25.64
BAT_017,540,4.0556,1.0002,25.67
BAT_017,560,4.0578,1.0037,25.6
BAT_017,580,4.0604,1.0014,25.75
BAT_017,600,4.0607,1.0,25.67
BAT_017,620,4.0584,1.002,25.72
BAT_017,640,4.0606,0.9964,25.73
BAT_017,660,4.0557,1.0016,25.72
BAT_017,680,4.0576,0.9948,25.78
BAT_017,700,4.0576,1.0046,25.75
BAT_017,720,4.0607,0.9993,25.77
BAT_017,740,4.0541,1.0048,25.79
BAT_017,760,4.0575,1.0031,25.79
BAT_017,780,4.0567,1.007,25.73
BAT_017,800,4.0587,1.0,25.82
BAT_017,820,4.0587,0.9971,25.79
BAT_017,840,4.0565,0.9911,25.76
BAT_017,860,4.0566,1.0013,25.76
BAT_017,880,4.057,1.0032,25.84
BAT_017,900,4.0589,0.9993,25.87
BAT_017,920,4.0521,1.008,25.9
BAT_017,940,4.0554,1.0035,25.9
BAT_017,960,4.0547,1.0045,25.96
BAT_017,980,4.0519,1.0052,25.91
BAT_017,1000,4.0567,1.0011,25.92
BAT_017,1020,4.0527,0.9986,25.91
BAT_017,1040,4.059,0.9979,25.88
BAT_017,1060,4.0572,1.0061,25.95
BAT_017,1080,4.0552,1.0058,26.01
BAT_017,1100,4.0558,1.0022,25.86
BAT_017,1120,4.0521,1.0,25.89
BAT_017,1140,4.0561,0.9978,26.04
BAT_017,1160,4.053,1.0033,25.92
BAT_017,1180,4.0534,1.0031,25.97
BAT_017,1200,4.0527,0.9961,26.04
BAT_017,1220,4.0564,0.9996,25.98
BAT_017,1240,4.0527,1.0052,26.01
BAT_017,1260,4.053,0.9991,26.01
BAT_017,1280,4.0543,0.9962,25.99
BAT_017,1300,4.0517,1.004,26.01
BAT_017,1320,4.0493,0.994,26.03
BAT_017,1340,4.0521,1.0091,26.09
BAT_017,1360,4.0533,0.9967,26.13
BAT_017,1380,4.0524,0.9901,26.06
BAT_017,1400,4.0507,1.0041,26.11
BAT_017,1420,4.0506,0.9923,26.14
BAT_017,1440,4.0524,0.9996,26.06
BAT_017,1460,4.0523,1.0007,26.07
BAT_017,1480,4.0519,0.9955,26.15
BAT_017,1500,4.0491,0.9934,26.16
BAT_017,1520,4.0511,1.0013,26.09
BAT_017,1540,4.0491,1.0014,26.15
BAT_017,1560,4.0509,1.0027,26.18
BAT_017,1580,4.0525,0.9991,26.2
BAT_017,1600,4.0533,0.989,26.24
BAT_017,1620,4.0516,1.0028,26.23
BAT_017,1640,4.0542,0.9989,26.15
BAT_017,1660,4.0545,1.0028,26.21
BAT_017,1680,4.0522,1.0008,26.23
BAT_017,1700,4.0505,1.0013,26.24
BAT_017,1720,4.0491,1.003,26.26
BAT_017,1740,4.0449,0.9989,26.39
BAT_017,1760,4.0509,0.9975,26.27
BAT_017,1780,4.0519,0.992,26.29
BAT_017,1800,4.0523,1.0009,26.28
BAT_017,1820,4.0508,0.9967,26.22
BAT_017,1840,4.0497,1.0003,26.31
BAT_017,1860,4.0499,0.9906,26.3
BAT_017,1880,4.0531,1.0014,26.21
BAT_017,1900,4.0526,1.0045,26.22
BAT_017,1920,4.0503,1.0047,26.36
BAT_017,1940,4.0507,1.0054,26.45
BAT_017,1960,4.0503,1.0036,26.35
BAT_017,1980,4.0494,1.0044,26.33
BAT_017,2000,4.0486,0.9981,26.4
BAT_018,0,4.0808,1.0034,24.06
BAT_018,20,4.0648,1.0058,24.16
BAT_018,40,4.059,1.0001,24.09
BAT_018,60,4.0503,0.9999,24.12
BAT_018,80,4.0419,1.0022,24.17
BAT_018,100,4.0361,1.0026,24.14
BAT_018,120,4.0291,0.9981,24.28
BAT_018,140,4.0167,0.9986,24.25
BAT_018,160,4.0191,0.9952,24.24
BAT_018,180,4.0131,0.9974,24.29
BAT_018,200,4.0066,0.9965,24.33
BAT_018,220,4.0025,0.9984,24.39
BAT_018,240,4.0029,0.9983,24.32
BAT_018,260,3.9958,0.9949,24.3
BAT_018,280,3.9958,1.0026,24.3
BAT_018,300,3.9872,1.0062,24.32
BAT_018,320,3.9907,1.0039,24.43
BAT_018,340,3.9858,0.9953,24.35
BAT_018,360,3.9857,1.0014,24.35
BAT_018,380,3.984,0.9958,24.42
BAT_018,400,3.9809,1.0024,24.56
BAT_018,420,3.9786,0.9932,24.39
BAT_018,440,3.9785,1.001,24.49
BAT_018,460,3.9754,0.9939,24.48
BAT_018,480,3.979,1.0045,24.55
BAT_018,500,3.9762,1.0053,24.49
BAT_018,520,3.9764,1.0038,24.57
BAT_018,540,3.9724,0.9982,24.52
BAT_018,560,3.9752,0.9934,24.54
BAT_018,580,3.9721,0.9936,24.59
BAT_018,600,3.9731,1.0031,24.54
BAT_018,620,3.9704,0.9952,24.49
BAT_018,640,3.9714,1.0032,24.56
BAT_018,660,3.9714,1.0043,24.76
BAT_018,680,3.9697,1.0079,24.65
BAT_018,700,3.9678,1.0096,24.72
BAT_018,720,3.9712,0.9991,24.69
BAT_018,740,3.9691,0.9966,24.75
BAT_018,760,3.9644,0.9903,24.71
BAT_018,780,3.968,1.0102,24.74
BAT_018,800,3.9668,0.999,24.77
BAT_018,820,3.9686,1.0031,24.8
BAT_018,840,3.9667,0.9989,24.83
BAT_018,860,3.9694,0.9948,24.91
BAT_018,880,3.9609,0.9917,24.86
BAT_018,900,3.9642,1.0112,24.87
BAT_018,920,3.9618,1.0003,24.88
BAT_018,940,3.9669,0.9971,24.8
BAT_018,960,3.9619,1.0048,24.95
BAT_018,980,3.9608,1.002,24.87
BAT_018,1000,3.9644,1.0039,24.91
BAT_018,1020,3.9638,0.9906,24.94
BAT_018,1040,3.9668,0.9972,24.97
BAT_018,1060,3.9646,1.0121,24.93
BAT_018,1080,3.9651,0.9988,24.98
BAT_018,1100,3.9633,0.9917,25.03
BAT_018,1120,3.9618,1.0012,25.06
BAT_018,1140,3.9626,0.9927,24.98
BAT_018,1160,3.9641,1.0063,25.14
BAT_018,1180,3.9603,1.001,25.07
BAT_018,1200,3.9612,0.9992,25.04
BAT_018,1220,3.9627,0.9979,25.09
BAT_018,1240,3.965,0.9952,25.12
BAT_018,1260,3.9609,0.9983,25.13
BAT_018,1280,3.962,1.0012,25.11
BAT_018,1300,3.9631,0.9945,25.11
BAT_018,1320,3.9601,1.0061,25.24
BAT_018,1340,3.9606,1.0096,25.21
BAT_018,1360,3.9585,1.0021,25.16
BAT_018,1380,3.9591,0.989,25.24
BAT_018,1400,3.9621,0.9949,25.28
BAT_018,1420,3.962,1.0028,25.29
BAT_018,1440,3.9595,1.0019,25.3
BAT_018,1460,3.9597,0.9985,25.23
BAT_018,1480,3.9612,0.9945,25.33
BAT_018,1500,3.9608,0.9992,25.36
BAT_018,1520,3.96,1.0083,25.36
BAT_018,1540,3.9582,0.9974,25.38
BAT_018,1560,3.9637,0.9972,25.45
BAT_018,1580,3.9606,1.0065,25.36
BAT_018,1600,3.9585,0.9982,25.41
BAT_018,1620,3.9581,0.994,25.46
BAT_018,1640,3.9619,0.9998,25.42
BAT_018,1660,3.9619,0.9914,25.49
BAT_018,1680,3.9601,1.0033,25.49
BAT_018,1700,3.9615,1.003,25.49
BAT_018,1720,3.9611,0.9953,25.52
BAT_018,1740,3.9601,0.9922,25.55
BAT_018,1760,3.9601,1.0045,25.54
BAT_018,1780,3.9615,1.0049,25.58
BAT_018,1800,3.9525,1.0003,25.58
BAT_018,1820,3.9589,0.9949,25.63
BAT_018,1840,3.9579,0.9993,25.62
BAT_018,1860,3.9609,0.9981,25.57
BAT_018,1880,3.9593,1.0011,25.54
BAT_018,1900,3.9572,1.0005,25.56
BAT_018,1920,3.9606,0.9938,25.71
BAT_018,1940,3.9561,0.998,25.65
BAT_018,1960,3.9574,0.9906,25.66
BAT_018,1980,3.9597,1.0023,25.82
BAT_018,2000,3.9541,1.007,25.74
BAT_019,0,4.1007,0.9989,24.23
BAT_019,20,4.0912,1.0019,24.32
BAT_019,40,4.0827,1.004,24.32
BAT_019,60,4.0755,0.9927,24.33
BAT_019,80,4.0683,0.9897,24.21
BAT_019,100,4.06,1.0083,24.41
BAT_019,120,4.0537,0.9947,24.31
BAT_019,140,4.0497,0.9894,24.41
BAT_019,160,4.0467,0.9946,24.39
BAT_019,180,4.0444,1.0071,24.37
BAT_019,200,4.0378,0.9922,24.42
BAT_019,220,4.0316,1.0042,24.33
BAT_019,240,4.0288,0.9938,24.4
BAT_019,260,4.0268,1.0113,24.47
BAT_019,280,4.0261,0.9963,24.43
BAT_019,300,4.021,0.9981,24.49
BAT_019,320,4.0211,1.0013,24.46
BAT_019,340,4.0186,1.0002,24.44
BAT_019,360,4.014,1.0027,24.4
BAT_019,380,4.0112,1.0031,24.59
BAT_019,400,4.0149,0.9951,24.57
BAT_019,420,4.0129,0.9917,24.49
BAT_019,440,4.0129,1.001,24.56
BAT_019,460,4.0062,0.9998,24.59
BAT_019,480,4.0056,0.9985,24.57
BAT_019,500,4.0057,1.0128,24.53
BAT_019,520,4.0071,0.995,24.73
BAT_019,540,4.0003,0.9947,24.55
BAT_019,560,4.0038,0.9994,24.65
BAT_019,580,4.0055,1.0034,24.61
BAT_019,600,4.0027,1.0052,24.57
BAT_019,620,4.002,0.9963,24.66
BAT_019,640,4.002,0.9957,24.69
BAT_019,660,3.999,0.9978,24.67
BAT_019,680,4.0012,0.9955,24.7
BAT_019,700,3.9997,1.0032,24.74
BAT_019,720,3.999,0.9987,24.76
BAT_019,740,4.0022,0.9969,24.69
BAT_019,760,3.9983,1.0003,24.81
BAT_019,780,3.9948,1.0026,24.82
BAT_019,800,3.9964,1.0042,24.83
BAT_019,820,4.0014,1.0066,24.83
BAT_019,840,3.9988,0.9986,24.76
BAT_019,860,3.9967,0.9893,24.79
BAT_019,880,3.9989,0.9975,24.79
BAT_019,900,3.9984,0.997,24.8
BAT_019,920,3.9959,0.9907,24.9
BAT_019,940,3.9995,0.9987,24.85
BAT_019,960,3.9962,0.9968,24.82
BAT_019,980,3.9988,0.9994,24.86
BAT_019,1000,3.9953,0.9961,24.93
BAT_019,1020,3.9984,1.0046,24.88
BAT_019,1040,3.9989,1.002,24.93
BAT_019,1060,3.9962,0.9982,24.91
BAT_019,1080,3.996,0.9945,25.02
BAT_019,1100,3.998,0.9965,24.93
BAT_019,1120,3.9985,1.0105,24.97
BAT_019,1140,3.997,1.0057,25.0
BAT_019,1160,3.9966,1.0048,24.96
BAT_019,1180,3.9918,1.0014,24.99
BAT_019,1200,3.9954,0.9868,24.98
BAT_019,1220,3.9975,0.9877,25.03
BAT_019,1240,3.9962,1.0031,25.16
BAT_019,1260,3.9966,0.9989,25.01
BAT_019,1280,3.9956,0.994,25.01
BAT_019,1300,3.999,1.0067,25.06
BAT_019,1320,3.9958,0.9954,25.07
BAT_019,1340,3.9922,1.0036,25.16
BAT_019,1360,3.9959,1.0004,25.14
BAT_019,1380,3.9941,0.9994,25.18
BAT_019,1400,3.9916,0.9941,25.11
BAT_019,1420,3.9908,0.9946,25.13
BAT_019,1440,3.9944,0.9915,25.24
BAT_019,1460,3.9924,1.0011,25.2
BAT_019,1480,3.9948,1.0087,25.19
BAT_019,1500,3.993,0.9961,25.18
BAT_019,1520,3.9944,0.9981,25.3
BAT_019,1540,3.996,1.0017,25.22
BAT_019,1560,3.9936,0.9998,25.33
BAT_019,1580,3.995,0.9986,25.25
BAT_019,1600,3.9955,0.9946,25.26
BAT_019,1620,3.9908,1.0013,25.35
BAT_019,1640,3.9917,1.0011,25.32
BAT_019,1660,3.993,0.9925,25.3
BAT_019,1680,3.9917,1.0019,25.39
BAT_019,1700,3.9936,1.0042,25.33
BAT_019,1720,3.9905,1.0091,25.37
BAT_019,1740,3.993,0.9984,25.34
BAT_019,1760,3.9929,1.0102,25.39
BAT_019,1780,3.9924,0.9941,25.41
BAT_019,1800,3.9932,1.001,25.41
BAT_019,1820,3.9908,1.0024,25.37
BAT_019,1840,3.9907,1.0097,25.46
BAT_019,1860,3.9927,1.0001,25.45
BAT_019,1880,3.9899,1.0026,25.59
BAT_019,1900,3.9957,1.0016,25.52
BAT_019,1920,3.9887,0.9942,25.47
BAT_019,1940,3.9911,1.0016,25.45
BAT_019,1960,3.9928,1.0068,25.48
BAT_019,1980,3.9873,1.0068,25.45
BAT_019,2000,3.9914,1.0018,25.53
BAT_020,0,4.0673,1.0082,25.47
BAT_020,20,4.0513,0.9977,25.49
BAT_020,40,4.0317,0.9976,25.63
BAT_020,60,4.0154,0.997,25.45
BAT_020,80,4.0012,0.9899,25.53
BAT_020,100,3.9837,0.9937,25.65
BAT_020,120,3.978,0.9924,25.58
BAT_020,140,3.9697,0.9986,25.56
BAT_020,160,3.9577,0.9924,25.62
BAT_020,180,3.9488,0.9997,25.61
BAT_020,200,3.9442,1.0082,25.7
BAT_020,220,3.9361,1.0014,25.7
BAT_020,240,3.9253,0.9974,25.73
BAT_020,260,3.9201,0.9941,25.68
BAT_020,280,3.9143,0.9894,25.67
BAT_020,300,3.9114,0.9879,25.75
BAT_020,320,3.9084,0.9965,25.8
BAT_020,340,3.9024,0.9971,25.7
BAT_020,360,3.897,1.0009,25.79
BAT_020,380,3.8946,1.0058,25.84
BAT_020,400,3.8914,1.0027,25.78
BAT_020,420,3.8847,0.9966,25.88
BAT_020,440,3.8872,1.0015,25.88
BAT_020,460,3.8832,1.0073,25.85
BAT_020,480,3.8816,1.0019,25.83
BAT_020,500,3.8825,1.0073,25.92
BAT_020,520,3.8771,1.0085,25.89
BAT_020,540,3.8768,1.0002,26.0
BAT_020,560,3.8725,1.007,26.0
BAT_020,580,3.8743,0.993,26.04
BAT_020,600,3.8677,0.9956,26.07
BAT_020,620,3.8731,0.9979,25.97
BAT_020,640,3.8677,1.0038,25.96
BAT_020,660,3.8692,1.0038,26.0
BAT_020,680,3.8683,1.0067,25.96
BAT_020,700,3.8679,1.0077,26.05
BAT_020,720,3.8661,1.0015,25.99
BAT_020,740,3.8659,1.0021,26.07
BAT_020,760,3.8689,0.991,26.12
BAT_020,780,3.8655,1.002,26.06
BAT_020,800,3.8677,1.001,26.15
BAT_020,820,3.8638,0.9978,26.14
BAT_020,840,3.8626,1.0001,26.24
BAT_020,860,3.8642,0.9963,26.17
BAT_020,880,3.8625,0.998,26.23
BAT_020,900,3.8627,0.9923,26.23
BAT_020,920,3.8591,0.9992,26.2
BAT_020,940,3.8599,1.0028,26.23
BAT_020,960,3.8639,1.001,26.3
BAT_020,980,3.8596,1.0098,26.24
BAT_020,1000,3.8583,0.9918,26.37
BAT_020,1020,3.8617,0.998,26.22
BAT_020,1040,3.8578,0.9998,26.36
BAT_020,1060,3.861,1.0036,26.34
BAT_020,1080,3.8576,0.9861,26.42
BAT_020,1100,3.8565,1.0006,26.42
BAT_020,1120,3.8546,0.9982,26.4
BAT_020,1140,3.8558,0.9938,26.46
BAT_020,1160,3.8563,0.9979,26.47
BAT_020,1180,3.8569,1.0053,26.32
BAT_020,1200,3.858,1.0095,26.38
BAT_020,1220,3.8518,1.0018,26.53
BAT_020,1240,3.8601,0.9935,26.4
BAT_020,1260,3.8512,1.0079,26.59
BAT_020,1280,3.8568,1.002,26.46
BAT_020,1300,3.8566,0.9969,26.52
BAT_020,1320,3.8535,0.9972,26.56
BAT_020,1340,3.8565,0.9923,26.67
BAT_020,1360,3.8582,1.0009,26.62
BAT_020,1380,3.8528,1.0033,26.68
BAT_020,1400,3.8518,0.9968,26.57
BAT_020,1420,3.8552,1.0012,26.55
BAT_020,1440,3.8541,0.9866,26.68
BAT_020,1460,3.8526,1.0024,26.62
BAT_020,1480,3.8546,1.0062,26.64
BAT_020,1500,3.8517,0.9986,26.68
BAT_020,1520,3.8553,0.9946,26.7
BAT_020,1540,3.8559,0.9992,26.71
BAT_020,1560,3.8538,1.0025,26.76
BAT_020,1580,3.8538,0.9897,26.75
BAT_020,1600,3.8562,0.9942,26.78
BAT_020,1620,3.8519,0.9997,26.84
BAT_020,1640,3.8535,0.9982,26.74
BAT_020,1660,3.8553,0.9955,26.8
BAT_020,1680,3.8526,0.9931,26.79
BAT_020,1700,3.8518,1.0015,26.82
BAT_020,1720,3.8515,0.9994,26.78
BAT_020,1740,3.8509,1.0053,26.87
BAT_020,1760,3.8524,1.0038,26.96
BAT_020,1780,3.8478,1.0023,26.84
BAT_020,1800,3.8536,0.994,26.87
BAT_020,1820,3.8485,1.004,26.98
BAT_020,1840,3.8553,0.9971,26.89
BAT_020,1860,3.8495,0.9982,26.94
BAT_020,1880,3.8511,1.0004,26.97
BAT_020,1900,3.8459,1.0034,27.0
BAT_020,1920,3.8463,0.9988,27.04
BAT_020,1940,3.8488,0.996,27.01
BAT_020,1960,3.8472,1.0004,26.97
BAT_020,1980,3.8512,0.9866,26.94
BAT_020,2000,3.8527,1.0102,27.07
BAT_021,0,4.1399,1.0013,24.34
BAT_021,20,4.1312,1.0074,24.48
BAT_021,40,4.1281,1.0022,24.37
BAT_021,60,4.1206,0.9966,24.42
BAT_021,80,4.1144,1.0124,24.38
BAT_021,100,4.1092,1.0006,24.44
BAT_021,120,4.1095,1.001,24.5
BAT_021,140,4.0999,1.0021,24.44
BAT_021,160,4.0996,1.0041,24.49
BAT_021,180,4.0946,0.9948,24.47
BAT_021,200,4.0898,1.0066,24.46
BAT_021,220,4.0869,0.9899,24.49
BAT_021,240,4.0889,1.0079,24.52
BAT_021,260,4.0845,1.0036,24.56
BAT_021,280,4.0787,0.9996,24.6
BAT_021,300,4.08,0.9928,24.55
BAT_021,320,4.0811,1.0026,24.57
BAT_021,340,4.0754,1.0053,24.55
BAT_021,360,4.0779,0.9981,24.6
BAT_021,380,4.0768,0.9973,24.56
BAT_021,400,4.0753,1.0006,24.6
BAT_021,420,4.0701,1.0033,24.62
BAT_021,440,4.0728,0.989,24.63
BAT_021,460,4.0708,1.0039,24.63
BAT_021,480,4.0686,1.0001,24.69
BAT_021,500,4.07,1.0058,24.71
BAT_021,520,4.0708,0.9901,24.68
BAT_021,540,4.0675,1.0012,24.66
BAT_021,560,4.0662,0.9943,24.69
BAT_021,580,4.0687,1.0013,24.74
BAT_021,600,4.0674,0.994,24.72
BAT_021,620,4.0698,0.992,24.68
BAT_021,640,4.0639,1.0029,24.77
BAT_021,660,4.0644,1.0062,24.73
BAT_021,680,4.0656,0.9913,24.76
BAT_021,700,4.0656,1.0083,24.82
BAT_021,720,4.0646,0.9967,24.77
BAT_021,740,4.0588,0.9998,24.76
BAT_021,760,4.0618,1.0035,24.78
BAT_021,780,4.0638,0.9955,24.82
BAT_021,800,4.0644,0.9933,24.78
BAT_021,820,4.0627,1.0015,24.87
BAT_021,840,4.0645,0.998,24.9
BAT_021,860,4.0636,0.9948,24.83
BAT_021,880,4.0645,1.0037,24.76
BAT_021,900,4.063,1.0029,24.87
BAT_021,920,4.0641,0.9972,24.85
BAT_021,940,4.0621,0.9982,24.85
BAT_021,960,4.0599,1.0008,24.88
BAT_021,980,4.0636,1.0044,24.78
BAT_021,1000,4.0621,0.998,24.88
BAT_021,1020,4.0634,0.9974,24.86
BAT_021,1040,4.0606,0.9993,24.98
BAT_021,1060,4.0625,1.0096,24.94
BAT_021,1080,4.0618,0.9951,24.89
BAT_021,1100,4.0609,1.0057,24.89
BAT_021,1120,4.0644,0.9929,25.0
BAT_021,1140,4.0552,0.9994,24.91
BAT_021,1160,4.0609,1.0059,24.9
BAT_021,1180,4.0599,1.0015,25.0
BAT_021,1200,4.0595,1.0009,24.96
BAT_021,1220,4.0623,0.9958,25.05
BAT_021,1240,4.0599,1.0021,25.04
BAT_021,1260,4.0622,0.9979,25.11
BAT_021,1280,4.0626,0.9969,25.04
BAT_021,1300,4.0592,0.9997,25.09
BAT_021,1320,4.061,1.0002,25.08
BAT_021,1340,4.0605,1.002,24.97
BAT_021,1360,4.0606,0.9943,25.0
BAT_021,1380,4.0605,1.005,25.09
BAT_021,1400,4.057,1.0047,25.16
BAT_021,1420,4.0576,1.0013,25.17
BAT_021,1440,4.0604,1.0011,25.17
BAT_021,1460,4.0623,0.9954,25.11
BAT_021,1480,4.0599,0.9999,25.1
BAT_021,1500,4.0547,0.9985,25.13
BAT_021,1520,4.0589,0.9994,25.15
BAT_021,1540,4.0593,1.0006,25.13
BAT_021,1560,4.0583,1.0042,25.2
BAT_021,1580,4.0586,0.9987,25.2
BAT_021,1600,4.0615,0.9972,25.2
BAT_021,1620,4.0589,1.0042,25.17
BAT_021,1640,4.0576,0.9989,25.24
BAT_021,1660,4.0576,1.0001,25.24
BAT_021,1680,4.0592,0.9974,25.23
BAT_021,1700,4.0617,1.0025,25.3
BAT_021,1720,4.0565,1.0092,25.2
BAT_021,1740,4.0588,1.0074,25.18
BAT_021,1760,4.0597,1.0076,25.2
BAT_021,1780,4.0575,1.0009,25.33
BAT_021,1800,4.0617,1.0012,25.25
BAT_021,1820,4.0561,1.0075,25.28
BAT_021,1840,4.0548,1.0113,25.25
BAT_021,1860,4.0569,1.0016,25.32
BAT_021,1880,4.0559,0.9923,25.3
BAT_021,1900,4.0611,0.9967,25.4
BAT_021,1920,4.0601,1.0051,25.36
BAT_021,1940,4.0546,0.9998,25.43
BAT_021,1960,4.0577,0.9967,25.39
BAT_021,1980,4.0583,0.9986,25.31
BAT_021,2000,4.0551,0.9992,25.34
BAT_022,0,3.9861,0.9976,24.75
BAT_022,20,3.9647,0.9965,24.71
BAT_022,40,3.9459,0.9986,24.82
BAT_022,60,3.9264,1.0032,24.66
BAT_022,80,3.9112,1.0017,24.81
BAT_022,100,3.896,1.0026,24.78
BAT_022,120,3.8836,1.0003,24.78
BAT_022,140,3.8679,1.0008,24.87
BAT_022,160,3.8548,0.9899,24.93
BAT_022,180,3.8493,1.0138,24.83
BAT_022,200,3.8399,0.9971,24.95
BAT_022,220,3.8351,1.0078,24.9
BAT_022,240,3.8274,0.9941,24.99
BAT_022,260,3.8187,1.003,24.96
BAT_022,280,3.8149,0.9997,25.02
BAT_022,300,3.8063,0.9948,25.08
BAT_022,320,3.8025,1.0022,25.16
BAT_022,340,3.7956,0.9986,25.1
BAT_022,360,3.7949,0.9991,25.17
BAT_022,380,3.7904,0.9915,25.11
BAT_022,400,3.7821,0.9986,25.15
BAT_022,420,3.7841,1.0008,25.19
BAT_022,440,3.7826,1.0029,25.16
BAT_022,460,3.7762,1.0016,25.33
BAT_022,480,3.7748,0.9992,25.28
BAT_022,500,3.7745,0.9996,25.31
BAT_022,520,3.7702,0.9973,25.28
BAT_022,540,3.7705,0.9973,25.37
BAT_022,560,3.7683,1.0048,25.23
BAT_022,580,3.7642,0.9941,25.38
BAT_022,600,3.7662,1.0124,25.49
BAT_022,620,3.766,1.0019,25.42
BAT_022,640,3.7632,0.9894,25.51
BAT_022,660,3.7611,1.003,25.44
BAT_022,680,3.7579,0.9969,25.51
BAT_022,700,3.7598,0.9983,25.55
BAT_022,720,3.7596,0.9943,25.55
BAT_022,740,3.7544,0.9973,25.63
BAT_022,760,3.7553,1.0091,25.63
BAT_022,780,3.7577,1.0005,25.67
BAT_022,800,3.7575,1.0005,25.63
BAT_022,820,3.7537,1.0094,25.67
BAT_022,840,3.7533,0.9965,25.62
BAT_022,860,3.7526,1.0016,25.7
BAT_022,880,3.7516,1.002,25.77
BAT_022,900,3.7518,1.0015,25.73
BAT_022,920,3.7538,0.9952,25.78
BAT_022,940,3.752,0.998,25.77
BAT_022,960,3.7554,1.0074,25.76
BAT_022,980,3.7511,0.9938,25.89
BAT_022,1000,3.748,1.0028,25.92
BAT_022,1020,3.7535,1.0059,25.9
BAT_022,1040,3.7516,0.9978,25.94
BAT_022,1060,3.7485,0.9914,26.0
BAT_022,1080,3.7452,0.9988,26.02
BAT_022,1100,3.749,0.9923,25.99
BAT_022,1120,3.7498,1.0054,26.12
BAT_022,1140,3.7446,1.0022,26.04
BAT_022,1160,3.7494,0.9918,26.08
BAT_022,1180,3.749,0.9969,26.1
BAT_022,1200,3.7454,1.0054,26.08
BAT_022,1220,3.7453,0.9984,26.15
BAT_022,1240,3.7509,1.0013,26.15
BAT_022,1260,3.7476,1.0017,26.23
BAT_022,1280,3.7461,1.0023,26.18
BAT_022,1300,3.7436,0.9979,26.21
BAT_022,1320,3.7471,1.0095,26.35
BAT_022,1340,3.7463,1.0016,26.28
BAT_022,1360,3.7427,1.0027,26.26
BAT_022,1380,3.7456,0.9993,26.4
BAT_022,1400,3.7448,1.0005,26.35
BAT_022,1420,3.7411,0.9983,26.44
BAT_022,1440,3.7463,1.0067,26.38
BAT_022,1460,3.7422,1.0034,26.43
BAT_022,1480,3.7488,1.0015,26.41
BAT_022,1500,3.7424,1.0076,26.41
BAT_022,1520,3.7436,0.9932,26.61
BAT_022,1540,3.7422,0.995,26.47
BAT_022,1560,3.7414,0.9875,26.55
BAT_022,1580,3.7468,1.0005,26.59
BAT_022,1600,3.7401,1.0017,26.6
BAT_022,1620,3.7405,1.0067,26.67
BAT_022,1640,3.7402,1.0072,26.67
BAT_022,1660,3.7426,1.0007,26.76
BAT_022,1680,3.7426,0.9983,26.76
BAT_022,1700,3.7404,1.0007,26.83
BAT_022,1720,3.7389,0.9949,26.75
BAT_022,1740,3.7398,1.0063,26.72
BAT_022,1760,3.745,1.0077,26.8
BAT_022,1780,3.7407,0.9982,26.88
BAT_022,1800,3.7414,1.0037,26.91
BAT_022,1820,3.7436,0.9992,26.93
BAT_022,1840,3.7392,1.0002,26.93
BAT_022,1860,3.7393,1.0017,26.9
BAT_022,1880,3.7389,0.997,26.91
BAT_022,1900,3.7375,0.9976,26.98
BAT_022,1920,3.7357,0.9987,26.96
BAT_022,1940,3.7369,1.0009,27.09
BAT_022,1960,3.7388,0.9976,27.04
BAT_022,1980,3.7407,0.9921,27.14
BAT_022,2000,3.7349,0.9969,27.11
BAT_023,0,4.1578,1.0011,25.48
BAT_023,20,4.1505,0.999,25.57
BAT_023,40,4.1394,0.9861,25.55
BAT_023,60,4.1351,1.0032,25.52
BAT_023,80,4.1292,1.0011,25.59
BAT_023,100,4.1233,1.0045,25.52
BAT_023,120,4.118,0.9925,25.54
BAT_023,140,4.1129,0.9985,25.49
BAT_023,160,4.1081,0.9952,25.61
BAT_023,180,4.1081,0.9955,25.57
BAT_023,200,4.102,0.9997,25.59
BAT_023,220,4.0991,1.0005,25.53
BAT_023,240,4.0948,0.9935,25.62
BAT_023,260,4.0916,1.0052,25.61
BAT_023,280,4.0914,1.0079,25.59
BAT_023,300,4.0891,0.9905,25.59
BAT_023,320,4.0868,1.0034,25.7
BAT_023,340,4.0862,0.9891,25.59
BAT_023,360,4.086,0.9914,25.66
BAT_023,380,4.0814,1.0069,25.57
BAT_023,400,4.0784,1.012,25.73
BAT_023,420,4.075,0.9974,25.76
BAT_023,440,4.0789,1.0021,25.64
BAT_023,460,4.0734,1.0053,25.68
BAT_023,480,4.0769,0.9961,25.61
BAT_023,500,4.0738,0.9993,25.64
BAT_023,520,4.075,0.9966,25.64
BAT_023,540,4.072,0.9859,25.82
BAT_023,560,4.0733,0.9992,25.74
BAT_023,580,4.0719,1.0037,25.78
BAT_023,600,4.0729,1.0065,25.71
BAT_023,620,4.0712,1.0036,25.81
BAT_023,640,4.0721,1.004,25.79
BAT_023,660,4.0747,0.9996,25.78
BAT_023,680,4.0675,1.0027,25.82
BAT_023,700,4.067,1.002,25.77
BAT_023,720,4.0681,0.9946,25.77
BAT_023,740,4.07,1.0016,25.83
BAT_023,760,4.0646,1.0065,25.85
BAT_023,780,4.0634,1.0072,25.8
BAT_023,800,4.0686,1.0039,25.78
BAT_023,820,4.069,0.9982,25.89
BAT_023,840,4.0688,1.0024,25.82
BAT_023,860,4.0652,1.0048,25.86
BAT_023,880,4.0655,0.9913,25.89
BAT_023,900,4.0682,0.9954,25.8
BAT_023,920,4.0666,1.0007,25.85
BAT_023,940,4.0669,1.0094,25.87
BAT_023,960,4.0669,1.0023,25.91
BAT_023,980,4.0609,1.0031,25.94
BAT_023,1000,4.0643,0.9946,25.94
BAT_023,1020,4.0644,0.9996,26.03
BAT_023,1040,4.0651,1.0059,25.98
BAT_023,1060,4.0645,1.0037,25.95
BAT_023,1080,4.0681,1.0041,26.05
BAT_023,1100,4.0665,1.0103,26.06
BAT_023,1120,4.0633,0.9997,25.86
BAT_023,1140,4.0677,1.0026,26.04
BAT_023,1160,4.0651,1.0011,25.97
BAT_023,1180,4.07,0.9968,26.02
BAT_023,1200,4.0618,0.9941,26.06
BAT_023,1220,4.0673,1.0007,25.95
BAT_023,1240,4.0629,0.9975,25.99
BAT_023,1260,4.0659,0.9932,25.95
BAT_023,1280,4.0647,1.001,25.92
BAT_023,1300,4.0624,1.0008,26.03
BAT_023,1320,4.0637,1.0003,26.01
BAT_023,1340,4.0606,1.0031,25.94
BAT_023,1360,4.0632,1.0014,25.99
BAT_023,1380,4.0641,0.9981,26.09
BAT_023,1400,4.0625,0.9921,26.13
BAT_023,1420,4.0607,0.9986,26.12
BAT_023,1440,4.0628,1.0014,26.16
BAT_023,1460,4.0609,0.9952,26.01
BAT_023,1480,4.0628,1.0063,26.08
BAT_023,1500,4.0643,1.0053,26.06
BAT_023,1520,4.0609,1.0031,26.12
BAT_023,1540,4.063,1.0031,26.17
BAT_023,1560,4.0628,1.0029,26.09
BAT_023,1580,4.0615,0.9949,26.15
BAT_023,1600,4.0614,0.9998,26.15
BAT_023,1620,4.0642,1.0134,26.17
BAT_023,1640,4.0645,1.0033,26.15
BAT_023,1660,4.0641,1.0012,26.14
BAT_023,1680,4.0632,1.0045,26.16
BAT_023,1700,4.063,1.0013,26.13
BAT_023,1720,4.0615,1.0014,26.18
BAT_023,1740,4.0618,0.9988,26.23
BAT_023,1760,4.0621,1.0046,26.17
BAT_023,1780,4.0603,0.9964,26.22
BAT_023,1800,4.0635,0.9971,26.19
BAT_023,1820,4.0546,1.0048,26.11
BAT_023,1840,4.0632,0.9904,26.26
BAT_023,1860,4.0617,1.0035,26.22
BAT_023,1880,4.0655,0.9966,26.2
BAT_023,1900,4.0619,0.9939,26.22
BAT_023,1920,4.0585,0.9922,26.25
BAT_023,1940,4.0667,1.007,26.28
BAT_023,1960,4.0581,1.0017,26.27
BAT_023,1980,4.0622,1.0053,26.24
BAT_023,2000,4.0636,0.9909,26.32
BAT_024,0,4.0982,0.9967,25.49
BAT_024,20,4.0846,0.9905,25.53
BAT_024,40,4.0705,0.9977,25.49
BAT_024,60,4.0551,1.0063,25.48
BAT_024,80,4.0424,0.9965,25.49
BAT_024,100,4.0349,1.0004,25.59
BAT_024,120,4.0218,1.0016,25.54
BAT_024,140,4.0169,0.997,25.54
BAT_024,160,4.0101,1.0059,25.51
BAT_024,180,4.003,0.9957,25.62
BAT_024,200,3.9951,0.9933,25.57
BAT_024,220,3.9901,1.0049,25.69
BAT_024,240,3.9868,1.0011,25.65
BAT_024,260,3.9795,1.007,25.6
BAT_024,280,3.9738,1.0051,25.58
BAT_024,300,3.9724,1.006,25.68
BAT_024,320,3.9695,1.0012,25.69
BAT_024,340,3.9626,1.0084,25.68
BAT_024,360,3.9614,1.0013,25.77
BAT_024,380,3.959,0.9998,25.77
BAT_024,400,3.9584,0.9984,25.71
BAT_024,420,3.955,0.9963,25.69
BAT_024,440,3.9514,0.9935,25.85
BAT_024,460,3.9492,1.0032,25.67
BAT_024,480,3.9483,1.0085,25.77
BAT_024,500,3.9446,0.9981,25.71
BAT_024,520,3.9424,1.0083,25.79
BAT_024,540,3.9455,1.0063,25.78
BAT_024,560,3.9444,1.0007,25.79
BAT_024,580,3.9422,0.9944,25.77
BAT_024,600,3.9431,0.9976,25.7
BAT_024,620,3.9444,0.9999,25.86
BAT_024,640,3.9429,0.9881,25.88
BAT_024,660,3.9374,1.0015,25.94
BAT_024,680,3.9388,0.9958,25.89
BAT_024,700,3.9396,1.0035,25.94
BAT_024,720,3.9377,0.9957,25.94
BAT_024,740,3.9342,1.0,25.92
BAT_024,760,3.9368,1.0064,25.96
BAT_024,780,3.9372,0.9992,25.94
BAT_024,800,3.9365,0.9997,25.92
BAT_024,820,3.9347,0.9995,26.01
BAT_024,840,3.9353,0.9966,26.04
BAT_024,860,3.93,1.0086,25.95
BAT_024,880,3.9345,1.007,26.01
BAT_024,900,3.9301,0.9947,26.03
BAT_024,920,3.9333,1.006,26.03
BAT_024,940,3.9319,0.9991,26.06
BAT_024,960,3.9303,0.9975,26.04
BAT_024,980,3.9336,0.9976,26.07
BAT_024,1000,3.9359,1.0007,26.14
BAT_024,1020,3.9258,1.0012,26.14
BAT_024,1040,3.9321,1.0006,26.11
BAT_024,1060,3.9279,1.0045,26.12
BAT_024,1080,3.9272,1.0078,26.22
BAT_024,1100,3.9282,1.0072,26.06
BAT_024,1120,3.931,0.9962,26.18
BAT_024,1140,3.9314,1.0048,26.22
BAT_024,1160,3.9302,1.0046,26.15
BAT_024,1180,3.9303,0.9978,26.16
BAT_024,1200,3.9297,1.003,26.25
BAT_024,1220,3.932,0.9962,26.17
BAT_024,1240,3.9289,1.008,26.15
BAT_024,1260,3.9283,0.9991,26.28
BAT_024,1280,3.9278,1.0002,26.3
BAT_024,1300,3.9258,0.9995,26.23
BAT_024,1320,3.9288,1.005,26.36
BAT_024,1340,3.9264,0.999,26.37
BAT_024,1360,3.9238,1.0128,26.26
BAT_024,1380,3.9295,1.0021,26.3
BAT_024,1400,3.928,0.9996,26.24
BAT_024,1420,3.9289,1.0045,26.46
BAT_024,1440,3.9264,0.9978,26.38
BAT_024,1460,3.9247,1.0016,26.39
BAT_024,1480,3.9256,0.9973,26.54
BAT_024,1500,3.9294,1.0005,26.48
BAT_024,1520,3.9284,0.9899,26.48
BAT_024,1540,3.927,1.0101,26.44
BAT_024,1560,3.9268,1.0017,26.46
BAT_024,1580,3.9219,1.0086,26.41
BAT_024,1600,3.9284,1.0059,26.49
BAT_024,1620,3.9248,0.9994,26.44
BAT_024,1640,3.9245,0.9956,26.58
BAT_024,1660,3.925,0.9976,26.52
BAT_024,1680,3.9256,0.9994,26.6
BAT_024,1700,3.9302,0.9974,26.55
BAT_024,1720,3.9241,1.0022,26.47
BAT_024,1740,3.9182,1.0028,26.54
BAT_024,1760,3.924,1.0006,26.6
BAT_024,1780,3.9222,0.9955,26.59
BAT_024,1800,3.924,1.0134,26.61
BAT_024,1820,3.924,1.0039,26.63
BAT_024,1840,3.9232,1.0028,26.52
BAT_024,1860,3.9212,0.9974,26.7
BAT_024,1880,3.9237,0.9935,26.59
BAT_024,1900,3.9225,0.9997,26.67
BAT_024,1920,3.9261,1.0021,26.69
BAT_024,1940,3.9231,1.0089,26.64
BAT_024,1960,3.9224,1.0064,26.68
BAT_024,1980,3.923,1.0064,26.74
BAT_024,2000,3.9211,0.994,26.75
BAT_025,0,3.957,1.0021,24.54
BAT_025,20,3.9307,1.0009,24.58
BAT_025,40,3.9048,1.0014,24.54
BAT_025,60,3.8839,1.0024,24.58
BAT_025,80,3.8675,0.997,24.66
BAT_025,100,3.8443,0.9964,24.76
BAT_025,120,3.8311,0.9979,24.75
BAT_025,140,3.8156,1.0042,24.69
BAT_025,160,3.8033,1.0047,24.77
BAT_025,180,3.7905,0.9976,24.67
BAT_025,200,3.7788,0.9977,24.86
BAT_025,220,3.767,1.0004,24.81
BAT_025,240,3.7582,1.0046,24.85
BAT_025,260,3.7527,1.0003,24.92
BAT_025,280,3.7439,0.9945,25.02
BAT_025,300,3.7381,1.0005,24.89
BAT_025,320,3.7311,1.0,24.99
BAT_025,340,3.7245,1.003,24.97
BAT_025,360,3.7216,0.9989,25.0
BAT_025,380,3.7145,1.0041,25.07
BAT_025,400,3.7122,0.9958,25.13
BAT_025,420,3.7112,1.0046,25.13
BAT_025,440,3.7084,1.011,25.12
BAT_025,460,3.7068,0.9968,25.13
BAT_025,480,3.7037,0.9936,25.21
BAT_025,500,3.6971,1.006,25.19
BAT_025,520,3.6943,1.0089,25.19
BAT_025,540,3.6917,0.9947,25.32
BAT_025,560,3.6883,0.9961,25.36
BAT_025,580,3.6911,0.9945,25.29
BAT_025,600,3.6815,1.002,25.31
BAT_025,620,3.6847,1.0018,25.38
BAT_025,640,3.68,0.9966,25.43
BAT_025,660,3.683,0.9997,25.49
BAT_025,680,3.6781,1.0041,25.38
BAT_025,700,3.6804,1.0049,25.47
BAT_025,720,3.6795,1.0011,25.57
BAT_025,740,3.6783,0.9979,25.5
BAT_025,760,3.6756,0.9986,25.6
BAT_025,780,3.6725,1.0058,25.57
BAT_025,800,3.6743,1.005,25.56
BAT_025,820,3.6741,1.0014,25.74
BAT_025,840,3.6784,0.9917,25.84
BAT_025,860,3.6741,0.9984,25.7
BAT_025,880,3.6701,0.9983,25.71
BAT_025,900,3.6679,1.0013,25.74
BAT_025,920,3.6712,1.0039,25.69
BAT_025,940,3.6687,1.0006,25.87
BAT_025,960,3.6682,0.9978,25.78
BAT_025,980,3.6686,1.006,25.9
BAT_025,1000,3.6691,0.9963,25.89
BAT_025,1020,3.6669,1.0009,25.99
BAT_025,1040,3.6722,0.9976,25.9
BAT_025,1060,3.6684,0.9912,25.98
BAT_025,1080,3.6653,1.0048,26.0
BAT_025,1100,3.6629,0.9971,25.98
BAT_025,1120,3.665,0.9945,26.07
BAT_025,1140,3.6647,1.0005,26.1
BAT_025,1160,3.6655,1.0069,26.13
BAT_025,1180,3.6666,0.9924,26.14
BAT_025,1200,3.6644,0.9945,26.1
BAT_025,1220,3.6625,1.0058,26.19
BAT_025,1240,3.6645,0.9984,26.27
BAT_025,1260,3.6649,1.0039,26.24
BAT_025,1280,3.6679,1.0061,26.18
BAT_025,1300,3.6621,0.9933,26.29
BAT_025,1320,3.6653,0.9988,26.29
BAT_025,1340,3.6637,0.9996,26.29
BAT_025,1360,3.6643,0.9959,26.42
BAT_025,1380,3.6622,1.0085,26.32
BAT_025,1400,3.6599,0.9949,26.4
BAT_025,1420,3.662,1.0074,26.28
BAT_025,1440,3.6605,1.0065,26.49
BAT_025,1460,3.6606,1.0042,26.45
BAT_025,1480,3.6597,1.0068,26.61
BAT_025,1500,3.6565,1.0084,26.59
BAT_025,1520,3.6607,1.0021,26.64
BAT_025,1540,3.6627,0.9905,26.63
BAT_025,1560,3.6562,1.0013,26.63
BAT_025,1580,3.6552,1.001,26.69
BAT_025,1600,3.6603,0.9984,26.7
BAT_025,1620,3.6547,1.0019,26.7
BAT_025,1640,3.657,1.0048,26.75
BAT_025,1660,3.6585,1.0014,26.83
BAT_025,1680,3.6554,1.0027,26.75
BAT_025,1700,3.655,0.9937,26.87
BAT_025,1720,3.6564,0.9979,26.86
BAT_025,1740,3.6557,1.0008,26.8
BAT_025,1760,3.6583,1.0049,26.86
BAT_025,1780,3.6581,0.9991,26.98
BAT_025,1800,3.6535,1.0043,27.01
BAT_025,1820,3.6546,0.9957,27.03
BAT_025,1840,3.651,1.0056,27.05
BAT_025,1860,3.6535,0.9917,27.08
BAT_025,1880,3.6536,0.9974,27.12
BAT_025,1900,3.6545,0.9972,27.21
BAT_025,1920,3.6519,1.0014,27.2
BAT_025,1940,3.6565,1.0073,27.09
BAT_025,1960,3.6532,0.9983,27.22
BAT_025,1980,3.6512,0.9976,27.12
BAT_025,2000,3.6489,0.9963,27.26
BAT_026,0,4.0587,1.0052,24.95
BAT_026,20,4.046,0.9937,24.87
BAT_026,40,4.0262,1.0033,24.92
BAT_026,60,4.0129,0.999,25.03
BAT_026,80,3.9993,1.01,25.04
BAT_026,100,3.9837,1.0146,25.03
BAT_026,120,3.9748,1.0012,25.03
BAT_026,140,3.9658,0.9975,24.97
BAT_026,160,3.9592,0.9971,25.09
BAT_026,180,3.9435,1.004,25.12
BAT_026,200,3.9413,0.9991,25.16
BAT_026,220,3.9322,1.0025,25.07
BAT_026,240,3.925,0.9966,25.16
BAT_026,260,3.9204,1.0052,25.1
BAT_026,280,3.914,1.0034,25.13
BAT_026,300,3.9117,1.0005,25.23
BAT_026,320,3.9057,1.0002,25.22
BAT_026,340,3.9055,1.0097,25.26
BAT_026,360,3.8965,0.9957,25.32
BAT_026,380,3.8964,1.0015,25.3
BAT_026,400,3.8943,0.986,25.3
BAT_026,420,3.8888,0.9988,25.29
BAT_026,440,3.888,1.0077,25.34
BAT_026,460,3.889,1.0018,25.32
BAT_026,480,3.8834,0.9974,25.29
BAT_026,500,3.8867,1.0033,25.42
BAT_026,520,3.8776,1.0009,25.31
BAT_026,540,3.8817,1.0025,25.42
BAT_026,560,3.8773,1.0094,25.35
BAT_026,580,3.8742,0.9998,25.5
BAT_026,600,3.8738,1.0024,25.5
BAT_026,620,3.872,0.998,25.55
BAT_026,640,3.8748,1.0025,25.44
BAT_026,660,3.8734,0.9996,25.58
BAT_026,680,3.8709,1.0064,25.64
BAT_026,700,3.8684,0.9971,25.65
BAT_026,720,3.8702,0.9956,25.66
BAT_026,740,3.8708,1.0026,25.59
BAT_026,760,3.8673,1.0046,25.67
BAT_026,780,3.865,1.0,25.64
BAT_026,800,3.8666,0.9982,25.7
BAT_026,820,3.8674,1.0019,25.71
BAT_026,840,3.866,0.9931,25.74
BAT_026,860,3.8616,0.9942,25.74
BAT_026,880,3.8673,1.0037,25.71
BAT_026,900,3.866,1.0135,25.8
BAT_026,920,3.8671,0.9974,25.81
BAT_026,940,3.8666,1.0015,25.87
BAT_026,960,3.8647,1.0008,25.74
BAT_026,980,3.8635,0.9989,25.82
BAT_026,1000,3.8655,1.004,25.92
BAT_026,1020,3.8632,1.0029,25.89
BAT_026,1040,3.859,0.9934,25.95
BAT_026,1060,3.864,1.0032,25.9
BAT_026,1080,3.8638,0.9917,25.95
BAT_026,1100,3.8606,0.9936,25.95
BAT_026,1120,3.863,1.0008,26.03
BAT_026,1140,3.8597,1.0007,25.92
BAT_026,1160,3.8572,1.0003,26.1
BAT_026,1180,3.8616,0.9948,26.11
BAT_026,1200,3.8605,1.0038,26.04
BAT_026,1220,3.8562,1.0018,26.1
BAT_026,1240,3.8564,1.001,26.17
BAT_026,1260,3.86,0.996,26.2
BAT_026,1280,3.8634,1.0039,26.18
BAT_026,1300,3.8599,0.999,26.22
BAT_026,1320,3.8613,1.0038,26.18
BAT_026,1340,3.8581,0.9972,26.28
BAT_026,1360,3.8585,1.0012,26.22
BAT_026,1380,3.8581,0.9994,26.18
BAT_026,1400,3.856,0.9941,26.3
BAT_026,1420,3.8589,0.998,26.3
BAT_026,1440,3.8553,0.9982,26.32
BAT_026,1460,3.8574,0.9971,26.32
BAT_026,1480,3.8572,1.0084,26.34
BAT_026,1500,3.8528,0.9993,26.43
BAT_026,1520,3.8572,1.0082,26.43
BAT_026,1540,3.8566,1.002,26.4
BAT_026,1560,3.8554,0.9911,26.44
BAT_026,1580,3.8595,1.0006,26.44
BAT_026,1600,3.8533,1.0055,26.43
BAT_026,1620,3.8562,0.9975,26.56
BAT_026,1640,3.8571,1.0031,26.52
BAT_026,1660,3.8552,1.0077,26.53
BAT_026,1680,3.857,0.9974,26.54
BAT_026,1700,3.8542,1.0008,26.57
BAT_026,1720,3.8525,1.0052,26.61
BAT_026,1740,3.856,1.0015,26.59
BAT_026,1760,3.8535,1.0005,26.65
BAT_026,1780,3.854,0.9956,26.66
BAT_026,1800,3.8542,0.992,26.75
BAT_026,1820,3.8527,1.0036,26.67
BAT_026,1840,3.8555,1.0113,26.69
BAT_026,1860,3.856,0.9976,26.75
BAT_026,1880,3.8529,1.0014,26.83
BAT_026,1900,3.8537,0.9975,26.77
BAT_026,1920,3.8515,1.0005,26.78
BAT_026,1940,3.8502,0.9994,26.82
BAT_026,1960,3.8462,1.0062,26.9
BAT_026,1980,3.8517,0.9945,26.86
BAT_026,2000,3.8541,0.9939,26.8
BAT_027,0,4.1794,0.9971,25.93
BAT_027,20,4.1739,1.0,25.92
BAT_027,40,4.1697,0.9992,25.94
BAT_027,60,4.1637,0.9964,26.0
BAT_027,80,4.1585,1.0017,25.99
BAT_027,100,4.1576,0.9962,25.99
BAT_027,120,4.1488,1.003,26.0
BAT_027,140,4.1482,0.9986,25.89
BAT_027,160,4.1418,1.0056,25.94
BAT_027,180,4.1399,1.0038,25.96
BAT_027,200,4.1369,0.998,25.94
BAT_027,220,4.1291,0.9987,25.96
BAT_027,240,4.1333,0.999,25.99
BAT_027,260,4.1286,1.0054,26.01
BAT_027,280,4.1285,0.9958,25.96
BAT_027,300,4.1271,1.0043,25.93
BAT_027,320,4.1248,0.9928,25.87
BAT_027,340,4.1223,1.0006,26.07
BAT_027,360,4.1228,0.9983,26.02
BAT_027,380,4.1208,0.994,25.95
BAT_027,400,4.1161,1.0002,25.94
BAT_027,420,4.12,0.9907,26.02
BAT_027,440,4.1164,1.0032,26.04
BAT_027,460,4.117,0.9972,26.09
BAT_027,480,4.1127,0.9971,26.04
BAT_027,500,4.1184,1.0061,26.09
BAT_027,520,4.1153,1.0055,26.09
BAT_027,540,4.1132,1.0083,26.0
BAT_027,560,4.1157,1.0051,25.99
BAT_027,580,4.1119,0.9992,26.0
BAT_027,600,4.1115,0.9967,26.04
BAT_027,620,4.1146,1.0,26.15
BAT_027,640,4.107,1.0065,26.02
BAT_027,660,4.1131,1.0052,26.13
BAT_027,680,4.1094,1.0095,26.06
BAT_027,700,4.1098,1.0047,26.08
BAT_027,720,4.1082,1.0003,26.07
BAT_027,740,4.1117,0.9955,26.14
BAT_027,760,4.1091,1.0062,26.17
BAT_027,780,4.1084,0.995,26.08
BAT_027,800,4.1133,0.9959,26.06
BAT_027,820,4.1104,1.0006,26.11
BAT_027,840,4.1084,1.0036,26.07
BAT_027,860,4.1078,1.0037,26.02
BAT_027,880,4.1084,1.0031,26.27
BAT_027,900,4.1051,0.9943,26.05
BAT_027,920,4.1067,1.0026,26.08
BAT_027,940,4.1089,0.9987,26.11
BAT_027,960,4.104,1.0052,26.1
BAT_027,980,4.1058,0.9966,26.15
BAT_027,1000,4.1103,1.0039,26.19
BAT_027,1020,4.1064,1.0004,26.14
BAT_027,1040,4.1081,1.0029,26.09
BAT_027,1060,4.1054,0.9973,26.19
BAT_027,1080,4.1039,0.9984,26.23
BAT_027,1100,4.1028,1.0076,26.06
BAT_027,1120,4.1109,0.9947,26.11
BAT_027,1140,4.1077,1.004,26.09
BAT_027,1160,4.103,1.0018,26.26
BAT_027,1180,4.1065,0.9937,26.19
BAT_027,1200,4.1079,1.0019,26.15
BAT_027,1220,4.1042,1.0047,26.22
BAT_027,1240,4.1053,0.9923,26.2
BAT_027,1260,4.1061,0.9983,26.32
BAT_027,1280,4.1034,0.9994,26.22
BAT_027,1300,4.1067,1.0001,26.15
BAT_027,1320,4.1075,0.9965,26.25
BAT_027,1340,4.1071,1.0124,26.2
BAT_027,1360,4.1062,0.9977,26.29
BAT_027,1380,4.104,1.0,26.25
BAT_027,1400,4.1041,1.003,26.19
BAT_027,1420,4.1086,1.0062,26.23
BAT_027,1440,4.1034,0.9957,26.22
BAT_027,1460,4.1033,1.0064,26.22
BAT_027,1480,4.1064,0.9953,26.26
BAT_027,1500,4.1062,0.9984,26.31
BAT_027,1520,4.1059,1.0064,26.24
BAT_027,1540,4.102,1.0003,26.26
BAT_027,1560,4.1039,0.9997,26.29
BAT_027,1580,4.1044,1.0093,26.31
BAT_027,1600,4.108,1.0003,26.19
BAT_027,1620,4.1049,1.0051,26.4
BAT_027,1640,4.1049,1.0036,26.31
BAT_027,1660,4.1082,1.0049,26.25
BAT_027,1680,4.1022,0.9947,26.26
BAT_027,1700,4.1048,0.9964,26.35
BAT_027,1720,4.0989,1.0021,26.35
BAT_027,1740,4.1079,1.0044,26.32
BAT_027,1760,4.103,1.0008,26.32
BAT_027,1780,4.1052,0.9999,26.35
BAT_027,1800,4.1048,0.9989,26.32
BAT_027,1820,4.1029,0.9971,26.35
BAT_027,1840,4.104,0.9976,26.45
BAT_027,1860,4.104,0.9986,26.33
BAT_027,1880,4.1036,0.9989,26.23
BAT_027,1900,4.1017,1.0053,26.39
BAT_027,1920,4.1009,1.002,26.38
BAT_027,1940,4.1041,0.9934,26.37
BAT_027,1960,4.1025,0.9889,26.35
BAT_027,1980,4.1051,1.0006,26.33
BAT_027,2000,4.1038,0.9971,26.39
BAT_028,0,3.9795,0.9974,25.58
BAT_028,20,3.9549,1.0043,25.56
BAT_028,40,3.9283,0.9907,25.62
BAT_028,60,3.9142,1.0043,25.62
BAT_028,80,3.8909,0.9977,25.67
BAT_028,100,3.8806,0.9983,25.65
BAT_028,120,3.8615,1.0049,25.75
BAT_028,140,3.8461,1.0059,25.69
BAT_028,160,3.8344,0.9924,25.73
BAT_028,180,3.8307,1.0125,25.73
BAT_028,200,3.8148,1.0008,25.84
BAT_028,220,3.8061,0.9923,25.83
BAT_028,240,3.7974,0.9915,25.88
BAT_028,260,3.7884,0.9915,25.98
BAT_028,280,3.7862,1.007,25.94
BAT_028,300,3.7774,0.9996,25.9
BAT_028,320,3.774,1.0013,25.98
BAT_028,340,3.7639,0.9995,26.1
BAT_028,360,3.7656,1.0042,26.03
BAT_028,380,3.7588,1.0027,26.09
BAT_028,400,3.7567,0.9969,25.99
BAT_028,420,3.7465,0.9956,26.07
BAT_028,440,3.7492,1.0052,26.16
BAT_028,460,3.746,1.0004,26.2
BAT_028,480,3.7414,0.9981,26.28
BAT_028,500,3.7394,0.9998,26.3
BAT_028,520,3.7396,0.9982,26.29
BAT_028,540,3.7337,1.0006,26.32
BAT_028,560,3.7337,1.0008,26.35
BAT_028,580,3.7272,0.996,26.36
BAT_028,600,3.7295,0.9954,26.38
BAT_028,620,3.7321,0.9989,26.38
BAT_028,640,3.7267,0.9944,26.47
BAT_028,660,3.7245,1.0045,26.52
BAT_028,680,3.7264,1.005,26.5
BAT_028,700,3.7208,0.9997,26.56
BAT_028,720,3.7202,0.9942,26.61
BAT_028,740,3.7231,1.0066,26.62
BAT_028,760,3.7216,1.0021,26.65
BAT_028,780,3.7206,0.999,26.66
BAT_028,800,3.7193,1.0116,26.63
BAT_028,820,3.7163,0.9937,26.75
BAT_028,840,3.7178,1.0008,26.72
BAT_028,860,3.7185,0.9929,26.76
BAT_028,880,3.7162,1.0053,26.81
BAT_028,900,3.7144,0.9953,26.84
BAT_028,920,3.7186,1.0037,26.83
BAT_028,940,3.7179,0.9885,26.84
BAT_028,960,3.7134,0.9951,26.92
BAT_028,980,3.7154,1.0014,26.92
BAT_028,1000,3.7156,1.0038,26.93
BAT_028,1020,3.7158,0.9955,27.07
BAT_028,1040,3.7111,0.9987,26.96
BAT_028,1060,3.7133,1.0064,27.0
BAT_028,1080,3.7163,1.0069,27.09
BAT_028,1100,3.7114,1.0044,26.96
BAT_028,1120,3.7106,1.0047,27.12
BAT_028,1140,3.7166,0.9967,27.09
BAT_028,1160,3.711,1.0029,27.26
BAT_028,1180,3.7078,1.0008,27.27
BAT_028,1200,3.7095,0.9979,27.18
BAT_028,1220,3.712,1.0041,27.29
BAT_028,1240,3.7107,1.0049,27.29
BAT_028,1260,3.7113,1.004,27.38
BAT_028,1280,3.7106,1.0005,27.38
BAT_028,1300,3.7063,0.9914,27.46
BAT_028,1320,3.7093,0.995,27.38
BAT_028,1340,3.7085,1.0004,27.4
BAT_028,1360,3.7104,0.9918,27.6
BAT_028,1380,3.7061,1.0082,27.52
BAT_028,1400,3.7046,0.9941,27.52
BAT_028,1420,3.7082,0.9979,27.55
BAT_028,1440,3.7076,0.9945,27.58
BAT_028,1460,3.7115,0.9968,27.56
BAT_028,1480,3.7081,1.0066,27.68
BAT_028,1500,3.7053,0.9996,27.67
BAT_028,1520,3.7058,1.002,27.74
BAT_028,1540,3.7071,0.9999,27.71
BAT_028,1560,3.7092,0.9941,27.84
BAT_028,1580,3.7069,1.0004,27.74
BAT_028,1600,3.7088,1.006,27.85
BAT_028,1620,3.709,0.9912,27.84
BAT_028,1640,3.7041,0.9965,27.86
BAT_028,1660,3.7055,1.0026,27.88
BAT_028,1680,3.7015,1.0028,27.95
BAT_028,1700,3.7081,1.0046,27.95
BAT_028,1720,3.7014,1.0134,27.94
BAT_028,1740,3.7038,1.0037,28.03
BAT_028,1760,3.7057,0.995,27.99
BAT_028,1780,3.7032,0.9939,28.03
BAT_028,1800,3.7053,1.0015,28.08
BAT_028,1820,3.7013,1.0002,28.11
BAT_028,1840,3.7,1.0039,28.08
BAT_028,1860,3.7044,0.9983,28.06
BAT_028,1880,3.6985,1.0015,28.16
BAT_028,1900,3.7049,1.0068,28.33
BAT_028,1920,3.7028,1.0067,28.23
BAT_028,1940,3.7034,0.9978,28.28
BAT_028,1960,3.6979,1.0003,28.33
BAT_028,1980,3.7002,0.9945,28.39
BAT_028,2000,3.7019,0.9996,28.41
BAT_029,0,3.9761,1.0018,24.16
BAT_029,20,3.9553,1.0046,24.22
BAT_029,40,3.9325,0.9953,24.11
BAT_029,60,3.913,0.9984,24.3
BAT_029,80,3.8962,0.9957,24.17
BAT_029,100,3.8767,1.0049,24.33
BAT_029,120,3.862,0.9897,24.25
BAT_029,140,3.8496,1.0058,24.29
BAT_029,160,3.8339,1.0036,24.33
BAT_029,180,3.822,1.003,24.42
BAT_029,200,3.8113,0.9942,24.4
BAT_029,220,3.7997,0.9945,24.37
BAT_029,240,3.7954,0.9982,24.48
BAT_029,260,3.7872,0.9916,24.53
BAT_029,280,3.7819,0.9974,24.52
BAT_029,300,3.7739,1.0027,24.41
BAT_029,320,3.7699,0.9974,24.48
BAT_029,340,3.763,1.0012,24.56
BAT_029,360,3.7556,0.9998,24.6
BAT_029,380,3.7542,0.995,24.63
BAT_029,400,3.7469,0.9976,24.74
BAT_029,420,3.7462,1.0003,24.66
BAT_029,440,3.7402,1.0011,24.64
BAT_029,460,3.7365,1.0043,24.7
BAT_029,480,3.7362,1.0003,24.8
BAT_029,500,3.7362,1.0097,24.79
BAT_029,520,3.7339,1.0017,24.79
BAT_029,540,3.7301,1.0099,24.85
BAT_029,560,3.7278,0.9955,24.77
BAT_029,580,3.7262,1.0029,24.98
BAT_029,600,3.7271,0.9981,24.98
BAT_029,620,3.7232,1.0031,24.94
BAT_029,640,3.719,0.9983,24.93
BAT_029,660,3.7188,1.0046,25.01
BAT_029,680,3.718,0.9931,25.05
BAT_029,700,3.7161,1.0001,25.0
BAT_029,720,3.7146,1.0024,25.1
BAT_029,740,3.714,1.0008,25.11
BAT_029,760,3.7159,0.9946,25.2
BAT_029,780,3.7129,1.0003,25.25
BAT_029,800,3.7136,1.0028,25.25
BAT_029,820,3.7109,1.0036,25.14
BAT_029,840,3.7114,0.9947,25.23
BAT_029,860,3.7139,0.9998,25.34
BAT_029,880,3.7105,0.9972,25.32
BAT_029,900,3.71,1.0055,25.32
BAT_029,920,3.7062,1.007,25.4
BAT_029,940,3.7107,0.9978,25.4
BAT_029,960,3.7085,0.9978,25.53
BAT_029,980,3.7118,1.0144,25.55
BAT_029,1000,3.7083,0.9997,25.44
BAT_029,1020,3.7082,1.0026,25.55
BAT_029,1040,3.7062,0.9994,25.56
BAT_029,1060,3.7055,0.996,25.53
BAT_029,1080,3.7049,1.0018,25.54
BAT_029,1100,3.7056,0.9968,25.6
BAT_029,1120,3.7023,0.9911,25.66
BAT_029,1140,3.7068,1.0078,25.67
BAT_029,1160,3.7051,0.9993,25.78
BAT_029,1180,3.7049,0.996,25.66
BAT_029,1200,3.7062,1.0081,25.85
BAT_029,1220,3.7026,0.9875,25.8
BAT_029,1240,3.7046,0.9968,25.89
BAT_029,1260,3.7029,1.0011,25.79
BAT_029,1280,3.7027,0.9976,25.77
BAT_029,1300,3.7055,1.0005,25.84
BAT_029,1320,3.7047,1.0036,25.97
BAT_029,1340,3.7001,0.9922,25.97
BAT_029,1360,3.7029,0.9975,26.03
BAT_029,1380,3.699,0.9904,25.93
BAT_029,1400,3.7009,1.0019,26.1
BAT_029,1420,3.7003,0.9995,26.02
BAT_029,1440,3.6969,1.0096,26.15
BAT_029,1460,3.7024,0.9918,26.03
BAT_029,1480,3.698,0.9987,26.19
BAT_029,1500,3.7023,0.996,26.17
BAT_029,1520,3.7007,0.9988,26.19
BAT_029,1540,3.696,1.0022,26.23
BAT_029,1560,3.7007,1.0056,26.32
BAT_029,1580,3.6963,0.9965,26.35
BAT_029,1600,3.6972,1.0018,26.24
BAT_029,1620,3.696,1.0003,26.3
BAT_029,1640,3.6933,1.0001,26.36
BAT_029,1660,3.6944,0.9944,26.35
BAT_029,1680,3.6953,0.9973,26.38
BAT_029,1700,3.6985,0.9917,26.36
BAT_029,1720,3.6945,1.0029,26.48
BAT_029,1740,3.6958,1.001,26.51
BAT_029,1760,3.6963,1.0008,26.44
BAT_029,1780,3.6934,1.0004,26.43
BAT_029,1800,3.6967,1.0003,26.65
BAT_029,1820,3.6938,1.011,26.61
BAT_029,1840,3.6957,0.9984,26.59
BAT_029,1860,3.6974,1.0043,26.58
BAT_029,1880,3.6939,1.0025,26.66
BAT_029,1900,3.6954,0.9899,26.72
BAT_029,1920,3.6902,1.0044,26.77
BAT_029,1940,3.69,1.0,26.68
BAT_029,1960,3.6884,1.0004,26.7
BAT_029,1980,3.6926,1.0015,26.88
BAT_029,2000,3.6935,0.9882,26.75
BAT_030,0,3.9203,0.9962,25.34
BAT_030,20,3.8952,0.9942,25.4
BAT_030,40,3.8655,0.9963,25.4
BAT_030,60,3.8386,0.9958,25.54
BAT_030,80,3.8234,0.9986,25.55
BAT_030,100,3.8021,1.0006,25.54
BAT_030,120,3.786,1.0029,25.57
BAT_030,140,3.7672,1.0047,25.58
BAT_030,160,3.7518,0.9986,25.62
BAT_030,180,3.7427,1.0018,25.68
BAT_030,200,3.7272,1.0071,25.74
BAT_030,220,3.7216,1.0046,25.74
BAT_030,240,3.7066,0.9986,25.8
BAT_030,260,3.7004,1.0024,25.9
BAT_030,280,3.6877,1.0001,25.79
BAT_030,300,3.6813,0.997,25.86
BAT_030,320,3.6748,0.9924,25.98
BAT_030,340,3.6701,1.0048,25.91
BAT_030,360,3.6605,0.997,26.04
BAT_030,380,3.6591,1.002,25.98
BAT_030,400,3.6584,1.0022,26.12
BAT_030,420,3.6509,1.0064,26.1
BAT_030,440,3.6467,0.9968,26.14
BAT_030,460,3.6424,0.994,26.18
BAT_030,480,3.6425,0.9985,26.25
BAT_030,500,3.6414,0.9936,26.25
BAT_030,520,3.6336,0.9968,26.28
BAT_030,540,3.6284,1.003,26.35
BAT_030,560,3.632,1.0032,26.43
BAT_030,580,3.6281,1.0055,26.45
BAT_030,600,3.628,0.9911,26.4
BAT_030,620,3.6247,0.9919,26.44
BAT_030,640,3.6252,0.9987,26.47
BAT_030,660,3.6252,0.9969,26.47
BAT_030,680,3.621,1.0056,26.58
BAT_030,700,3.6198,0.9975,26.65
BAT_030,720,3.6203,0.9913,26.64
BAT_030,740,3.6126,1.0075,26.69
BAT_030,760,3.6151,0.9935,26.68
BAT_030,780,3.612,1.0028,26.7
BAT_030,800,3.611,0.9999,26.82
BAT_030,820,3.6112,0.9982,26.89
BAT_030,840,3.6134,0.9972,26.84
BAT_030,860,3.6138,0.995,26.86
BAT_030,880,3.6083,0.9921,26.82
BAT_030,900,3.6126,1.0015,26.97
BAT_030,920,3.6128,1.0002,26.98
BAT_030,940,3.6106,1.0023,26.95
BAT_030,960,3.6086,0.9992,27.04
BAT_030,980,3.6071,0.9993,27.09
BAT_030,1000,3.6085,1.003,27.15
BAT_030,1020,3.6088,1.0048,27.18
BAT_030,1040,3.61,1.0031,27.15
BAT_030,1060,3.6114,1.0056,27.27
BAT_030,1080,3.6077,1.0002,27.19
BAT_030,1100,3.6067,0.9982,27.26
BAT_030,1120,3.6011,1.0078,27.26
BAT_030,1140,3.6028,1.0023,27.38
BAT_030,1160,3.603,1.0,27.4
BAT_030,1180,3.6046,1.0026,27.46
BAT_030,1200,3.6031,0.9919,27.56
BAT_030,1220,3.6027,0.995,27.53
BAT_030,1240,3.6043,0.9969,27.64
BAT_030,1260,3.5981,1.0064,27.56
BAT_030,1280,3.603,1.0016,27.58
BAT_030,1300,3.6027,0.9935,27.61
BAT_030,1320,3.6054,0.9871,27.72
BAT_030,1340,3.5969,0.9957,27.74
BAT_030,1360,3.6002,0.9971,27.66
BAT_030,1380,3.6005,0.9991,27.74
BAT_030,1400,3.5973,1.0008,27.82
BAT_030,1420,3.6024,1.0026,27.91
BAT_030,1440,3.6022,0.9858,27.96
BAT_030,1460,3.5992,0.9947,27.93
BAT_030,1480,3.601,0.9922,27.88
BAT_030,1500,3.6002,0.9972,28.05
BAT_030,1520,3.5989,0.9972,27.94
BAT_030,1540,3.5994,0.9914,27.98
BAT_030,1560,3.5952,1.0085,28.17
BAT_030,1580,3.5971,0.9981,28.15
BAT_030,1600,3.5997,0.9959,28.26
BAT_030,1620,3.5965,1.0057,28.07
BAT_030,1640,3.5965,0.9965,28.32
BAT_030,1660,3.5959,0.9936,28.35
BAT_030,1680,3.5946,1.0,28.23
BAT_030,1700,3.5971,1.001,28.31
BAT_030,1720,3.5946,0.9971,28.32
BAT_030,1740,3.5923,1.006,28.44
BAT_030,1760,3.592,0.9941,28.45
BAT_030,1780,3.599,0.999,28.45
BAT_030,1800,3.5937,1.0012,28.49
BAT_030,1820,3.5961,1.0049,28.56
BAT_030,1840,3.5967,0.9988,28.54
BAT_030,1860,3.5993,0.9903,28.52
BAT_030,1880,3.5882,1.0018,28.58
BAT_030,1900,3.5948,0.9895,28.66
BAT_030,1920,3.5916,0.9946,28.76
BAT_030,1940,3.5913,1.0023,28.71
BAT_030,1960,3.5921,0.9977,28.78
BAT_030,1980,3.5913,0.9966,28.83
BAT_030,2000,3.5908,0.9951,28.79
BAT_031,0,4.1419,1.0123,25.53
BAT_031,20,4.1368,0.997,25.64
BAT_031,40,4.1224,0.9952,25.67
BAT_031,60,4.1138,1.0049,25.61
BAT_031,80,4.1114,1.0007,25.62
BAT_031,100,4.1037,1.0046,25.72
BAT_031,120,4.0979,1.0015,25.71
BAT_031,140,4.0919,0.9913,25.61
BAT_031,160,4.086,0.995,25.68
BAT_031,180,4.0833,0.9931,25.69
BAT_031,200,4.0776,1.0023,25.75
BAT_031,220,4.0755,1.0008,25.75
BAT_031,240,4.0733,0.9976,25.75
BAT_031,260,4.0731,1.0062,25.73
BAT_031,280,4.0651,1.0081,25.83
BAT_031,300,4.0669,0.9962,25.68
BAT_031,320,4.0639,1.0081,25.81
BAT_031,340,4.0639,0.999,25.7
BAT_031,360,4.059,0.9951,25.72
BAT_031,380,4.0586,0.9936,25.82
BAT_031,400,4.0532,1.0037,25.82
BAT_031,420,4.0565,1.0025,25.83
BAT_031,440,4.0555,0.9992,25.7
BAT_031,460,4.0492,0.9912,25.86
BAT_031,480,4.0516,0.9953,25.74
BAT_031,500,4.0488,1.0045,25.79
BAT_031,520,4.0524,1.0022,25.83
BAT_031,540,4.0438,1.0046,25.85
BAT_031,560,4.0465,1.009,25.83
BAT_031,580,4.047,0.9951,25.78
BAT_031,600,4.0429,0.9959,25.75
BAT_031,620,4.0399,1.002,25.86
BAT_031,640,4.0416,0.9985,25.87
BAT_031,660,4.0447,1.0037,25.76
BAT_031,680,4.0435,1.0056,25.9
BAT_031,700,4.0433,1.0044,25.83
BAT_031,720,4.0425,1.0019,25.75
BAT_031,740,4.0403,0.999,25.89
BAT_031,760,4.0443,1.0006,25.9
BAT_031,780,4.04,0.9939,25.96
BAT_031,800,4.0405,1.0076,25.97
BAT_031,820,4.0364,0.9944,25.9
BAT_031,840,4.0419,1.0011,25.94
BAT_031,860,4.0435,1.0045,25.94
BAT_031,880,4.0414,1.0028,25.94
BAT_031,900,4.0385,0.9984,26.02
BAT_031,920,4.0375,0.997,25.96
BAT_031,940,4.0383,0.9983,25.93
BAT_031,960,4.0375,0.998,25.89
BAT_031,980,4.0388,1.0078,25.99
BAT_031,1000,4.04,1.0013,25.98
BAT_031,1020,4.04,0.9954,26.02
BAT_031,1040,4.0387,0.9992,25.97
BAT_031,1060,4.0382,1.0036,26.05
BAT_031,1080,4.0335,1.0031,26.1
BAT_031,1100,4.0391,1.0079,26.04
BAT_031,1120,4.0363,1.0143,26.1
BAT_031,1140,4.0368,0.9961,25.97
BAT_031,1160,4.0382,0.9995,26.01
BAT_031,1180,4.0369,1.0048,26.01
BAT_031,1200,4.0346,0.9967,26.01
BAT_031,1220,4.0337,1.0027,26.06
BAT_031,1240,4.0349,1.0053,26.1
BAT_031,1260,4.0349,1.0029,26.03
BAT_031,1280,4.0383,0.9932,26.12
BAT_031,1300,4.0361,1.0026,26.07
BAT_031,1320,4.0348,0.9907,26.14
BAT_031,1340,4.037,0.9996,26.07
BAT_031,1360,4.0374,1.0101,26.12
BAT_031,1380,4.0338,0.9998,26.1
BAT_031,1400,4.0387,0.9987,26.14
BAT_031,1420,4.0367,1.0019,26.18
BAT_031,1440,4.0345,0.9998,26.05
BAT_031,1460,4.0339,1.002,26.19
BAT_031,1480,4.0328,1.0052,26.16
BAT_031,1500,4.036,0.9997,26.25
BAT_031,1520,4.0357,1.0037,26.15
BAT_031,1540,4.0362,1.0013,26.21
BAT_031,1560,4.0331,1.0044,26.21
BAT_031,1580,4.0352,0.9977,26.19
BAT_031,1600,4.0365,1.0008,26.24
BAT_031,1620,4.0351,0.9919,26.29
BAT_031,1640,4.0372,1.0055,26.28
BAT_031,1660,4.0356,1.0072,26.22
BAT_031,1680,4.0353,0.9958,26.3
BAT_031,1700,4.033,1.0026,26.25
BAT_031,1720,4.0373,1.0037,26.21
BAT_031,1740,4.0356,1.0052,26.18
BAT_031,1760,4.0339,0.9966,26.2
BAT_031,1780,4.0323,1.0023,26.36
BAT_031,1800,4.034,0.997,26.28
BAT_031,1820,4.0331,1.0023,26.36
BAT_031,1840,4.0359,1.0006,26.33
BAT_031,1860,4.033,1.0016,26.36
BAT_031,1880,4.0353,0.9991,26.29
BAT_031,1900,4.0323,1.0015,26.3
BAT_031,1920,4.0317,0.989,26.32
BAT_031,1940,4.0359,1.006,26.37
BAT_031,1960,4.0339,1.0051,26.34
BAT_031,1980,4.032,0.9939,26.33
BAT_031,2000,4.035,1.0013,26.4
BAT_032,0,4.0493,1.0029,25.17
BAT_032,20,4.033,1.0004,25.23
BAT_032,40,4.0197,1.0012,25.24
BAT_032,60,4.0061,1.0051,25.24
BAT_032,80,3.995,0.9957,25.23
BAT_032,100,3.9862,0.9998,25.3
BAT_032,120,3.9769,0.9991,25.36
BAT_032,140,3.9711,1.0017,25.33
BAT_032,160,3.9631,1.0035,25.28
BAT_032,180,3.9555,1.001,25.43
BAT_032,200,3.9443,0.9958,25.37
BAT_032,220,3.9419,0.9945,25.39
BAT_032,240,3.9375,0.9968,25.45
BAT_032,260,3.9292,0.9916,25.46
BAT_032,280,3.9264,0.9929,25.53
BAT_032,300,3.9244,1.0044,25.47
BAT_032,320,3.917,0.9996,25.53
BAT_032,340,3.9157,0.9971,25.49
BAT_032,360,3.9116,0.9996,25.53
BAT_032,380,3.9137,0.9986,25.6
BAT_032,400,3.9071,0.9991,25.55
BAT_032,420,3.9048,0.9926,25.51
BAT_032,440,3.9064,0.9948,25.65
BAT_032,460,3.9017,0.9972,25.69
BAT_032,480,3.8992,1.0021,25.65
BAT_032,500,3.9006,1.0047,25.69
BAT_032,520,3.8995,1.0025,25.78
BAT_032,540,3.8958,0.9924,25.74
BAT_032,560,3.8953,0.9982,25.73
BAT_032,580,3.8932,0.9938,25.85
BAT_032,600,3.8913,0.9947,25.7
BAT_032,620,3.8902,0.9998,25.87
BAT_032,640,3.8922,0.9964,25.76
BAT_032,660,3.8881,0.9996,25.88
BAT_032,680,3.8886,1.0078,25.95
BAT_032,700,3.8892,0.9894,25.93
BAT_032,720,3.8881,1.0033,25.94
BAT_032,740,3.8857,1.0003,25.92
BAT_032,760,3.8857,1.0034,25.93
BAT_032,780,3.8858,1.0092,25.96
BAT_032,800,3.8894,0.9992,26.02
BAT_032,820,3.8843,1.0007,26.04
BAT_032,840,3.8811,1.0026,26.0
BAT_032,860,3.8871,1.0009,26.02
BAT_032,880,3.8821,1.0144,26.01
BAT_032,900,3.8836,0.9965,26.05
BAT_032,920,3.8843,0.9934,26.14
BAT_032,940,3.8831,1.0029,26.0
BAT_032,960,3.8823,0.9985,26.1
BAT_032,980,3.8817,1.0015,26.16
BAT_032,1000,3.8808,0.9904,26.2
BAT_032,1020,3.8819,1.0052,26.22
BAT_032,1040,3.882,0.993,26.18
BAT_032,1060,3.8806,1.0061,26.14
BAT_032,1080,3.8835,0.9925,26.21
BAT_032,1100,3.8788,0.9966,26.23
BAT_032,1120,3.882,0.9971,26.31
BAT_032,1140,3.8845,1.0008,26.24
BAT_032,1160,3.8805,0.9995,26.3
BAT_032,1180,3.8829,1.0056,26.43
BAT_032,1200,3.8815,0.987,26.34
BAT_032,1220,3.8816,0.996,26.34
BAT_032,1240,3.8819,1.0007,26.33
BAT_032,1260,3.8787,0.9849,26.41
BAT_032,1280,3.8773,0.9997,26.37
BAT_032,1300,3.8777,0.9975,26.58
BAT_032,1320,3.877,0.9942,26.44
BAT_032,1340,3.8812,1.0039,26.52
BAT_032,1360,3.8783,1.0006,26.46
BAT_032,1380,3.8784,0.996,26.45
BAT_032,1400,3.8767,1.0094,26.56
BAT_032,1420,3.877,0.9994,26.54
BAT_032,1440,3.8807,0.9998,26.55
BAT_032,1460,3.8794,1.0015,26.56
BAT_032,1480,3.8764,1.0007,26.54
BAT_032,1500,3.876,1.0049,26.68
BAT_032,1520,3.8798,0.9978,26.62
BAT_032,1540,3.8769,0.9976,26.73
BAT_032,1560,3.8768,1.0066,26.66
BAT_032,1580,3.8778,1.0079,26.67
BAT_032,1600,3.8757,0.997,26.65
BAT_032,1620,3.8762,0.9968,26.86
BAT_032,1640,3.8757,0.9895,26.81
BAT_032,1660,3.8783,0.9998,26.8
BAT_032,1680,3.8777,0.9972,26.81
BAT_032,1700,3.8764,1.0081,26.89
BAT_032,1720,3.8763,0.9934,26.89
BAT_032,1740,3.8757,1.0057,26.86
BAT_032,1760,3.876,1.0031,26.85
BAT_032,1780,3.8742,1.0112,26.86
BAT_032,1800,3.8771,1.0033,26.96
BAT_032,1820,3.8778,0.9934,26.98
BAT_032,1840,3.871,1.0002,26.97
BAT_032,1860,3.8768,1.0053,26.93
BAT_032,1880,3.8741,0.9992,26.96
BAT_032,1900,3.8729,0.9967,27.07
BAT_032,1920,3.877,1.0036,27.12
BAT_032,1940,3.8744,0.9947,27.02
BAT_032,1960,3.8744,1.0049,27.13
BAT_032,1980,3.8721,1.0047,27.06
BAT_032,2000,3.8749,1.0044,27.18
BAT_033,0,4.0169,0.9998,24.21
BAT_033,20,4.0003,1.0062,24.28
BAT_033,40,3.9819,1.0066,24.32
BAT_033,60,3.9618,0.991,24.35
BAT_033,80,3.9514,0.9994,24.39
BAT_033,100,3.9313,0.9992,24.39
BAT_033,120,3.9233,1.0012,24.34
BAT_033,140,3.9128,1.0019,24.35
BAT_033,160,3.9035,0.9922,24.42
BAT_033,180,3.8908,0.9981,24.41
BAT_033,200,3.8809,0.993,24.47
BAT_033,220,3.8743,1.001,24.42
BAT_033,240,3.8662,1.012,24.46
BAT_033,260,3.8647,1.0019,24.58
BAT_033,280,3.8578,1.0049,24.53
BAT_033,300,3.8527,0.9935,24.44
BAT_033,320,3.8462,0.9989,24.62
BAT_033,340,3.8424,0.9951,24.64
BAT_033,360,3.8396,0.996,24.58
BAT_033,380,3.8342,1.0042,24.65
BAT_033,400,3.8284,1.0088,24.73
BAT_033,420,3.8258,1.0032,24.72
BAT_033,440,3.8251,0.9977,24.63
BAT_033,460,3.8214,0.9965,24.74
BAT_033,480,3.8185,0.9937,24.76
BAT_033,500,3.8181,0.9971,24.73
BAT_033,520,3.8183,0.9836,24.73
BAT_033,540,3.8166,0.9965,24.76
BAT_033,560,3.8142,1.0001,24.77
BAT_033,580,3.8136,1.0079,24.83
BAT_033,600,3.8089,1.0017,24.78
BAT_033,620,3.8055,0.9936,24.83
BAT_033,640,3.8104,0.996,24.87
BAT_033,660,3.8093,0.997,24.9
BAT_033,680,3.8065,0.9897,24.97
BAT_033,700,3.8083,1.0007,25.01
BAT_033,720,3.806,0.9998,24.96
BAT_033,740,3.8038,0.9976,24.97
BAT_033,760,3.8046,0.9921,25.01
BAT_033,780,3.801,0.9958,25.12
BAT_033,800,3.8035,0.9894,25.08
BAT_033,820,3.8057,1.0004,25.05
BAT_033,840,3.7988,0.9952,25.09
BAT_033,860,3.8003,1.0067,25.14
BAT_033,880,3.8005,0.9909,25.05
BAT_033,900,3.8015,0.9997,25.17
BAT_033,920,3.7971,1.0046,25.17
BAT_033,940,3.7982,1.0048,25.16
BAT_033,960,3.7972,1.0044,25.3
BAT_033,980,3.7996,1.0023,25.21
BAT_033,1000,3.7996,0.9956,25.22
BAT_033,1020,3.7969,1.001,25.19
BAT_033,1040,3.7946,0.9926,25.29
BAT_033,1060,3.7954,1.0081,25.29
BAT_033,1080,3.799,0.9988,25.36
BAT_033,1100,3.7943,0.9881,25.26
BAT_033,1120,3.7981,1.0083,25.33
BAT_033,1140,3.7916,0.9976,25.32
BAT_033,1160,3.7921,1.0021,25.47
BAT_033,1180,3.7952,1.0042,25.49
BAT_033,1200,3.7945,0.9945,25.46
BAT_033,1220,3.7943,1.0012,25.53
BAT_033,1240,3.7936,1.0031,25.52
BAT_033,1260,3.7935,0.9979,25.5
BAT_033,1280,3.7917,1.0029,25.52
BAT_033,1300,3.7942,0.9966,25.65
BAT_033,1320,3.7921,0.9973,25.5
BAT_033,1340,3.7936,1.0113,25.59
BAT_033,1360,3.7947,0.998,25.64
BAT_033,1380,3.794,0.9983,25.65
BAT_033,1400,3.7902,0.9966,25.7
BAT_033,1420,3.7919,1.0018,25.64
BAT_033,1440,3.7923,0.9981,25.7
BAT_033,1460,3.7929,1.0011,25.72
BAT_033,1480,3.7916,0.9916,25.72
BAT_033,1500,3.7851,1.0001,25.75
BAT_033,1520,3.7903,0.9927,25.79
BAT_033,1540,3.7886,0.9944,25.86
BAT_033,1560,3.7917,1.0013,25.83
BAT_033,1580,3.7922,1.0013,25.94
BAT_033,1600,3.7919,1.0003,25.92
BAT_033,1620,3.7892,1.001,25.92
BAT_033,1640,3.7886,0.9925,25.83
BAT_033,1660,3.7891,0.9973,25.84
BAT_033,1680,3.7915,0.9951,26.0
BAT_033,1700,3.7853,1.0027,25.94
BAT_033,1720,3.7865,1.0025,25.95
BAT_033,1740,3.7868,1.007,26.0
BAT_033,1760,3.7901,1.0,25.98
BAT_033,1780,3.7865,1.0054,26.02
BAT_033,1800,3.7866,1.002,26.09
BAT_033,1820,3.7852,1.0075,26.03
BAT_033,1840,3.7883,1.0041,26.17
BAT_033,1860,3.7878,0.9938,26.14
BAT_033,1880,3.784,0.9968,26.12
BAT_033,1900,3.7889,1.001,26.11
BAT_033,1920,3.789,0.9965,26.18
BAT_033,1940,3.7872,1.0021,26.16
BAT_033,1960,3.7838,1.0052,26.25
BAT_033,1980,3.781,1.0128,26.3
BAT_033,2000,3.7824,1.001,26.37
BAT_034,0,4.1447,1.0059,24.9
BAT_034,20,4.1336,0.9968,24.86
BAT_034,40,4.1268,0.9926,24.88
BAT_034,60,4.1169,1.0035,24.86
BAT_034,80,4.1125,1.0056,24.9
BAT_034,100,4.1099,0.9964,24.85
BAT_034,120,4.1024,1.0049,24.95
BAT_034,140,4.0974,0.995,24.94
BAT_034,160,4.0938,0.9977,24.83
BAT_034,180,4.0857,1.0061,24.91
BAT_034,200,4.0858,1.003,25.03
BAT_034,220,4.0821,0.998,24.92
BAT_034,240,4.0814,0.9989,24.94
BAT_034,260,4.079,0.9971,24.95
BAT_034,280,4.0749,0.9895,24.9
BAT_034,300,4.0715,0.9903,25.01
BAT_034,320,4.0682,1.004,24.98
BAT_034,340,4.0667,0.9975,24.98
BAT_034,360,4.0676,1.0049,24.93
BAT_034,380,4.0647,1.0054,25.01
BAT_034,400,4.0632,0.9975,24.97
BAT_034,420,4.0658,0.9949,25.05
BAT_034,440,4.0611,0.9956,25.01
BAT_034,460,4.0577,1.01,25.18
BAT_034,480,4.0585,1.0049,24.99
BAT_034,500,4.0566,0.9908,24.93
BAT_034,520,4.06,1.0012,25.0
BAT_034,540,4.0554,1.0059,25.07
BAT_034,560,4.058,1.0008,25.08
BAT_034,580,4.062,0.9905,25.09
BAT_034,600,4.0534,0.9998,24.99
BAT_034,620,4.0528,1.0022,25.1
BAT_034,640,4.0557,0.9974,25.12
BAT_034,660,4.0534,0.9969,25.1
BAT_034,680,4.0578,1.0023,24.98
BAT_034,700,4.0536,0.9968,25.01
BAT_034,720,4.0533,1.0012,25.08
BAT_034,740,4.0501,1.0007,25.16
BAT_034,760,4.0525,0.9996,25.05
BAT_034,780,4.0497,1.0021,25.09
BAT_034,800,4.0516,1.0071,25.18
BAT_034,820,4.052,0.9947,25.16
BAT_034,840,4.0477,0.9967,25.07
BAT_034,860,4.0518,0.9997,25.21
BAT_034,880,4.0502,1.0014,25.09
BAT_034,900,4.053,1.0039,25.25
BAT_034,920,4.0524,0.9974,25.23
BAT_034,940,4.0499,1.009,25.17
BAT_034,960,4.049,0.9998,25.17
BAT_034,980,4.051,0.9936,25.21
BAT_034,1000,4.0472,1.0077,25.21
BAT_034,1020,4.0472,1.0015,25.18
BAT_034,1040,4.049,0.9969,25.31
BAT_034,1060,4.0517,0.9882,25.21
BAT_034,1080,4.0473,0.9938,25.29
BAT_034,1100,4.0465,0.9904,25.25
BAT_034,1120,4.0472,0.9997,25.27
BAT_034,1140,4.0495,0.9948,25.25
BAT_034,1160,4.0494,0.9893,25.28
BAT_034,1180,4.0483,1.0081,25.28
BAT_034,1200,4.0458,0.9969,25.27
BAT_034,1220,4.0474,0.9941,25.35
BAT_034,1240,4.048,0.9934,25.39
BAT_034,1260,4.0471,0.9968,25.29
BAT_034,1280,4.0474,1.0039,25.41
BAT_034,1300,4.0447,1.0021,25.34
BAT_034,1320,4.0503,1.0007,25.42
BAT_034,1340,4.0464,0.9971,25.31
BAT_034,1360,4.0488,1.0019,25.42
BAT_034,1380,4.0474,1.0022,25.31
BAT_034,1400,4.0491,1.0049,25.36
BAT_034,1420,4.0432,1.0076,25.36
BAT_034,1440,4.0453,0.9971,25.39
BAT_034,1460,4.0487,1.0046,25.37
BAT_034,1480,4.0466,0.9969,25.39
BAT_034,1500,4.0457,0.9973,25.35
BAT_034,1520,4.0441,0.9959,25.43
BAT_034,1540,4.0483,1.0016,25.34
BAT_034,1560,4.0444,1.0088,25.52
BAT_034,1580,4.0485,0.9976,25.35
BAT_034,1600,4.046,0.9977,25.47
BAT_034,1620,4.0463,0.9943,25.38
BAT_034,1640,4.0476,1.0042,25.48
BAT_034,1660,4.0462,1.0029,25.38
BAT_034,1680,4.0459,0.9942,25.45
BAT_034,1700,4.0453,0.9954,25.5
BAT_034,1720,4.0461,1.0065,25.48
BAT_034,1740,4.0455,0.9954,25.44
BAT_034,1760,4.0471,1.0004,25.58
BAT_034,1780,4.047,0.9969,25.45
BAT_034,1800,4.045,1.0055,25.56
BAT_034,1820,4.0398,0.997,25.6
BAT_034,1840,4.0434,0.9998,25.54
BAT_034,1860,4.0459,0.9978,25.51
BAT_034,1880,4.0444,0.9995,25.52
BAT_034,1900,4.0488,1.0053,25.49
BAT_034,1920,4.0451,1.0086,25.53
BAT_034,1940,4.0457,1.0077,25.51
BAT_034,1960,4.0466,0.9986,25.59
BAT_034,1980,4.0445,1.0038,25.61
BAT_034,2000,4.0487,0.9954,25.62
BAT_035,0,3.9909,1.0072,24.64
BAT_035,20,3.9661,1.0091,24.87
BAT_035,40,3.9471,1.005,24.84
BAT_035,60,3.9269,1.0007,24.78
BAT_035,80,3.9073,1.0006,24.9
BAT_035,100,3.8943,0.9939,24.93
BAT_035,120,3.8797,1.0038,24.9
BAT_035,140,3.8658,1.0053,25.01
BAT_035,160,3.852,0.9944,25.02
BAT_035,180,3.8443,1.0003,24.95
BAT_035,200,3.8359,1.0009,25.04
BAT_035,220,3.8257,0.9974,25.07
BAT_035,240,3.8172,1.0036,25.1
BAT_035,260,3.807,0.9965,25.09
BAT_035,280,3.8053,0.9967,25.19
BAT_035,300,3.799,1.0044,25.27
BAT_035,320,3.7914,1.0016,25.25
BAT_035,340,3.7872,1.005,25.21
BAT_035,360,3.7847,1.0018,25.15
BAT_035,380,3.7799,0.9991,25.22
BAT_035,400,3.7734,0.9986,25.35
BAT_035,420,3.7712,0.9997,25.32
BAT_035,440,3.7657,0.9968,25.33
BAT_035,460,3.7641,0.9943,25.36
BAT_035,480,3.764,1.0023,25.4
BAT_035,500,3.7603,0.9989,25.37
BAT_035,520,3.7592,1.0113,25.48
BAT_035,540,3.7568,1.0123,25.42
BAT_035,560,3.7547,0.9983,25.5
BAT_035,580,3.7486,0.9997,25.56
BAT_035,600,3.7472,0.9989,25.54
BAT_035,620,3.747,1.0032,25.68
BAT_035,640,3.7485,1.0052,25.66
BAT_035,660,3.7463,1.003,25.71
BAT_035,680,3.7445,0.9993,25.61
BAT_035,700,3.7406,0.996,25.75
BAT_035,720,3.7441,1.0013,25.79
BAT_035,740,3.7389,1.0069,25.76
BAT_035,760,3.7432,1.0069,25.74
BAT_035,780,3.7391,1.0021,25.81
BAT_035,800,3.739,0.9994,25.8
BAT_035,820,3.7398,0.9982,25.95
BAT_035,840,3.7368,1.0029,25.9
BAT_035,860,3.7414,0.9953,25.89
BAT_035,880,3.7411,0.9967,25.93
BAT_035,900,3.7364,0.9952,26.03
BAT_035,920,3.7397,0.9992,25.96
BAT_035,940,3.7334,1.0034,26.0
BAT_035,960,3.7368,0.9879,26.03
BAT_035,980,3.7365,1.0021,25.94
BAT_035,1000,3.7354,1.0006,26.11
BAT_035,1020,3.7337,0.9979,26.14
BAT_035,1040,3.7351,0.9841,26.16
BAT_035,1060,3.7355,0.999,26.25
BAT_035,1080,3.7315,1.0096,26.26
BAT_035,1100,3.7321,1.0137,26.32
BAT_035,1120,3.7358,0.994,26.27
BAT_035,1140,3.7332,1.0053,26.3
BAT_035,1160,3.7294,1.0061,26.32
BAT_035,1180,3.7325,0.9985,26.35
BAT_035,1200,3.7286,1.0034,26.35
BAT_035,1220,3.7274,1.0021,26.4
BAT_035,1240,3.7326,1.0041,26.37
BAT_035,1260,3.7301,1.0001,26.46
BAT_035,1280,3.7281,1.0004,26.54
BAT_035,1300,3.7323,1.0073,26.55
BAT_035,1320,3.7246,0.9986,26.51
BAT_035,1340,3.7235,1.0077,26.61
BAT_035,1360,3.729,1.0018,26.62
BAT_035,1380,3.7283,1.0069,26.71
BAT_035,1400,3.7301,0.9972,26.66
BAT_035,1420,3.7302,1.0036,26.64
BAT_035,1440,3.7298,1.0036,26.73
BAT_035,1460,3.7268,0.9999,26.63
BAT_035,1480,3.7274,0.9978,26.74
BAT_035,1500,3.7266,0.9985,26.79
BAT_035,1520,3.7271,0.9969,26.8
BAT_035,1540,3.7264,1.0025,26.86
BAT_035,1560,3.7257,0.9959,26.78
BAT_035,1580,3.7236,1.0021,26.85
BAT_035,1600,3.7291,0.9992,26.9
BAT_035,1620,3.7253,0.9974,26.91
BAT_035,1640,3.7255,0.9927,26.98
BAT_035,1660,3.7249,0.9956,27.05
BAT_035,1680,3.7256,1.0054,26.99
BAT_035,1700,3.7221,0.9942,26.98
BAT_035,1720,3.7206,1.0079,27.06
BAT_035,1740,3.7245,0.9974,27.1
BAT_035,1760,3.727,0.9913,27.09
BAT_035,1780,3.7238,0.9956,27.2
BAT_035,1800,3.7259,1.0045,27.23
BAT_035,1820,3.7228,1.005,27.18
BAT_035,1840,3.7205,0.9987,27.23
BAT_035,1860,3.725,0.9952,27.33
BAT_035,1880,3.7208,0.9937,27.21
BAT_035,1900,3.722,0.9929,27.34
BAT_035,1920,3.7219,0.998,27.26
BAT_035,1940,3.7205,1.0022,27.29
BAT_035,1960,3.7227,1.0001,27.38
BAT_035,1980,3.7215,1.0033,27.43
BAT_035,2000,3.7193,1.0039,27.43
BAT_036,0,4.118,1.0011,25.22
BAT_036,20,4.1137,1.0067,25.17
BAT_036,40,4.1061,1.005,25.13
BAT_036,60,4.1012,0.9967,25.21
BAT_036,80,4.0959,1.0004,25.14
BAT_036,100,4.0911,0.9999,25.23
BAT_036,120,4.0887,0.9953,25.26
BAT_036,140,4.0867,1.0025,25.2
BAT_036,160,4.0816,1.0014,25.25
BAT_036,180,4.0836,0.9953,25.27
BAT_036,200,4.0745,0.9982,25.29
BAT_036,220,4.0743,1.0038,25.34
BAT_036,240,4.0746,1.0045,25.24
BAT_036,260,4.0691,1.0046,25.29
BAT_036,280,4.0681,0.9999,25.19
BAT_036,300,4.0686,1.0053,25.32
BAT_036,320,4.0714,1.0106,25.27
BAT_036,340,4.0625,0.9972,25.33
BAT_036,360,4.0672,0.9981,25.44
BAT_036,380,4.0623,0.9949,25.28
BAT_036,400,4.0637,1.0109,25.38
BAT_036,420,4.063,1.0001,25.41
BAT_036,440,4.0597,1.0027,25.35
BAT_036,460,4.0613,0.9994,25.36
BAT_036,480,4.0592,0.9999,25.45
BAT_036,500,4.0584,0.9975,25.36
BAT_036,520,4.0585,1.0038,25.37
BAT_036,540,4.0555,0.9972,25.43
BAT_036,560,4.0589,0.9999,25.43
BAT_036,580,4.0529,0.9959,25.53
BAT_036,600,4.0564,0.9991,25.42
BAT_036,620,4.0543,1.0011,25.41
BAT_036,640,4.0579,0.9947,25.5
BAT_036,660,4.059,1.0061,25.61
BAT_036,680,4.0569,0.9957,25.49
BAT_036,700,4.0595,0.9988,25.59
BAT_036,720,4.0557,0.9951,25.55
BAT_036,740,4.0573,0.9966,25.6
BAT_036,760,4.0573,0.9915,25.52
BAT_036,780,4.06,1.0053,25.52
BAT_036,800,4.0537,1.0057,25.56
BAT_036,820,4.0563,1.0086,25.65
BAT_036,840,4.0552,1.0005,25.59
BAT_036,860,4.0559,1.0066,25.57
BAT_036,880,4.0529,1.0052,25.54
BAT_036,900,4.0555,0.9965,25.56
BAT_036,920,4.0517,1.0014,25.6
BAT_036,940,4.0558,0.9954,25.62
BAT_036,960,4.0504,1.0064,25.6
BAT_036,980,4.0518,1.0047,25.65
BAT_036,1000,4.0529,0.9951,25.62
BAT_036,1020,4.0538,0.9917,25.69
BAT_036,1040,4.0533,1.0062,25.74
BAT_036,1060,4.0577,1.0064,25.68
BAT_036,1080,4.055,1.0071,25.61
BAT_036,1100,4.051,1.0061,25.65
BAT_036,1120,4.0513,0.9861,25.66
BAT_036,1140,4.0505,1.0018,25.76
BAT_036,1160,4.0494,0.998,25.85
BAT_036,1180,4.0542,1.0003,25.74
BAT_036,1200,4.0555,0.9966,25.72
BAT_036,1220,4.0501,0.9977,25.78
BAT_036,1240,4.0489,1.0013,25.79
BAT_036,1260,4.0525,1.0081,25.82
BAT_036,1280,4.0522,1.0012,25.81
BAT_036,1300,4.0493,1.0139,25.82
BAT_036,1320,4.0562,1.003,25.89
BAT_036,1340,4.051,1.0014,25.81
BAT_036,1360,4.0532,0.9958,25.78
BAT_036,1380,4.0536,1.0128,25.8
BAT_036,1400,4.0504,1.0066,25.82
BAT_036,1420,4.0526,1.0011,25.84
BAT_036,1440,4.0509,1.0049,25.85
BAT_036,1460,4.0492,0.9992,25.82
BAT_036,1480,4.0486,1.001,25.96
BAT_036,1500,4.0487,1.0014,25.99
BAT_036,1520,4.0495,0.9984,25.88
BAT_036,1540,4.05,1.0046,25.97
BAT_036,1560,4.0502,0.9987,25.92
BAT_036,1580,4.0494,0.9996,26.04
BAT_036,1600,4.0499,1.0092,25.98
BAT_036,1620,4.0482,0.9972,26.0
BAT_036,1640,4.0488,1.0109,26.03
BAT_036,1660,4.0511,1.0064,26.01
BAT_036,1680,4.0534,1.009,26.09
BAT_036,1700,4.0506,1.0019,26.11
BAT_036,1720,4.0501,1.0,26.04
BAT_036,1740,4.048,1.0094,26.0
BAT_036,1760,4.0445,0.9973,26.06
BAT_036,1780,4.051,0.9973,26.11
BAT_036,1800,4.0531,0.9995,26.03
BAT_036,1820,4.0498,1.0011,26.05
BAT_036,1840,4.0522,0.9981,26.1
BAT_036,1860,4.0535,1.0008,26.12
BAT_036,1880,4.0506,0.9973,26.14
BAT_036,1900,4.0508,1.0112,26.11
BAT_036,1920,4.0479,0.9982,26.16
BAT_036,1940,4.0482,0.9976,26.18
BAT_036,1960,4.0476,1.0046,26.25
BAT_036,1980,4.0533,0.995,26.21
BAT_036,2000,4.0475,1.0012,26.17
BAT_037,0,3.9918,1.0048,24.57
BAT_037,20,3.9694,1.0036,24.53
BAT_037,40,3.9511,0.9968,24.54
BAT_037,60,3.9316,0.9978,24.63
BAT_037,80,3.9124,1.0013,24.58
BAT_037,100,3.8988,1.0106,24.6
BAT_037,120,3.8829,0.9922,24.67
BAT_037,140,3.876,0.9978,24.75
BAT_037,160,3.8612,0.9969,24.83
BAT_037,180,3.8535,0.9909,24.71
BAT_037,200,3.8429,1.0032,24.78
BAT_037,220,3.8343,1.0027,24.8
BAT_037,240,3.8281,0.9959,24.88
BAT_037,260,3.821,1.001,24.85
BAT_037,280,3.8128,0.9892,24.91
BAT_037,300,3.8044,0.9901,24.96
BAT_037,320,3.8002,1.0017,24.95
BAT_037,340,3.7939,0.9956,24.96
BAT_037,360,3.7939,1.0004,24.94
BAT_037,380,3.788,1.0005,24.96
BAT_037,400,3.7846,0.9974,24.95
BAT_037,420,3.7856,1.0043,25.06
BAT_037,440,3.7812,0.9949,25.18
BAT_037,460,3.7759,1.0007,25.1
BAT_037,480,3.7744,1.0016,25.16
BAT_037,500,3.7703,1.0037,25.21
BAT_037,520,3.7699,1.0051,25.17
BAT_037,540,3.7705,0.9992,25.31
BAT_037,560,3.7654,0.9988,25.27
BAT_037,580,3.7668,1.0071,25.27
BAT_037,600,3.7618,1.0037,25.38
BAT_037,620,3.7632,0.9984,25.4
BAT_037,640,3.7606,1.0008,25.4
BAT_037,660,3.7584,0.9889,25.41
BAT_037,680,3.7599,1.0021,25.45
BAT_037,700,3.7578,1.0051,25.45
BAT_037,720,3.7595,1.0003,25.51
BAT_037,740,3.7547,1.0015,25.52
BAT_037,760,3.7552,1.0075,25.53
BAT_037,780,3.7564,1.0017,25.61
BAT_037,800,3.7518,0.9982,25.63
BAT_037,820,3.7513,1.0019,25.63
BAT_037,840,3.7527,1.0021,25.66
BAT_037,860,3.7513,1.002,25.64
BAT_037,880,3.7503,0.9923,25.68
BAT_037,900,3.7474,1.0001,25.72
BAT_037,920,3.7481,1.0003,25.75
BAT_037,940,3.7491,0.9955,25.76
BAT_037,960,3.7501,1.0045,25.89
BAT_037,980,3.7451,1.0017,25.84
BAT_037,1000,3.7472,1.0016,25.95
BAT_037,1020,3.7483,1.0067,25.92
BAT_037,1040,3.7469,0.9888,25.96
BAT_037,1060,3.7504,0.9913,25.92
BAT_037,1080,3.7457,1.001,25.95
BAT_037,1100,3.7489,0.9971,26.07
BAT_037,1120,3.743,1.0011,26.14
BAT_037,1140,3.7459,1.0031,26.01
BAT_037,1160,3.7523,1.0043,26.04
BAT_037,1180,3.7418,1.0011,26.12
BAT_037,1200,3.7411,0.9976,26.14
BAT_037,1220,3.7402,0.9991,26.06
BAT_037,1240,3.742,1.002,26.22
BAT_037,1260,3.7466,0.9968,26.21
BAT_037,1280,3.7405,0.9928,26.24
BAT_037,1300,3.743,0.995,26.15
BAT_037,1320,3.743,1.0108,26.17
BAT_037,1340,3.7412,1.0056,26.2
BAT_037,1360,3.7418,1.0003,26.38
BAT_037,1380,3.7426,1.009,26.35
BAT_037,1400,3.7423,1.0021,26.39
BAT_037,1420,3.7393,0.9953,26.39
BAT_037,1440,3.7426,0.9941,26.39
BAT_037,1460,3.7403,1.0017,26.43
BAT_037,1480,3.7427,1.0019,26.44
BAT_037,1500,3.7406,0.9939,26.51
BAT_037,1520,3.7426,0.9952,26.45
BAT_037,1540,3.7417,0.9986,26.56
BAT_037,1560,3.7414,1.0018,26.63
BAT_037,1580,3.7394,0.9891,26.59
BAT_037,1600,3.7394,0.998,26.66
BAT_037,1620,3.7393,1.0064,26.63
BAT_037,1640,3.7395,0.9983,26.8
BAT_037,1660,3.7374,0.995,26.7
BAT_037,1680,3.7406,1.0001,26.74
BAT_037,1700,3.736,0.9897,26.76
BAT_037,1720,3.7381,1.0086,26.82
BAT_037,1740,3.7392,1.0048,26.78
BAT_037,1760,3.7356,0.9982,26.92
BAT_037,1780,3.7398,0.9971,26.82
BAT_037,1800,3.7395,1.0053,26.85
BAT_037,1820,3.7405,0.9962,26.97
BAT_037,1840,3.7367,0.9984,26.93
BAT_037,1860,3.7383,1.0031,27.02
BAT_037,1880,3.7361,0.9959,27.12
BAT_037,1900,3.7398,0.999,26.98
BAT_037,1920,3.7392,1.0007,27.07
BAT_037,1940,3.7376,1.0017,27.09
BAT_037,1960,3.7397,0.9908,27.15
BAT_037,1980,3.7336,1.0004,27.13
BAT_037,2000,3.7358,0.9882,27.2
BAT_038,0,4.0366,0.9957,26.0
BAT_038,20,4.0126,1.0032,25.91
BAT_038,40,3.9915,0.9937,25.93
BAT_038,60,3.9727,0.9965,25.93
BAT_038,80,3.956,0.9984,25.99
BAT_038,100,3.9423,1.0028,25.95
BAT_038,120,3.9294,1.0039,25.97
BAT_038,140,3.9202,1.0056,25.92
BAT_038,160,3.9087,1.005,25.98
BAT_038,180,3.894,0.9972,26.0
BAT_038,200,3.8937,0.9998,26.07
BAT_038,220,3.8799,0.9987,26.08
BAT_038,240,3.8748,0.9976,26.14
BAT_038,260,3.8668,0.9963,26.24
BAT_038,280,3.86,0.997,26.17
BAT_038,300,3.8539,1.0021,26.26
BAT_038,320,3.8448,0.9982,26.26
BAT_038,340,3.8485,0.9901,26.28
BAT_038,360,3.8397,0.9901,26.28
BAT_038,380,3.8361,0.9905,26.28
BAT_038,400,3.8331,1.0009,26.3
BAT_038,420,3.8301,1.0044,26.31
BAT_038,440,3.8273,1.001,26.34
BAT_038,460,3.8244,1.0099,26.4
BAT_038,480,3.8207,0.9938,26.46
BAT_038,500,3.8191,1.0074,26.44
BAT_038,520,3.8179,0.9996,26.38
BAT_038,540,3.8122,0.9965,26.46
BAT_038,560,3.8126,1.002,26.55
BAT_038,580,3.8133,0.9993,26.39
BAT_038,600,3.8085,0.992,26.6
BAT_038,620,3.8082,1.0049,26.62
BAT_038,640,3.8078,0.9943,26.57
BAT_038,660,3.8052,0.9927,26.62
BAT_038,680,3.8079,1.0003,26.56
BAT_038,700,3.8094,1.0023,26.74
BAT_038,720,3.8072,1.0018,26.7
BAT_038,740,3.8047,1.0037,26.78
BAT_038,760,3.8051,0.9929,26.8
BAT_038,780,3.7996,1.0054,26.76
BAT_038,800,3.8069,0.9959,26.73
BAT_038,820,3.8013,1.0091,26.82
BAT_038,840,3.7974,1.0017,26.89
BAT_038,860,3.802,0.9953,26.85
BAT_038,880,3.7993,0.9985,26.84
BAT_038,900,3.7973,0.9972,26.8
BAT_038,920,3.7963,1.0066,26.85
BAT_038,940,3.7978,1.0058,26.99
BAT_038,960,3.8006,0.9988,26.9
BAT_038,980,3.7992,0.9939,26.89
BAT_038,1000,3.7967,0.9973,26.97
BAT_038,1020,3.7961,1.0004,27.06
BAT_038,1040,3.7963,0.9923,26.99
BAT_038,1060,3.7961,1.0047,27.01
BAT_038,1080,3.7945,1.0067,27.03
BAT_038,1100,3.7938,1.0025,27.02
BAT_038,1120,3.7953,0.9928,27.03
BAT_038,1140,3.7967,0.9846,27.08
BAT_038,1160,3.7943,1.0001,27.29
BAT_038,1180,3.7939,0.9953,27.19
BAT_038,1200,3.7942,1.0029,27.17
BAT_038,1220,3.7964,1.0071,27.24
BAT_038,1240,3.7918,0.9997,27.26
BAT_038,1260,3.791,1.0,27.28
BAT_038,1280,3.7935,1.0012,27.38
BAT_038,1300,3.7942,0.9989,27.43
BAT_038,1320,3.7943,0.9958,27.27
BAT_038,1340,3.7919,1.0045,27.29
BAT_038,1360,3.7976,0.9956,27.43
BAT_038,1380,3.7943,0.9975,27.41
BAT_038,1400,3.7934,1.0002,27.39
BAT_038,1420,3.7917,0.9896,27.53
BAT_038,1440,3.7913,0.9951,27.46
BAT_038,1460,3.791,0.993,27.51
BAT_038,1480,3.7916,1.0041,27.48
BAT_038,1500,3.7908,0.996,27.45
BAT_038,1520,3.7885,1.0007,27.5
BAT_038,1540,3.7898,0.9962,27.6
BAT_038,1560,3.7892,1.0029,27.61
BAT_038,1580,3.7898,0.9976,27.59
BAT_038,1600,3.7886,0.9992,27.75
BAT_038,1620,3.789,1.0016,27.68
BAT_038,1640,3.7857,1.0025,27.71
BAT_038,1660,3.7888,0.998,27.73
BAT_038,1680,3.7866,1.0023,27.81
BAT_038,1700,3.7932,0.9918,27.77
BAT_038,1720,3.7865,1.0012,27.93
BAT_038,1740,3.7898,0.999,27.75
BAT_038,1760,3.7849,0.9935,27.76
BAT_038,1780,3.785,1.0015,27.81
BAT_038,1800,3.7876,1.0034,27.95
BAT_038,1820,3.7846,1.003,27.85
BAT_038,1840,3.7857,0.9996,28.05
BAT_038,1860,3.7886,1.0026,27.97
BAT_038,1880,3.7881,0.9997,28.04
BAT_038,1900,3.7859,1.0013,27.95
BAT_038,1920,3.7858,0.9976,28.01
BAT_038,1940,3.7836,1.0039,28.09
BAT_038,1960,3.7863,0.9958,28.16
BAT_038,1980,3.7838,1.0007,28.13
BAT_038,2000,3.7835,0.9993,28.12
BAT_039,0,4.0346,0.9984,25.14
BAT_039,20,4.0142,0.9979,25.21
BAT_039,40,3.9984,1.0035,25.18
BAT_039,60,3.9846,1.0038,25.13
BAT_039,80,3.9683,0.9975,25.15
BAT_039,100,3.957,0.9932,25.21
BAT_039,120,3.9478,1.0036,25.24
BAT_039,140,3.9383,1.0022,25.16
BAT_039,160,3.923,1.0022,25.28
BAT_039,180,3.9155,0.9994,25.27
BAT_039,200,3.9039,0.9921,25.39
BAT_039,220,3.9004,0.9942,25.33
BAT_039,240,3.8948,1.0055,25.39
BAT_039,260,3.8865,0.9995,25.36
BAT_039,280,3.8822,0.9976,25.47
BAT_039,300,3.8789,1.005,25.49
BAT_039,320,3.8762,1.0028,25.55
BAT_039,340,3.8736,0.9936,25.44
BAT_039,360,3.8684,1.0121,25.54
BAT_039,380,3.8619,0.9987,25.52
BAT_039,400,3.8598,0.9932,25.62
BAT_039,420,3.8567,0.9957,25.54
BAT_039,440,3.8535,0.9952,25.55
BAT_039,460,3.8555,1.0051,25.49
BAT_039,480,3.8439,0.9956,25.55
BAT_039,500,3.8491,1.0041,25.67
BAT_039,520,3.8442,0.9964,25.6
BAT_039,540,3.844,1.0006,25.67
BAT_039,560,3.8439,1.0014,25.69
BAT_039,580,3.8416,0.9836,25.67
BAT_039,600,3.8365,1.0024,25.82
BAT_039,620,3.8361,1.0067,25.75
BAT_039,640,3.8396,0.9965,25.76
BAT_039,660,3.8368,1.008,25.82
BAT_039,680,3.8305,0.9974,25.77
BAT_039,700,3.8326,1.0013,25.73
BAT_039,720,3.832,0.9884,25.79
BAT_039,740,3.8316,1.0008,25.91
BAT_039,760,3.8334,0.9992,25.89
BAT_039,780,3.8315,1.0009,25.89
BAT_039,800,3.836,1.0021,25.91
BAT_039,820,3.8293,0.997,25.99
BAT_039,840,3.8313,0.9949,25.96
BAT_039,860,3.8296,0.9992,25.93
BAT_039,880,3.8281,1.0024,26.07
BAT_039,900,3.8333,0.9958,25.98
BAT_039,920,3.8274,1.0,25.99
BAT_039,940,3.8281,0.9953,25.99
BAT_039,960,3.8271,0.9942,26.05
BAT_039,980,3.8265,1.0031,26.08
BAT_039,1000,3.8258,0.9955,26.15
BAT_039,1020,3.8265,1.0068,26.17
BAT_039,1040,3.826,0.9964,26.12
BAT_039,1060,3.8247,0.9944,26.18
BAT_039,1080,3.8265,0.996,26.26
BAT_039,1100,3.8229,0.9917,26.19
BAT_039,1120,3.8233,0.9948,26.32
BAT_039,1140,3.8283,1.0076,26.22
BAT_039,1160,3.8254,0.9978,26.23
BAT_039,1180,3.826,0.9999,26.37
BAT_039,1200,3.8258,1.0005,26.37
BAT_039,1220,3.8269,0.9999,26.34
BAT_039,1240,3.8261,1.0006,26.41
BAT_039,1260,3.8276,1.0103,26.39
BAT_039,1280,3.8219,1.0106,26.5
BAT_039,1300,3.8242,0.9986,26.48
BAT_039,1320,3.8215,1.0054,26.45
BAT_039,1340,3.8228,1.0003,26.44
BAT_039,1360,3.8222,1.0026,26.47
BAT_039,1380,3.824,0.997,26.54
BAT_039,1400,3.8195,1.006,26.51
BAT_039,1420,3.8212,1.003,26.56
BAT_039,1440,3.8229,0.9987,26.62
BAT_039,1460,3.8219,0.9995,26.53
BAT_039,1480,3.8215,1.0042,26.68
BAT_039,1500,3.8222,1.0079,26.68
BAT_039,1520,3.8247,0.9992,26.68
BAT_039,1540,3.8217,1.0027,26.7
BAT_039,1560,3.822,1.0048,26.69
BAT_039,1580,3.8179,1.0052,26.74
BAT_039,1600,3.8207,1.003,26.7
BAT_039,1620,3.8207,1.0028,26.75
BAT_039,1640,3.8144,0.9937,26.82
BAT_039,1660,3.8184,1.0008,26.78
BAT_039,1680,3.8212,1.0,26.91
BAT_039,1700,3.821,1.0027,26.84
BAT_039,1720,3.8186,1.0067,26.84
BAT_039,1740,3.8181,0.9973,26.91
BAT_039,1760,3.8224,1.0009,26.9
BAT_039,1780,3.819,0.997,26.98
BAT_039,1800,3.8195,1.0079,26.99
BAT_039,1820,3.819,0.9966,27.0
BAT_039,1840,3.8198,1.0,26.97
BAT_039,1860,3.8174,0.9975,26.98
BAT_039,1880,3.8183,1.0054,27.05
BAT_039,1900,3.8159,1.0105,27.11
BAT_039,1920,3.8153,0.9928,27.06
BAT_039,1940,3.8158,1.0049,27.03
BAT_039,1960,3.8161,0.9908,27.13
BAT_039,1980,3.8197,0.9994,27.15
BAT_039,2000,3.815,1.0032,27.16
BAT_040,0,4.0778,0.9946,25.73
BAT_040,20,4.0705,0.9974,25.62
BAT_040,40,4.0541,1.0051,25.84
BAT_040,60,4.0456,0.9986,25.83
BAT_040,80,4.0406,1.0021,25.78
BAT_040,100,4.0357,0.9912,25.84
BAT_040,120,4.0264,0.9955,25.83
BAT_040,140,4.0188,1.0027,25.93
BAT_040,160,4.0105,1.0056,25.84
BAT_040,180,4.0059,1.0,25.81
BAT_040,200,4.0031,1.0018,25.89
BAT_040,220,3.9973,0.9987,25.94
BAT_040,240,3.9935,0.9976,25.85
BAT_040,260,3.9908,1.0054,25.9
BAT_040,280,3.9875,0.9986,25.96
BAT_040,300,3.9826,0.9872,25.91
BAT_040,320,3.9808,0.9972,25.97
BAT_040,340,3.9787,0.9924,26.03
BAT_040,360,3.9779,1.0056,26.06
BAT_040,380,3.9788,1.0009,26.11
BAT_040,400,3.9744,1.0022,26.09
BAT_040,420,3.9701,0.9885,26.07
BAT_040,440,3.969,0.9989,26.01
BAT_040,460,3.9695,1.0048,26.09
BAT_040,480,3.967,0.998,26.04
BAT_040,500,3.9677,0.9962,26.11
BAT_040,520,3.9688,1.0059,26.17
BAT_040,540,3.9638,1.0016,26.19
BAT_040,560,3.9665,1.0062,26.25
BAT_040,580,3.965,1.0092,26.24
BAT_040,600,3.9625,0.9934,26.17
BAT_040,620,3.9621,0.9984,26.26
BAT_040,640,3.9601,1.0014,26.18
BAT_040,660,3.9628,0.9999,26.19
BAT_040,680,3.9593,1.0046,26.2
BAT_040,700,3.9627,0.9993,26.26
BAT_040,720,3.9549,1.0046,26.36
BAT_040,740,3.9575,0.9978,26.31
BAT_040,760,3.9577,1.0017,26.39
BAT_040,780,3.9573,0.9923,26.24
BAT_040,800,3.96,1.0021,26.36
BAT_040,820,3.9548,1.0014,26.34
BAT_040,840,3.9522,0.9998,26.32
BAT_040,860,3.9541,0.9979,26.32
BAT_040,880,3.9546,1.0055,26.47
BAT_040,900,3.9564,0.992,26.44
BAT_040,920,3.9557,1.0,26.33
BAT_040,940,3.9512,0.9922,26.4
BAT_040,960,3.9551,0.9958,26.46
BAT_040,980,3.9516,1.0059,26.43
BAT_040,1000,3.9568,0.9991,26.48
BAT_040,1020,3.9498,0.9993,26.44
BAT_040,1040,3.9505,0.9896,26.39
BAT_040,1060,3.9555,1.0013,26.55
BAT_040,1080,3.9564,0.998,26.61
BAT_040,1100,3.9529,0.9992,26.52
BAT_040,1120,3.9517,0.9999,26.64
BAT_040,1140,3.9518,0.9974,26.58
BAT_040,1160,3.9518,1.0098,26.64
BAT_040,1180,3.9568,0.9947,26.7
BAT_040,1200,3.9522,0.9944,26.6
BAT_040,1220,3.9475,0.9974,26.7
BAT_040,1240,3.9516,1.0019,26.72
BAT_040,1260,3.9486,1.0042,26.74
BAT_040,1280,3.9504,1.0054,26.72
BAT_040,1300,3.9533,1.0045,26.73
BAT_040,1320,3.9487,0.9971,26.72
BAT_040,1340,3.955,0.9958,26.72
BAT_040,1360,3.9512,0.9977,26.7
BAT_040,1380,3.9495,1.0029,26.76
BAT_040,1400,3.952,0.9965,26.73
BAT_040,1420,3.9478,1.0035,26.76
BAT_040,1440,3.9506,0.9993,26.87
BAT_040,1460,3.9491,0.9939,26.82
BAT_040,1480,3.9485,1.0007,26.77
BAT_040,1500,3.9502,1.0026,26.78
BAT_040,1520,3.9474,1.0088,26.84
BAT_040,1540,3.9512,0.994,26.88
BAT_040,1560,3.9516,1.0026,26.87
BAT_040,1580,3.9473,1.0006,26.93
BAT_040,1600,3.9498,1.0028,27.01
BAT_040,1620,3.9497,0.9979,27.02
BAT_040,1640,3.9544,1.0045,27.03
BAT_040,1660,3.9458,0.9948,26.97
BAT_040,1680,3.9483,1.001,26.91
BAT_040,1700,3.9537,1.0031,26.99
BAT_040,1720,3.9511,0.9937,27.0
BAT_040,1740,3.9481,0.9992,27.07
BAT_040,1760,3.9467,1.0048,27.08
BAT_040,1780,3.9493,1.0049,27.04
BAT_040,1800,3.9451,1.0022,27.11
BAT_040,1820,3.9511,0.9986,27.12
BAT_040,1840,3.9507,1.0,27.12
BAT_040,1860,3.9475,0.998,27.17
BAT_040,1880,3.9503,1.0018,27.13
BAT_040,1900,3.9478,0.9972,27.16
BAT_040,1920,3.9478,1.008,27.17
BAT_040,1940,3.9479,0.9996,27.19
BAT_040,1960,3.948,0.9963,27.22
BAT_040,1980,3.9487,1.0086,27.26
BAT_040,2000,3.949,1.0045,27.28
BAT_041,0,4.1,0.9913,25.44
BAT_041,20,4.087,1.0093,25.34
BAT_041,40,4.0783,0.9997,25.39
BAT_041,60,4.062,0.9972,25.45
BAT_041,80,4.0563,0.9945,25.43
BAT_041,100,4.0473,0.9992,25.42
BAT_041,120,4.035,1.0009,25.46
BAT_041,140,4.0272,1.0095,25.45
BAT_041,160,4.02,1.0079,25.5
BAT_041,180,4.0133,0.9997,25.45
BAT_041,200,4.0088,0.99,25.44
BAT_041,220,4.0048,0.9981,25.46
BAT_041,240,3.9978,1.004,25.55
BAT_041,260,3.9971,0.9889,25.63
BAT_041,280,3.989,1.0077,25.55
BAT_041,300,3.9889,0.9953,25.51
BAT_041,320,3.9838,1.0015,25.53
BAT_041,340,3.9821,0.9985,25.51
BAT_041,360,3.9783,0.9893,25.63
BAT_041,380,3.9769,1.0064,25.73
BAT_041,400,3.9718,0.9971,25.58
BAT_041,420,3.9733,1.0035,25.65
BAT_041,440,3.9734,1.0002,25.62
BAT_041,460,3.9667,0.9943,25.59
BAT_041,480,3.9679,0.9989,25.7
BAT_041,500,3.9629,0.9947,25.62
BAT_041,520,3.9676,1.0028,25.7
BAT_041,540,3.9625,0.9955,25.66
BAT_041,560,3.963,0.9897,25.73
BAT_041,580,3.9606,1.0057,25.72
BAT_041,600,3.9581,1.0042,25.82
BAT_041,620,3.9605,1.0069,25.83
BAT_041,640,3.9549,0.995,25.75
BAT_041,660,3.9552,1.0066,25.8
BAT_041,680,3.9578,0.9905,25.81
BAT_041,700,3.9546,1.0012,25.75
BAT_041,720,3.9515,1.0006,25.83
BAT_041,740,3.9564,0.9944,25.78
BAT_041,760,3.9554,1.001,25.84
BAT_041,780,3.9552,0.9956,25.86
BAT_041,800,3.9534,0.9961,25.87
BAT_041,820,3.9506,0.9985,25.93
BAT_041,840,3.9526,0.992,25.92
BAT_041,860,3.9528,1.0077,25.89
BAT_041,880,3.9545,1.0014,25.85
BAT_041,900,3.9523,1.0041,25.93
BAT_041,920,3.9524,0.9992,25.99
BAT_041,940,3.9504,0.9966,25.97
BAT_041,960,3.9506,0.9977,25.99
BAT_041,980,3.9545,0.9929,26.03
BAT_041,1000,3.9512,1.0104,25.95
BAT_041,1020,3.9499,1.0079,25.97
BAT_041,1040,3.946,0.9954,25.96
BAT_041,1060,3.9527,0.9951,26.05
BAT_041,1080,3.9499,0.9929,25.96
BAT_041,1100,3.9497,0.9999,26.02
BAT_041,1120,3.9502,1.0019,26.02
BAT_041,1140,3.9453,1.0027,26.08
BAT_041,1160,3.9496,0.997,26.08
BAT_041,1180,3.9475,0.9999,26.15
BAT_041,1200,3.9473,1.0034,26.04
BAT_041,1220,3.9498,1.0035,26.12
BAT_041,1240,3.9481,1.002,26.16
BAT_041,1260,3.9503,0.9995,26.17
BAT_041,1280,3.9509,1.0036,26.17
BAT_041,1300,3.9516,1.0017,26.11
BAT_041,1320,3.953,1.0067,26.09
BAT_041,1340,3.948,1.0044,26.21
BAT_041,1360,3.9442,0.9981,26.24
BAT_041,1380,3.9475,1.0077,26.21
BAT_041,1400,3.9499,1.0017,26.21
BAT_041,1420,3.9464,0.9926,26.28
BAT_041,1440,3.9453,0.9982,26.17
BAT_041,1460,3.9448,0.9986,26.35
BAT_041,1480,3.9503,0.9898,26.2
BAT_041,1500,3.946,0.9989,26.29
BAT_041,1520,3.9425,1.0022,26.23
BAT_041,1540,3.9437,1.0005,26.41
BAT_041,1560,3.9444,1.0102,26.35
BAT_041,1580,3.9461,1.0001,26.36
BAT_041,1600,3.9476,0.9988,26.39
BAT_041,1620,3.9434,0.9944,26.27
BAT_041,1640,3.9472,0.9968,26.36
BAT_041,1660,3.9453,0.9948,26.44
BAT_041,1680,3.9437,1.0007,26.41
BAT_041,1700,3.9429,1.002,26.46
BAT_041,1720,3.9443,0.9919,26.35
BAT_041,1740,3.9421,1.0021,26.48
BAT_041,1760,3.9424,1.0038,26.4
BAT_041,1780,3.9426,0.9985,26.43
BAT_041,1800,3.9394,0.9991,26.42
BAT_041,1820,3.9466,1.0039,26.37
BAT_041,1840,3.9419,1.0019,26.58
BAT_041,1860,3.9455,1.0094,26.46
BAT_041,1880,3.9399,0.9967,26.5
BAT_041,1900,3.9419,1.0023,26.58
BAT_041,1920,3.9426,1.0018,26.5
BAT_041,1940,3.941,1.0092,26.51
BAT_041,1960,3.9402,1.0106,26.55
BAT_041,1980,3.9405,1.0007,26.59
BAT_041,2000,3.9442,1.002,26.59
BAT_042,0,4.0182,0.9963,25.48
BAT_042,20,3.9935,0.9954,25.54
BAT_042,40,3.9739,1.0024,25.61
BAT_042,60,3.9542,0.9955,25.64
BAT_042,80,3.9377,0.9944,25.76
BAT_042,100,3.9217,0.993,25.58
BAT_042,120,3.911,1.0034,25.69
BAT_042,140,3.8955,1.0044,25.63
BAT_042,160,3.884,0.9982,25.72
BAT_042,180,3.8783,1.0071,25.77
BAT_042,200,3.8689,1.0114,25.82
BAT_042,220,3.8589,0.9933,25.81
BAT_042,240,3.8514,0.997,25.84
BAT_042,260,3.8465,1.0019,25.81
BAT_042,280,3.8363,1.0057,25.82
BAT_042,300,3.8335,0.9995,25.88
BAT_042,320,3.8271,0.9972,25.97
BAT_042,340,3.8229,1.0009,26.01
BAT_042,360,3.821,0.9944,25.97
BAT_042,380,3.8152,0.9972,25.95
BAT_042,400,3.8121,0.9999,25.99
BAT_042,420,3.8048,0.9932,26.04
BAT_042,440,3.8016,1.0067,26.04
BAT_042,460,3.8013,0.9979,26.15
BAT_042,480,3.8022,0.994,26.06
BAT_042,500,3.7968,0.9932,26.16
BAT_042,520,3.7934,0.9921,26.15
BAT_042,540,3.7914,0.9865,26.2
BAT_042,560,3.7923,0.9935,26.22
BAT_042,580,3.7887,0.9991,26.22
BAT_042,600,3.7881,1.0065,26.16
BAT_042,620,3.7864,1.0009,26.27
BAT_042,640,3.784,1.0054,26.27
BAT_042,660,3.7859,1.0012,26.35
BAT_042,680,3.7824,0.9964,26.36
BAT_042,700,3.7822,1.0069,26.31
BAT_042,720,3.7808,0.9993,26.43
BAT_042,740,3.7759,1.0035,26.41
BAT_042,760,3.7811,0.9921,26.42
BAT_042,780,3.7811,1.0071,26.47
BAT_042,800,3.7825,1.0029,26.43
BAT_042,820,3.7794,1.0032,26.5
BAT_042,840,3.7788,1.0035,26.56
BAT_042,860,3.7751,1.0077,26.51
BAT_042,880,3.7757,0.9932,26.58
BAT_042,900,3.7764,0.998,26.53
BAT_042,920,3.7754,1.006,26.59
BAT_042,940,3.7761,0.9978,26.67
BAT_042,960,3.7743,0.9959,26.54
BAT_042,980,3.7733,1.0012,26.73
BAT_042,1000,3.7738,0.9952,26.73
BAT_042,1020,3.775,1.001,26.71
BAT_042,1040,3.777,1.0088,26.89
BAT_042,1060,3.7749,1.0063,26.78
BAT_042,1080,3.7722,0.9969,26.76
BAT_042,1100,3.7714,1.0043,26.85
BAT_042,1120,3.7711,1.0028,26.85
BAT_042,1140,3.7711,1.0021,26.82
BAT_042,1160,3.7702,1.0033,26.88
BAT_042,1180,3.7716,1.0083,27.04
BAT_042,1200,3.7701,1.0049,26.88
BAT_042,1220,3.7701,0.995,26.99
BAT_042,1240,3.7684,0.9896,27.04
BAT_042,1260,3.775,0.9974,26.99
BAT_042,1280,3.7686,1.0027,27.11
BAT_042,1300,3.7701,0.9984,27.12
BAT_042,1320,3.7668,0.9982,27.11
BAT_042,1340,3.7702,1.006,27.07
BAT_042,1360,3.7675,0.989,27.28
BAT_042,1380,3.7689,0.9991,27.2
BAT_042,1400,3.7702,0.9992,27.25
BAT_042,1420,3.7667,1.0017,27.19
BAT_042,1440,3.7686,1.0041,27.25
BAT_042,1460,3.7675,0.9996,27.3
BAT_042,1480,3.7677,1.0003,27.28
BAT_042,1500,3.7663,1.0005,27.26
BAT_042,1520,3.7652,0.9971,27.3
BAT_042,1540,3.7664,1.0104,27.41
BAT_042,1560,3.7625,0.9945,27.33
BAT_042,1580,3.7637,1.0053,27.39
BAT_042,1600,3.7657,0.9909,27.5
BAT_042,1620,3.7674,0.9978,27.48
BAT_042,1640,3.7673,0.9987,27.47
BAT_042,1660,3.7631,0.9974,27.54
BAT_042,1680,3.7681,0.9977,27.54
BAT_042,1700,3.7643,1.0039,27.54
BAT_042,1720,3.7609,1.0079,27.59
BAT_042,1740,3.7664,1.0002,27.61
BAT_042,1760,3.7624,0.9986,27.57
BAT_042,1780,3.7591,1.0026,27.61
BAT_042,1800,3.7616,0.9909,27.73
BAT_042,1820,3.7606,1.0,27.68
BAT_042,1840,3.7628,1.0029,27.72
BAT_042,1860,3.7598,1.0082,27.76
BAT_042,1880,3.7653,1.0051,27.78
BAT_042,1900,3.7613,1.0069,27.73
BAT_042,1920,3.7601,1.0012,27.75
BAT_042,1940,3.7623,0.9974,27.78
BAT_042,1960,3.7616,1.0024,27.84
BAT_042,1980,3.7603,1.0055,27.92
BAT_042,2000,3.7629,1.0025,27.9
BAT_043,0,4.0155,1.0017,25.67
BAT_043,20,3.9966,0.9953,25.58
BAT_043,40,3.9717,1.0057,25.57
BAT_043,60,3.9579,0.9969,25.63
BAT_043,80,3.9428,0.998,25.66
BAT_043,100,3.9322,1.0041,25.65
BAT_043,120,3.9176,1.0039,25.68
BAT_043,140,3.9031,0.9986,25.78
BAT_043,160,3.9007,1.0006,25.63
BAT_043,180,3.8841,1.0105,25.86
BAT_043,200,3.8742,1.0013,25.8
BAT_043,220,3.8697,1.0011,25.79
BAT_043,240,3.8613,0.9954,25.83
BAT_043,260,3.8554,0.9985,25.81
BAT_043,280,3.8446,0.9985,25.91
BAT_043,300,3.8442,0.9957,25.97
BAT_043,320,3.8339,1.001,25.95
BAT_043,340,3.8366,1.0051,25.81
BAT_043,360,3.8344,0.9978,25.78
BAT_043,380,3.8288,0.9913,25.9
BAT_043,400,3.8261,1.0035,26.01
BAT_043,420,3.826,0.9934,26.02
BAT_043,440,3.8204,0.9942,26.06
BAT_043,460,3.8146,0.9978,26.08
BAT_043,480,3.8121,1.0013,25.98
BAT_043,500,3.8139,0.9993,26.0
BAT_043,520,3.8077,1.0002,26.11
BAT_043,540,3.809,0.9929,26.12
BAT_043,560,3.8026,1.0031,26.24
BAT_043,580,3.8017,0.9907,26.06
BAT_043,600,3.802,1.0028,26.19
BAT_043,620,3.7993,0.9976,26.18
BAT_043,640,3.8015,1.0015,26.2
BAT_043,660,3.801,0.9977,26.22
BAT_043,680,3.7964,1.0004,26.3
BAT_043,700,3.7982,1.0062,26.27
BAT_043,720,3.7997,0.9995,26.32
BAT_043,740,3.7959,0.9963,26.37
BAT_043,760,3.795,0.9994,26.42
BAT_043,780,3.7966,0.9972,26.35
BAT_043,800,3.7926,1.0042,26.38
BAT_043,820,3.7939,1.0001,26.33
BAT_043,840,3.7925,0.9988,26.47
BAT_043,860,3.7911,1.0026,26.46
BAT_043,880,3.7945,0.9994,26.45
BAT_043,900,3.7929,0.9974,26.44
BAT_043,920,3.7915,0.9976,26.45
BAT_043,940,3.7891,0.9975,26.5
BAT_043,960,3.7904,1.0052,26.53
BAT_043,980,3.7882,1.0085,26.53
BAT_043,1000,3.7931,0.9978,26.59
BAT_043,1020,3.7879,0.9982,26.64
BAT_043,1040,3.7948,1.0052,26.6
BAT_043,1060,3.7897,0.993,26.63
BAT_043,1080,3.7893,0.9972,26.64
BAT_043,1100,3.7881,0.9933,26.69
BAT_043,1120,3.7911,1.0056,26.69
BAT_043,1140,3.7896,0.999,26.77
BAT_043,1160,3.7874,0.9933,26.83
BAT_043,1180,3.7818,0.9982,26.78
BAT_043,1200,3.7883,1.0016,26.78
BAT_043,1220,3.7862,0.9987,26.81
BAT_043,1240,3.7882,1.0032,26.8
BAT_043,1260,3.7889,1.0002,26.83
BAT_043,1280,3.7845,1.009,26.81
BAT_043,1300,3.7887,0.9964,26.8
BAT_043,1320,3.7841,1.0051,26.95
BAT_043,1340,3.7837,1.0036,26.91
BAT_043,1360,3.7853,1.0032,26.86
BAT_043,1380,3.7867,1.0004,27.02
BAT_043,1400,3.7844,1.0063,27.09
BAT_043,1420,3.7828,1.0055,26.99
BAT_043,1440,3.7879,1.0042,27.02
BAT_043,1460,3.7839,1.0082,26.97
BAT_043,1480,3.786,0.9988,27.08
BAT_043,1500,3.7821,1.0006,27.11
BAT_043,1520,3.7847,0.9969,27.08
BAT_043,1540,3.7835,1.0055,27.06
BAT_043,1560,3.783,0.9987,27.11
BAT_043,1580,3.7827,1.0001,27.18
BAT_043,1600,3.7788,1.0026,27.22
BAT_043,1620,3.7799,1.0106,27.13
BAT_043,1640,3.783,1.0012,27.23
BAT_043,1660,3.7816,1.0071,27.14
BAT_043,1680,3.7822,1.0032,27.19
BAT_043,1700,3.7857,0.9998,27.29
BAT_043,1720,3.7799,0.9977,27.32
BAT_043,1740,3.7784,0.9962,27.34
BAT_043,1760,3.7805,0.9932,27.35
BAT_043,1780,3.7779,1.0031,27.31
BAT_043,1800,3.7773,0.9986,27.33
BAT_043,1820,3.7813,1.0089,27.43
BAT_043,1840,3.7795,1.0025,27.48
BAT_043,1860,3.7782,0.9984,27.37
BAT_043,1880,3.7785,0.9992,27.44
BAT_043,1900,3.7782,0.9961,27.46
BAT_043,1920,3.7789,1.0038,27.44
BAT_043,1940,3.779,0.9944,27.56
BAT_043,1960,3.7791,1.002,27.55
BAT_043,1980,3.7776,1.0,27.55
BAT_043,2000,3.7778,1.0014,27.43
BAT_044,0,4.129,0.9988,25.54
BAT_044,20,4.1165,0.9983,25.47
BAT_044,40,4.1092,1.0008,25.47
BAT_044,60,4.0988,0.9966,25.53
BAT_044,80,4.0896,1.0019,25.51
BAT_044,100,4.0841,1.0019,25.45
BAT_044,120,4.0762,1.0001,25.45
BAT_044,140,4.064,1.0016,25.53
BAT_044,160,4.0611,0.9947,25.59
BAT_044,180,4.0542,1.0041,25.57
BAT_044,200,4.0507,1.0067,25.64
BAT_044,220,4.043,1.0083,25.55
BAT_044,240,4.0406,0.994,25.64
BAT_044,260,4.037,1.0062,25.64
BAT_044,280,4.0351,0.9907,25.56
BAT_044,300,4.0317,0.9982,25.58
BAT_044,320,4.0255,1.0044,25.65
BAT_044,340,4.0278,1.0118,25.63
BAT_044,360,4.0232,1.0061,25.62
BAT_044,380,4.0173,1.003,25.59
BAT_044,400,4.0197,0.9946,25.58
BAT_044,420,4.0165,1.0031,25.71
BAT_044,440,4.0129,1.0095,25.75
BAT_044,460,4.0164,0.9998,25.71
BAT_044,480,4.0143,1.002,25.64
BAT_044,500,4.0137,1.0024,25.81
BAT_044,520,4.0086,1.0021,25.75
BAT_044,540,4.0109,1.0017,25.72
BAT_044,560,4.0095,1.0056,25.71
BAT_044,580,4.0063,0.9946,25.7
BAT_044,600,4.008,0.9978,25.71
BAT_044,620,4.0052,0.9969,25.85
BAT_044,640,4.0051,0.9942,25.84
BAT_044,660,4.005,1.0028,25.76
BAT_044,680,4.0069,1.0036,25.81
BAT_044,700,4.0034,0.9983,25.86
BAT_044,720,4.0029,1.0,25.79
BAT_044,740,4.0035,1.0,25.78
BAT_044,760,3.9957,0.994,25.81
BAT_044,780,4.0031,1.0068,25.96
BAT_044,800,4.0016,1.0024,25.81
BAT_044,820,4.0034,0.9982,25.87
BAT_044,840,4.0005,1.0067,25.88
BAT_044,860,4.0001,0.9978,25.92
BAT_044,880,3.9999,0.9971,25.93
BAT_044,900,4.0019,0.9994,25.83
BAT_044,920,4.0002,1.0002,25.98
BAT_044,940,3.9998,1.0069,25.89
BAT_044,960,3.9996,1.0113,25.89
BAT_044,980,3.9972,0.9941,26.01
BAT_044,1000,3.9999,1.0023,25.94
BAT_044,1020,4.0008,1.0036,25.96
BAT_044,1040,3.9989,0.9938,25.99
BAT_044,1060,3.9985,0.9976,26.01
BAT_044,1080,3.9997,0.9993,25.97
BAT_044,1100,3.9971,1.0011,26.06
BAT_044,1120,3.9975,1.0006,25.97
BAT_044,1140,3.9987,1.0015,26.12
BAT_044,1160,3.9961,0.9975,26.11
BAT_044,1180,3.9934,1.0009,26.05
BAT_044,1200,3.9949,0.9848,26.11
BAT_044,1220,3.9939,1.0033,26.06
BAT_044,1240,3.9954,1.0057,26.13
BAT_044,1260,3.9938,0.9983,26.13
BAT_044,1280,3.9968,1.003,26.1
BAT_044,1300,3.9935,0.9913,26.14
BAT_044,1320,3.9957,0.9947,26.1
BAT_044,1340,3.9945,0.9967,26.2
BAT_044,1360,3.9981,0.9988,26.07
BAT_044,1380,3.9907,0.9955,26.18
BAT_044,1400,3.9939,1.0039,26.13
BAT_044,1420,3.993,1.0048,26.18
BAT_044,1440,3.9958,1.0037,26.16
BAT_044,1460,3.9964,1.0029,26.23
BAT_044,1480,3.9936,0.9982,26.24
BAT_044,1500,3.9961,1.0004,26.21
BAT_044,1520,3.9966,0.9979,26.31
BAT_044,1540,3.9941,1.0093,26.2
BAT_044,1560,3.9955,0.9957,26.36
BAT_044,1580,3.9944,1.0093,26.38
BAT_044,1600,3.9917,1.009,26.32
BAT_044,1620,3.9944,1.0033,26.28
BAT_044,1640,3.9965,0.9862,26.29
BAT_044,1660,3.9945,1.0082,26.29
BAT_044,1680,3.9933,0.9991,26.3
BAT_044,1700,3.9921,1.0031,26.33
BAT_044,1720,3.994,1.0048,26.25
BAT_044,1740,3.9931,1.0026,26.34
BAT_044,1760,3.9921,0.989,26.36
BAT_044,1780,3.9915,1.0037,26.28
BAT_044,1800,3.9935,1.0117,26.34
BAT_044,1820,3.9871,0.9909,26.31
BAT_044,1840,3.9953,0.9984,26.33
BAT_044,1860,3.9907,0.9971,26.39
BAT_044,1880,3.9888,0.9971,26.35
BAT_044,1900,3.9911,0.9954,26.43
BAT_044,1920,3.9909,1.0102,26.48
BAT_044,1940,3.9914,1.0003,26.45
BAT_044,1960,3.9974,1.0002,26.59
BAT_044,1980,3.9897,0.9989,26.42
BAT_044,2000,3.9928,0.9937,26.56
BAT_045,0,3.9962,1.0032,24.97
BAT_045,20,3.9741,1.0029,24.93
BAT_045,40,3.954,0.9948,24.97
BAT_045,60,3.9328,0.9937,24.93
BAT_045,80,3.9175,1.0025,25.08
BAT_045,100,3.9056,1.0008,25.12
BAT_045,120,3.8857,1.0035,25.05
BAT_045,140,3.8782,0.9955,25.11
BAT_045,160,3.8641,0.9892,25.22
BAT_045,180,3.8503,1.0009,25.23
BAT_045,200,3.8429,1.0046,25.18
BAT_045,220,3.8351,0.9898,25.3
BAT_045,240,3.8248,0.9958,25.25
BAT_045,260,3.8223,0.9967,25.27
BAT_045,280,3.8118,0.9954,25.24
BAT_045,300,3.8078,1.0033,25.29
BAT_045,320,3.8017,1.0022,25.37
BAT_045,340,3.7961,1.0002,25.39
BAT_045,360,3.79,0.9993,25.44
BAT_045,380,3.7869,1.0062,25.41
BAT_045,400,3.7822,0.9986,25.38
BAT_045,420,3.7822,0.9925,25.47
BAT_045,440,3.7775,0.9985,25.52
BAT_045,460,3.7757,0.9974,25.56
BAT_045,480,3.7718,1.0045,25.61
BAT_045,500,3.771,1.0044,25.5
BAT_045,520,3.7692,0.9927,25.59
BAT_045,540,3.7676,0.9874,25.58
BAT_045,560,3.763,0.9954,25.64
BAT_045,580,3.7641,0.9946,25.64
BAT_045,600,3.7578,0.9965,25.59
BAT_045,620,3.757,1.0022,25.76
BAT_045,640,3.7571,1.0017,25.71
BAT_045,660,3.7596,1.0082,25.65
BAT_045,680,3.7548,0.9969,25.77
BAT_045,700,3.7585,1.0074,25.82
BAT_045,720,3.7557,0.9922,25.83
BAT_045,740,3.753,0.9993,25.88
BAT_045,760,3.7499,0.9949,25.99
BAT_045,780,3.7486,1.0003,25.95
BAT_045,800,3.7523,1.0003,25.86
BAT_045,820,3.7498,0.9927,26.06
BAT_045,840,3.7507,1.0036,26.0
BAT_045,860,3.7487,1.0056,26.06
BAT_045,880,3.7501,1.0029,26.07
BAT_045,900,3.7479,1.002,26.07
BAT_045,920,3.7474,1.0032,26.19
BAT_045,940,3.7434,1.0068,26.09
BAT_045,960,3.7493,0.995,26.13
BAT_045,980,3.7486,0.9997,26.18
BAT_045,1000,3.7439,0.9944,26.26
BAT_045,1020,3.7461,0.9996,26.14
BAT_045,1040,3.7434,0.9949,26.23
BAT_045,1060,3.7448,0.9971,26.23
BAT_045,1080,3.7449,1.0058,26.22
BAT_045,1100,3.7415,1.0053,26.24
BAT_045,1120,3.7432,1.0006,26.42
BAT_045,1140,3.7396,0.9863,26.35
BAT_045,1160,3.7454,1.0007,26.34
BAT_045,1180,3.7434,0.9903,26.45
BAT_045,1200,3.7455,0.999,26.47
BAT_045,1220,3.7404,1.007,26.42
BAT_045,1240,3.7406,0.9962,26.4
BAT_045,1260,3.7432,1.0094,26.43
BAT_045,1280,3.7412,1.0022,26.5
BAT_045,1300,3.7382,1.0016,26.6
BAT_045,1320,3.7412,0.9947,26.56
BAT_045,1340,3.7369,0.9997,26.66
BAT_045,1360,3.7426,0.9996,26.65
BAT_045,1380,3.7392,1.0006,26.62
BAT_045,1400,3.7403,0.9975,26.69
BAT_045,1420,3.7411,0.9999,26.64
BAT_045,1440,3.7404,0.9988,26.7
BAT_045,1460,3.7403,0.9961,26.8
BAT_045,1480,3.74,0.9966,26.74
BAT_045,1500,3.7384,0.9957,26.85
BAT_045,1520,3.7342,1.0007,26.81
BAT_045,1540,3.736,1.003,26.82
BAT_045,1560,3.7388,0.9979,26.86
BAT_045,1580,3.7387,1.0045,26.95
BAT_045,1600,3.7374,1.0073,26.91
BAT_045,1620,3.7345,0.9912,26.88
BAT_045,1640,3.7353,0.9912,26.99
BAT_045,1660,3.7367,0.9998,27.01
BAT_045,1680,3.7362,0.9988,27.0
BAT_045,1700,3.7363,0.9947,27.11
BAT_045,1720,3.7388,1.0002,27.18
BAT_045,1740,3.7338,1.0043,27.01
BAT_045,1760,3.7366,0.9963,27.17
BAT_045,1780,3.7354,1.0045,27.17
BAT_045,1800,3.7359,0.9987,27.24
BAT_045,1820,3.7354,1.0023,27.26
BAT_045,1840,3.734,1.0086,27.27
BAT_045,1860,3.7344,0.9932,27.3
BAT_045,1880,3.7334,1.0005,27.27
BAT_045,1900,3.7356,1.003,27.2
BAT_045,1920,3.7323,1.0017,27.32
BAT_045,1940,3.7348,1.0027,27.42
BAT_045,1960,3.7316,1.0064,27.38
BAT_045,1980,3.7334,1.0032,27.37
BAT_045,2000,3.7339,0.999,27.45
BAT_046,0,4.127,1.006,24.44
BAT_046,20,4.1198,0.9905,24.43
BAT_046,40,4.1142,1.0009,24.43
BAT_046,60,4.1095,0.9944,24.55
BAT_046,80,4.1021,1.0,24.43
BAT_046,100,4.099,0.998,24.43
BAT_046,120,4.0959,0.9995,24.48
BAT_046,140,4.0908,0.9995,24.48
BAT_046,160,4.0917,0.9982,24.54
BAT_046,180,4.087,0.9947,24.54
BAT_046,200,4.078,1.0001,24.53
BAT_046,220,4.0842,0.9996,24.45
BAT_046,240,4.0815,1.0031,24.53
BAT_046,260,4.0759,0.9982,24.54
BAT_046,280,4.0723,1.0003,24.5
BAT_046,300,4.069,1.0,24.44
BAT_046,320,4.0686,1.0077,24.56
BAT_046,340,4.0701,0.9951,24.56
BAT_046,360,4.0709,0.9965,24.57
BAT_046,380,4.0666,0.9916,24.59
BAT_046,400,4.0629,1.0011,24.57
BAT_046,420,4.0635,0.9996,24.56
BAT_046,440,4.0624,1.0002,24.58
BAT_046,460,4.0618,0.9967,24.65
BAT_046,480,4.0616,0.9903,24.59
BAT_046,500,4.0598,1.013,24.61
BAT_046,520,4.0608,0.9991,24.67
BAT_046,540,4.0591,0.9989,24.7
BAT_046,560,4.0572,0.9996,24.49
BAT_046,580,4.0616,1.0025,24.66
BAT_046,600,4.0572,0.9972,24.67
BAT_046,620,4.0598,0.9975,24.68
BAT_046,640,4.0561,0.9934,24.62
BAT_046,660,4.0562,1.0033,24.73
BAT_046,680,4.0582,0.9972,24.7
BAT_046,700,4.0557,1.004,24.74
BAT_046,720,4.0581,1.002,24.73
BAT_046,740,4.0521,1.0115,24.7
BAT_046,760,4.0544,1.0066,24.61
BAT_046,780,4.0538,1.0078,24.68
BAT_046,800,4.0534,1.0062,24.68
BAT_046,820,4.0523,0.9906,24.71
BAT_046,840,4.0552,1.008,24.75
BAT_046,860,4.0507,1.0019,24.79
BAT_046,880,4.0543,1.002,24.82
BAT_046,900,4.0553,1.0003,24.8
BAT_046,920,4.055,0.9969,24.78
BAT_046,940,4.0528,0.9922,24.81
BAT_046,960,4.0518,1.0002,24.7
BAT_046,980,4.0536,0.9957,24.71
BAT_046,1000,4.0521,1.0001,24.85
BAT_046,1020,4.0563,1.0005,24.85
BAT_046,1040,4.055,1.0009,24.84
BAT_046,1060,4.0548,0.9971,24.91
BAT_046,1080,4.0525,0.9951,24.8
BAT_046,1100,4.051,0.9926,24.87
BAT_046,1120,4.0554,0.9996,24.88
BAT_046,1140,4.0537,1.0086,24.91
BAT_046,1160,4.0521,1.0014,24.89
BAT_046,1180,4.0522,1.0045,24.92
BAT_046,1200,4.0511,0.993,24.88
BAT_046,1220,4.0535,1.0043,24.87
BAT_046,1240,4.0528,0.9978,24.96
BAT_046,1260,4.0512,0.9976,24.96
BAT_046,1280,4.0535,1.0003,24.91
BAT_046,1300,4.0555,0.9982,24.96
BAT_046,1320,4.0516,1.0012,24.83
BAT_046,1340,4.0518,0.9991,24.93
BAT_046,1360,4.054,0.994,24.97
BAT_046,1380,4.0526,1.0033,25.0
BAT_046,1400,4.0522,1.0027,24.98
BAT_046,1420,4.0557,1.0011,24.97
BAT_046,1440,4.0541,0.9987,24.97
BAT_046,1460,4.0482,0.9974,24.99
BAT_046,1480,4.0544,0.999,24.92
BAT_046,1500,4.05,1.0047,24.97
BAT_046,1520,4.0496,0.9993,24.92
BAT_046,1540,4.0514,0.9947,25.03
BAT_046,1560,4.0523,0.9982,25.08
BAT_046,1580,4.0528,1.0016,25.06
BAT_046,1600,4.0531,1.0028,25.12
BAT_046,1620,4.0528,1.0018,25.04
BAT_046,1640,4.0472,0.9907,25.12
BAT_046,1660,4.0528,0.9956,25.04
BAT_046,1680,4.052,0.9993,25.05
BAT_046,1700,4.0499,0.9971,25.1
BAT_046,1720,4.0533,0.9987,25.09
BAT_046,1740,4.0528,1.0071,25.02
BAT_046,1760,4.0528,0.9997,25.09
BAT_046,1780,4.049,1.0057,25.1
BAT_046,1800,4.0515,1.0044,25.11
BAT_046,1820,4.0492,0.9955,25.15
BAT_046,1840,4.0502,1.0071,25.14
BAT_046,1860,4.0489,0.9911,25.16
BAT_046,1880,4.051,0.996,25.15
BAT_046,1900,4.0508,1.002,25.2
BAT_046,1920,4.0506,1.0008,25.17
BAT_046,1940,4.0525,1.0044,25.14
BAT_046,1960,4.0484,1.0005,25.16
BAT_046,1980,4.0458,1.0057,25.21
BAT_046,2000,4.0501,0.9954,25.19
BAT_047,0,4.1494,0.9968,25.94
BAT_047,20,4.1435,0.9986,25.91
BAT_047,40,4.1345,0.9949,25.93
BAT_047,60,4.1304,1.0047,25.96
BAT_047,80,4.1278,1.0015,25.92
BAT_047,100,4.1229,1.0093,25.9
BAT_047,120,4.1191,0.9976,25.99
BAT_047,140,4.1133,0.9934,25.99
BAT_047,160,4.1113,0.9973,26.0
BAT_047,180,4.1093,1.0042,26.04
BAT_047,200,4.1074,0.9991,25.97
BAT_047,220,4.109,1.0065,25.97
BAT_047,240,4.0998,1.0022,26.11
BAT_047,260,4.0998,0.9992,25.94
BAT_047,280,4.0997,1.0011,26.0
BAT_047,300,4.0949,0.9956,25.95
BAT_047,320,4.0946,0.9946,26.06
BAT_047,340,4.095,0.9991,26.05
BAT_047,360,4.0908,1.0034,26.02
BAT_047,380,4.0947,1.0011,26.08
BAT_047,400,4.0901,1.0037,26.02
BAT_047,420,4.0921,1.0016,26.1
BAT_047,440,4.0883,1.0024,26.06
BAT_047,460,4.0935,0.9997,25.93
BAT_047,480,4.0902,0.9972,26.16
BAT_047,500,4.0904,1.0048,26.09
BAT_047,520,4.0879,1.0051,26.15
BAT_047,540,4.0883,0.997,25.97
BAT_047,560,4.0863,0.9982,25.96
BAT_047,580,4.0868,1.0066,26.13
BAT_047,600,4.0888,1.009,26.05
BAT_047,620,4.0855,0.9926,26.11
BAT_047,640,4.085,1.0028,26.07
BAT_047,660,4.0896,0.993,25.98
BAT_047,680,4.0833,1.0088,26.06
BAT_047,700,4.0819,1.0026,26.13
BAT_047,720,4.0853,0.9978,26.15
BAT_047,740,4.0856,0.996,26.1
BAT_047,760,4.0794,0.9929,26.08
BAT_047,780,4.0859,0.9967,26.13
BAT_047,800,4.0808,0.9898,26.13
BAT_047,820,4.083,0.9964,26.14
BAT_047,840,4.0785,0.9987,26.12
BAT_047,860,4.0805,0.9953,26.08
BAT_047,880,4.0825,1.0042,26.12
BAT_047,900,4.0797,0.9847,26.12
BAT_047,920,4.0865,1.0007,26.21
BAT_047,940,4.081,1.0047,26.15
BAT_047,960,4.0791,1.0041,26.16
BAT_047,980,4.0821,1.0021,26.28
BAT_047,1000,4.0826,0.9963,26.22
BAT_047,1020,4.0812,1.0006,26.16
BAT_047,1040,4.0823,0.9947,26.13
BAT_047,1060,4.0803,0.997,26.21
BAT_047,1080,4.0784,0.9847,26.14
BAT_047,1100,4.0777,0.9983,26.14
BAT_047,1120,4.0839,0.9922,26.21
BAT_047,1140,4.0811,1.0097,26.27
BAT_047,1160,4.0817,1.0015,26.08
BAT_047,1180,4.0796,0.9942,26.15
BAT_047,1200,4.079,0.9927,26.13
BAT_047,1220,4.082,0.993,26.17
BAT_047,1240,4.08,1.0023,26.19
BAT_047,1260,4.0811,0.9945,26.27
BAT_047,1280,4.08,1.0056,26.18
BAT_047,1300,4.0779,0.9975,26.32
BAT_047,1320,4.0766,0.9951,26.27
BAT_047,1340,4.0823,1.0018,26.22
BAT_047,1360,4.0802,0.9969,26.35
BAT_047,1380,4.0784,0.9981,26.31
BAT_047,1400,4.074,1.0009,26.27
BAT_047,1420,4.0786,0.9979,26.34
BAT_047,1440,4.081,0.9982,26.27
BAT_047,1460,4.0784,1.0039,26.36
BAT_047,1480,4.0787,1.0032,26.33
BAT_047,1500,4.0784,0.9935,26.38
BAT_047,1520,4.0827,0.9963,26.31
BAT_047,1540,4.0783,1.0011,26.35
BAT_047,1560,4.0787,0.9972,26.4
BAT_047,1580,4.0785,1.0045,26.35
BAT_047,1600,4.0761,0.9906,26.34
BAT_047,1620,4.0814,1.0,26.31
BAT_047,1640,4.0822,0.9975,26.32
BAT_047,1660,4.0814,0.9952,26.39
BAT_047,1680,4.0785,0.9978,26.32
BAT_047,1700,4.0793,1.0022,26.38
BAT_047,1720,4.0775,0.998,26.31
BAT_047,1740,4.0752,0.9956,26.28
BAT_047,1760,4.0786,0.9927,26.41
BAT_047,1780,4.0735,1.0056,26.36
BAT_047,1800,4.0793,0.9992,26.45
BAT_047,1820,4.0773,1.0086,26.41
BAT_047,1840,4.0805,0.9995,26.4
BAT_047,1860,4.0797,0.9988,26.31
BAT_047,1880,4.0793,1.0055,26.47
BAT_047,1900,4.0768,0.9976,26.4
BAT_047,1920,4.0773,0.9997,26.4
BAT_047,1940,4.0785,1.004,26.43
BAT_047,1960,4.0791,0.9933,26.46
BAT_047,1980,4.079,0.9972,26.39
BAT_047,2000,4.0806,0.9927,26.47
BAT_048,0,3.9228,0.9993,25.58
BAT_048,20,3.8948,0.9991,25.65
BAT_048,40,3.8651,0.9974,25.63
BAT_048,60,3.8441,0.9918,25.69
BAT_048,80,3.826,0.9914,25.77
BAT_048,100,3.8017,1.0048,25.75
BAT_048,120,3.784,1.0018,25.8
BAT_048,140,3.7649,0.9994,25.89
BAT_048,160,3.7552,0.996,25.79
BAT_048,180,3.7387,1.0051,25.91
BAT_048,200,3.7257,0.9887,25.89
BAT_048,220,3.7126,1.0058,26.0
BAT_048,240,3.7071,1.0029,25.98
BAT_048,260,3.7002,1.0053,26.06
BAT_048,280,3.6862,0.9976,26.02
BAT_048,300,3.6767,0.9986,26.05
BAT_048,320,3.674,1.0121,26.07
BAT_048,340,3.6676,0.9994,26.09
BAT_048,360,3.6596,1.0054,26.14
BAT_048,380,3.6579,1.0002,26.13
BAT_048,400,3.6494,0.9987,26.22
BAT_048,420,3.648,1.0036,26.19
BAT_048,440,3.6438,1.0008,26.25
BAT_048,460,3.6412,1.0069,26.27
BAT_048,480,3.6379,0.9969,26.34
BAT_048,500,3.6351,0.9965,26.3
BAT_048,520,3.6296,0.9987,26.38
BAT_048,540,3.6285,0.9995,26.41
BAT_048,560,3.6317,1.0057,26.55
BAT_048,580,3.6254,1.0011,26.56
BAT_048,600,3.624,1.0032,26.47
BAT_048,620,3.6204,1.0038,26.5
BAT_048,640,3.6186,0.9929,26.57
BAT_048,660,3.6182,1.0027,26.54
BAT_048,680,3.6146,1.0053,26.62
BAT_048,700,3.6172,0.9945,26.58
BAT_048,720,3.6096,1.0015,26.72
BAT_048,740,3.6159,1.0086,26.62
BAT_048,760,3.6103,0.9975,26.7
BAT_048,780,3.611,0.9962,26.7
BAT_048,800,3.6104,1.0006,26.76
BAT_048,820,3.6097,0.9937,26.81
BAT_048,840,3.6082,0.9978,26.85
BAT_048,860,3.6057,0.9935,26.85
BAT_048,880,3.6088,0.9955,26.87
BAT_048,900,3.6106,0.9988,26.93
BAT_048,920,3.6044,1.0071,27.0
BAT_048,940,3.606,1.0077,26.95
BAT_048,960,3.6017,1.0053,27.06
BAT_048,980,3.6034,1.0039,27.06
BAT_048,1000,3.6077,0.9939,27.11
BAT_048,1020,3.6053,1.0043,27.11
BAT_048,1040,3.6021,0.9979,27.19
BAT_048,1060,3.6017,0.9993,27.23
BAT_048,1080,3.6018,1.0012,27.21
BAT_048,1100,3.6016,0.9893,27.2
BAT_048,1120,3.6018,0.9969,27.25
BAT_048,1140,3.6008,1.0111,27.27
BAT_048,1160,3.5985,0.9914,27.36
BAT_048,1180,3.5998,0.9959,27.35
BAT_048,1200,3.6014,1.0049,27.41
BAT_048,1220,3.6014,1.0049,27.4
BAT_048,1240,3.6003,1.0008,27.49
BAT_048,1260,3.5989,1.0103,27.42
BAT_048,1280,3.5987,0.9948,27.63
BAT_048,1300,3.5967,0.9982,27.54
BAT_048,1320,3.5972,1.0082,27.57
BAT_048,1340,3.5975,1.0052,27.68
BAT_048,1360,3.5948,1.0015,27.57
BAT_048,1380,3.5973,1.0069,27.64
BAT_048,1400,3.5954,1.0057,27.72
BAT_048,1420,3.5972,0.9978,27.71
BAT_048,1440,3.5946,1.0075,27.68
BAT_048,1460,3.594,1.0076,27.78
BAT_048,1480,3.5925,1.0011,27.8
BAT_048,1500,3.5941,1.0024,27.88
BAT_048,1520,3.5911,1.001,27.95
BAT_048,1540,3.5911,0.9995,27.85
BAT_048,1560,3.5947,0.9959,27.92
BAT_048,1580,3.5922,1.0022,27.9
BAT_048,1600,3.59,1.0009,28.06
BAT_048,1620,3.5914,1.002,28.04
BAT_048,1640,3.5923,0.9999,28.03
BAT_048,1660,3.5913,1.0059,28.11
BAT_048,1680,3.594,0.9965,28.12
BAT_048,1700,3.5899,0.9936,28.19
BAT_048,1720,3.5903,1.0011,28.11
BAT_048,1740,3.59,0.9994,28.19
BAT_048,1760,3.5922,1.0022,28.24
BAT_048,1780,3.5903,0.9978,28.23
BAT_048,1800,3.589,0.9951,28.29
BAT_048,1820,3.5891,1.0055,28.3
BAT_048,1840,3.5937,0.9975,28.36
BAT_048,1860,3.5886,0.997,28.38
BAT_048,1880,3.5849,1.0053,28.39
BAT_048,1900,3.588,0.9911,28.47
BAT_048,1920,3.5852,1.0065,28.42
BAT_048,1940,3.586,1.0032,28.57
BAT_048,1960,3.5833,0.9919,28.61
BAT_048,1980,3.5877,0.9926,28.54
BAT_048,2000,3.5879,0.9981,28.67
BAT_049,0,4.0222,0.9991,24.81
BAT_049,20,4.0088,0.99,24.89
BAT_049,40,3.9899,1.0022,24.75
BAT_049,60,3.9791,0.9972,24.89
BAT_049,80,3.9607,1.0145,24.88
BAT_049,100,3.9468,0.9919,24.9
BAT_049,120,3.9404,1.0044,24.96
BAT_049,140,3.9314,0.9996,24.9
BAT_049,160,3.9196,1.0013,25.02
BAT_049,180,3.9104,1.0056,24.94
BAT_049,200,3.9026,0.9957,24.97
BAT_049,220,3.8944,1.0001,25.08
BAT_049,240,3.887,0.9927,25.0
BAT_049,260,3.8846,1.0028,25.05
BAT_049,280,3.8809,1.0011,24.97
BAT_049,300,3.8744,0.9973,25.16
BAT_049,320,3.8737,0.9975,25.11
BAT_049,340,3.8707,0.9996,25.28
BAT_049,360,3.8626,1.0024,25.04
BAT_049,380,3.8618,0.999,25.14
BAT_049,400,3.8599,0.9981,25.17
BAT_049,420,3.8548,1.0085,25.27
BAT_049,440,3.8524,1.0093,25.19
BAT_049,460,3.8518,0.9981,25.2
BAT_049,480,3.8507,1.0036,25.19
BAT_049,500,3.8491,1.0052,25.33
BAT_049,520,3.8455,1.0057,25.33
BAT_049,540,3.8458,1.0052,25.25
BAT_049,560,3.8444,0.9932,25.49
BAT_049,580,3.8417,1.0014,25.31
BAT_049,600,3.8399,1.0007,25.38
BAT_049,620,3.8395,1.0034,25.32
BAT_049,640,3.8393,0.9981,25.4
BAT_049,660,3.8343,1.0055,25.42
BAT_049,680,3.8357,0.9993,25.47
BAT_049,700,3.8339,1.001,25.47
BAT_049,720,3.8363,1.0014,25.49
BAT_049,740,3.8348,1.0014,25.48
BAT_049,760,3.8342,1.0073,25.51
BAT_049,780,3.8325,1.0026,25.47
BAT_049,800,3.831,1.0013,25.67
BAT_049,820,3.8283,1.0095,25.63
BAT_049,840,3.8308,1.0023,25.56
BAT_049,860,3.8288,1.0039,25.69
BAT_049,880,3.8289,0.9946,25.64
BAT_049,900,3.8332,1.0013,25.76
BAT_049,920,3.8321,1.0065,25.7
BAT_049,940,3.829,1.0076,25.66
BAT_049,960,3.8264,1.0063,25.6
BAT_049,980,3.8295,1.0024,25.64
BAT_049,1000,3.8285,0.9973,25.8
BAT_049,1020,3.826,0.9993,25.87
BAT_049,1040,3.8292,0.9908,25.84
BAT_049,1060,3.8286,1.0028,25.9
BAT_049,1080,3.8295,0.9936,25.87
BAT_049,1100,3.8287,1.0017,25.81
BAT_049,1120,3.8284,1.0013,26.03
BAT_049,1140,3.825,1.0053,25.86
BAT_049,1160,3.8262,1.0013,25.93
BAT_049,1180,3.8304,0.9928,25.93
BAT_049,1200,3.8247,1.0015,26.01
BAT_049,1220,3.8269,1.001,25.98
BAT_049,1240,3.8267,1.0034,25.95
BAT_049,1260,3.8264,1.0,26.1
BAT_049,1280,3.8259,0.9987,25.95
BAT_049,1300,3.8217,1.0066,26.13
BAT_049,1320,3.8259,0.9977,26.02
BAT_049,1340,3.8221,0.9963,26.05
BAT_049,1360,3.8246,0.9925,26.06
BAT_049,1380,3.8221,1.0055,26.12
BAT_049,1400,3.824,0.9998,26.15
BAT_049,1420,3.8235,0.9989,26.22
BAT_049,1440,3.8257,0.9961,26.22
BAT_049,1460,3.818,1.0009,26.19
BAT_049,1480,3.8209,1.0035,26.23
BAT_049,1500,3.8249,1.0046,26.29
BAT_049,1520,3.8186,0.994,26.32
BAT_049,1540,3.8222,1.0038,26.39
BAT_049,1560,3.8202,1.006,26.29
BAT_049,1580,3.8209,0.9954,26.24
BAT_049,1600,3.824,0.9996,26.24
BAT_049,1620,3.8222,1.0042,26.47
BAT_049,1640,3.8186,1.0044,26.3
BAT_049,1660,3.8203,1.0079,26.46
BAT_049,1680,3.8218,1.0053,26.43
BAT_049,1700,3.8209,1.0048,26.41
BAT_049,1720,3.8174,1.0086,26.39
BAT_049,1740,3.8192,1.0042,26.46
BAT_049,1760,3.8204,1.0049,26.43
BAT_049,1780,3.818,0.9938,26.52
BAT_049,1800,3.8208,1.0001,26.52
BAT_049,1820,3.8202,0.9999,26.59
BAT_049,1840,3.8222,1.0025,26.57
BAT_049,1860,3.8209,0.9978,26.65
BAT_049,1880,3.8203,1.0008,26.7
BAT_049,1900,3.8157,0.9932,26.73
BAT_049,1920,3.8162,0.9963,26.59
BAT_049,1940,3.8206,0.993,26.56
BAT_049,1960,3.8179,1.0032,26.69
BAT_049,1980,3.8182,1.0067,26.67
BAT_049,2000,3.8168,0.9966,26.74
BAT_050,0,4.1363,1.0032,24.64
BAT_050,20,4.129,0.9996,24.5
BAT_050,40,4.1252,1.0034,24.6
BAT_050,60,4.1182,1.0005,24.62
BAT_050,80,4.1157,1.0033,24.56
BAT_050,100,4.1131,0.9971,24.52
BAT_050,120,4.1083,1.0008,24.59
BAT_050,140,4.107,0.9971,24.65
BAT_050,160,4.1041,1.0018,24.6
BAT_050,180,4.1045,0.9995,24.65
BAT_050,200,4.1043,1.002,24.56
BAT_050,220,4.0967,1.0016,24.58
BAT_050,240,4.0933,0.9994,24.58
BAT_050,260,4.0967,1.0021,24.65
BAT_050,280,4.0955,0.9967,24.61
BAT_050,300,4.0935,1.0001,24.67
BAT_050,320,4.0927,0.9993,24.72
BAT_050,340,4.0899,1.0057,24.73
BAT_050,360,4.0876,1.0072,24.69
BAT_050,380,4.0909,0.9937,24.72
BAT_050,400,4.0823,1.0024,24.79
BAT_050,420,4.0853,1.0023,24.72
BAT_050,440,4.0882,1.0016,24.76
BAT_050,460,4.0868,0.9924,24.78
BAT_050,480,4.0844,1.0062,24.76
BAT_050,500,4.0848,0.9997,24.72
BAT_050,520,4.0822,0.9991,24.71
BAT_050,540,4.0826,0.9976,24.87
BAT_050,560,4.0818,1.0006,24.8
BAT_050,580,4.0833,0.992,24.72
BAT_050,600,4.0848,0.996,24.77
BAT_050,620,4.0835,1.0015,24.78
BAT_050,640,4.0825,0.9945,24.91
BAT_050,660,4.0801,1.0017,24.84
BAT_050,680,4.0843,0.9954,24.84
BAT_050,700,4.0844,0.9899,24.83
BAT_050,720,4.0806,0.9989,24.89
BAT_050,740,4.0821,0.9944,24.84
BAT_050,760,4.0823,1.0093,24.75
BAT_050,780,4.0806,1.0049,24.86
BAT_050,800,4.0777,0.9946,24.89
BAT_050,820,4.077,1.0035,24.87
BAT_050,840,4.0801,0.9925,24.96
BAT_050,860,4.0802,1.0047,24.94
BAT_050,880,4.0834,1.0046,24.93
BAT_050,900,4.0818,0.9982,24.95
BAT_050,920,4.0819,0.9978,24.95
BAT_050,940,4.079,1.0009,24.95
BAT_050,960,4.0804,1.0103,24.95
BAT_050,980,4.0755,0.9977,24.91
BAT_050,1000,4.0757,0.995,25.04
BAT_050,1020,4.0784,1.0035,24.99
BAT_050,1040,4.0801,0.9981,25.07
BAT_050,1060,4.0796,1.0011,24.94
BAT_050,1080,4.0757,1.0012,24.97
BAT_050,1100,4.0775,0.9992,25.09
BAT_050,1120,4.0764,1.0006,25.01
BAT_050,1140,4.0762,1.0022,25.09
BAT_050,1160,4.0748,1.0072,25.16
BAT_050,1180,4.0778,1.0026,25.01
BAT_050,1200,4.0766,1.0015,25.07
BAT_050,1220,4.08,0.9956,25.07
BAT_050,1240,4.0784,0.9997,25.08
BAT_050,1260,4.077,1.002,25.0
BAT_050,1280,4.0823,1.0036,25.05
BAT_050,1300,4.0754,0.9944,25.13
BAT_050,1320,4.0734,1.0117,25.1
BAT_050,1340,4.0743,1.0102,25.13
BAT_050,1360,4.0779,0.9991,25.13
BAT_050,1380,4.0808,0.9903,25.16
BAT_050,1400,4.0754,0.9984,25.15
BAT_050,1420,4.0732,1.0031,25.18
BAT_050,1440,4.0778,0.9972,25.21
BAT_050,1460,4.0758,1.0038,25.25
BAT_050,1480,4.0778,0.9931,25.2
BAT_050,1500,4.0746,1.0096,25.21
BAT_050,1520,4.074,0.9927,25.27
BAT_050,1540,4.0745,1.002,25.2
BAT_050,1560,4.0761,0.9979,25.23
BAT_050,1580,4.0794,0.9957,25.26
BAT_050,1600,4.0772,0.9968,25.19
BAT_050,1620,4.0745,1.0029,25.26
BAT_050,1640,4.0782,1.0018,25.27
BAT_050,1660,4.0761,1.0012,25.27
BAT_050,1680,4.0773,0.9959,25.33
BAT_050,1700,4.0791,0.9996,25.31
BAT_050,1720,4.0736,1.0005,25.22
BAT_050,1740,4.0778,1.0003,25.36
BAT_050,1760,4.078,0.9965,25.35
BAT_050,1780,4.0787,1.0109,25.32
BAT_050,1800,4.0768,0.997,25.36
BAT_050,1820,4.0768,1.0072,25.33
BAT_050,1840,4.0757,1.0024,25.34
BAT_050,1860,4.0795,0.9891,25.27
BAT_050,1880,4.0745,1.0033,25.37
BAT_050,1900,4.0762,0.9926,25.4
BAT_050,1920,4.0764,1.0079,25.42
BAT_050,1940,4.0741,0.9964,25.34
BAT_050,1960,4.0743,0.9996,25.46
BAT_050,1980,4.0784,1.0004,25.44
BAT_050,2000,4.0748,0.9938,25.44
BAT_051,0,4.0791,1.0028,24.94
BAT_051,20,4.0704,1.0127,24.92
BAT_051,40,4.0572,1.0023,24.96
BAT_051,60,4.0472,0.9998,24.92
BAT_051,80,4.0363,1.0045,24.94
BAT_051,100,4.0264,0.9929,25.04
BAT_051,120,4.0207,0.9971,25.05
BAT_051,140,4.0156,1.0111,24.96
BAT_051,160,4.0077,0.989,25.11
BAT_051,180,3.9993,1.0015,25.1
BAT_051,200,3.9958,0.9995,25.13
BAT_051,220,3.9938,0.9959,25.05
BAT_051,240,3.9878,1.0,25.08
BAT_051,260,3.9826,1.0054,25.09
BAT_051,280,3.9832,0.9995,25.09
BAT_051,300,3.9773,0.9989,25.17
BAT_051,320,3.974,1.006,25.11
BAT_051,340,3.971,1.0064,25.04
BAT_051,360,3.9705,1.0086,25.16
BAT_051,380,3.9626,0.9978,25.21
BAT_051,400,3.962,1.0024,25.3
BAT_051,420,3.9625,0.9995,25.18
BAT_051,440,3.9614,0.992,25.26
BAT_051,460,3.9574,1.0008,25.28
BAT_051,480,3.9575,1.0039,25.17
BAT_051,500,3.9595,1.0019,25.27
BAT_051,520,3.9557,0.9997,25.32
BAT_051,540,3.9564,0.9959,25.24
BAT_051,560,3.9537,1.0049,25.23
BAT_051,580,3.9554,0.9945,25.27
BAT_051,600,3.9481,0.9983,25.34
BAT_051,620,3.9523,1.0037,25.33
BAT_051,640,3.9502,0.9988,25.34
BAT_051,660,3.9521,0.991,25.34
BAT_051,680,3.9512,1.0065,25.35
BAT_051,700,3.9467,0.9972,25.33
BAT_051,720,3.9456,1.0006,25.36
BAT_051,740,3.9488,0.9977,25.32
BAT_051,760,3.9471,0.9926,25.4
BAT_051,780,3.947,0.9977,25.51
BAT_051,800,3.9451,1.0035,25.5
BAT_051,820,3.9467,0.9941,25.39
BAT_051,840,3.9437,0.9912,25.42
BAT_051,860,3.9448,1.0006,25.38
BAT_051,880,3.9453,0.9962,25.58
BAT_051,900,3.9481,0.9969,25.45
BAT_051,920,3.9385,0.9966,25.48
BAT_051,940,3.9405,1.0056,25.48
BAT_051,960,3.9399,1.0073,25.57
BAT_051,980,3.9436,1.0026,25.54
BAT_051,1000,3.9412,0.9992,25.49
BAT_051,1020,3.9486,0.9934,25.63
BAT_051,1040,3.9426,0.9987,25.59
BAT_051,1060,3.9428,0.9951,25.57
BAT_051,1080,3.9434,1.0035,25.55
BAT_051,1100,3.9422,1.0048,25.63
BAT_051,1120,3.9416,1.0018,25.63
BAT_051,1140,3.9437,0.9971,25.63
BAT_051,1160,3.9433,1.002,25.59
BAT_051,1180,3.9371,0.9974,25.74
BAT_051,1200,3.9404,1.0042,25.58
BAT_051,1220,3.9435,1.0008,25.68
BAT_051,1240,3.9417,1.0022,25.63
BAT_051,1260,3.9419,0.9958,25.81
BAT_051,1280,3.9418,1.0062,25.68
BAT_051,1300,3.9394,0.9985,25.82
BAT_051,1320,3.9409,0.996,25.78
BAT_051,1340,3.9402,1.0014,25.76
BAT_051,1360,3.9384,0.9979,25.8
BAT_051,1380,3.9418,1.0017,25.78
BAT_051,1400,3.9433,0.9936,25.76
BAT_051,1420,3.9383,1.0051,25.85
BAT_051,1440,3.9374,1.0027,25.84
BAT_051,1460,3.9361,0.9911,25.85
BAT_051,1480,3.9383,1.0086,25.93
BAT_051,1500,3.9398,0.996,25.84
BAT_051,1520,3.9396,1.0017,25.83
BAT_051,1540,3.9382,1.0024,25.95
BAT_051,1560,3.9408,0.9952,25.89
BAT_051,1580,3.9364,0.9869,25.83
BAT_051,1600,3.9366,1.0032,25.93
BAT_051,1620,3.9379,1.0048,25.97
BAT_051,1640,3.9409,1.0029,25.92
BAT_051,1660,3.9407,1.0032,25.96
BAT_051,1680,3.9412,1.0057,25.99
BAT_051,1700,3.9425,0.9976,25.94
BAT_051,1720,3.938,0.996,25.94
BAT_051,1740,3.9381,1.0022,26.01
BAT_051,1760,3.9359,0.9997,26.05
BAT_051,1780,3.9371,1.0016,26.04
BAT_051,1800,3.9351,0.9954,25.94
BAT_051,1820,3.9373,1.0094,26.06
BAT_051,1840,3.9389,0.9964,26.16
BAT_051,1860,3.9347,0.9987,26.11
BAT_051,1880,3.9361,0.9959,26.06
BAT_051,1900,3.9395,1.0098,26.2
BAT_051,1920,3.9363,1.0043,26.02
BAT_051,1940,3.9379,0.9952,26.08
BAT_051,1960,3.9362,1.0024,26.1
BAT_051,1980,3.9365,1.0013,26.15
BAT_051,2000,3.9346,1.0028,26.16
BAT_052,0,4.099,1.0028,24.72
BAT_052,20,4.0894,0.995,24.75
BAT_052,40,4.0811,0.9959,24.79
BAT_052,60,4.0665,1.0006,24.77
BAT_052,80,4.0597,1.0008,24.71
BAT_052,100,4.0576,1.002,24.84
BAT_052,120,4.0452,0.9891,24.79
BAT_052,140,4.0434,0.9992,24.86
BAT_052,160,4.0359,1.0016,24.87
BAT_052,180,4.0288,0.9979,24.88
BAT_052,200,4.0262,0.9974,24.79
BAT_052,220,4.0239,0.9835,24.9
BAT_052,240,4.0169,0.9938,24.89
BAT_052,260,4.0146,1.0116,24.89
BAT_052,280,4.0054,0.9955,24.93
BAT_052,300,4.0067,0.9997,24.9
BAT_052,320,4.0079,1.0016,24.9
BAT_052,340,4.0014,1.0051,24.89
BAT_052,360,4.0013,1.002,24.97
BAT_052,380,4.0,1.0014,25.04
BAT_052,400,3.9983,0.9964,24.91
BAT_052,420,3.9937,1.0068,24.92
BAT_052,440,3.9968,1.0021,24.95
BAT_052,460,3.9903,0.9995,25.03
BAT_052,480,3.9908,1.0035,25.01
BAT_052,500,3.9924,0.9975,25.01
BAT_052,520,3.9865,0.9985,24.98
BAT_052,540,3.985,0.9989,25.07
BAT_052,560,3.9824,0.994,24.98
BAT_052,580,3.9869,1.0029,25.08
BAT_052,600,3.9851,0.9964,25.09
BAT_052,620,3.9831,0.9988,25.11
BAT_052,640,3.9836,1.0057,24.99
BAT_052,660,3.9806,1.0051,25.09
BAT_052,680,3.9821,0.9974,25.12
BAT_052,700,3.9823,1.0018,25.18
BAT_052,720,3.9859,0.99,25.14
BAT_052,740,3.98,1.0011,25.11
BAT_052,760,3.9814,1.0013,25.17
BAT_052,780,3.9813,1.0033,25.13
BAT_052,800,3.9805,1.005,25.24
BAT_052,820,3.9821,0.9958,25.17
BAT_052,840,3.9819,1.0,25.23
BAT_052,860,3.979,1.0046,25.24
BAT_052,880,3.9773,1.0018,25.22
BAT_052,900,3.9786,1.0029,25.26
BAT_052,920,3.9777,0.9945,25.24
BAT_052,940,3.9784,0.9939,25.25
BAT_052,960,3.9831,0.997,25.29
BAT_052,980,3.9759,0.9983,25.31
BAT_052,1000,3.9783,0.9921,25.31
BAT_052,1020,3.976,1.0055,25.32
BAT_052,1040,3.9808,1.0017,25.27
BAT_052,1060,3.9792,0.9975,25.34
BAT_052,1080,3.9775,0.9939,25.42
BAT_052,1100,3.9774,0.9947,25.31
BAT_052,1120,3.9779,1.0057,25.4
BAT_052,1140,3.9774,0.9979,25.44
BAT_052,1160,3.9777,0.9963,25.37
BAT_052,1180,3.9724,1.0059,25.56
BAT_052,1200,3.9761,1.0021,25.47
BAT_052,1220,3.9758,1.0109,25.39
BAT_052,1240,3.9743,1.0076,25.5
BAT_052,1260,3.9773,0.9995,25.46
BAT_052,1280,3.9761,1.002,25.44
BAT_052,1300,3.9776,1.0088,25.46
BAT_052,1320,3.9736,1.0006,25.62
BAT_052,1340,3.9736,1.0068,25.48
BAT_052,1360,3.9737,1.0051,25.51
BAT_052,1380,3.975,1.0036,25.59
BAT_052,1400,3.9755,1.0073,25.51
BAT_052,1420,3.9739,1.0035,25.59
BAT_052,1440,3.9712,0.9986,25.6
BAT_052,1460,3.9743,1.0091,25.51
BAT_052,1480,3.9749,0.996,25.51
BAT_052,1500,3.9739,0.9997,25.58
BAT_052,1520,3.9729,1.004,25.56
BAT_052,1540,3.9729,0.993,25.68
BAT_052,1560,3.971,1.0081,25.59
BAT_052,1580,3.9738,1.0083,25.6
BAT_052,1600,3.9764,0.9939,25.64
BAT_052,1620,3.9747,1.0018,25.69
BAT_052,1640,3.9741,1.0074,25.6
BAT_052,1660,3.9721,1.0045,25.63
BAT_052,1680,3.9719,1.0115,25.78
BAT_052,1700,3.9741,1.0005,25.71
BAT_052,1720,3.9712,0.9959,25.68
BAT_052,1740,3.9705,1.0007,25.76
BAT_052,1760,3.9709,1.0006,25.69
BAT_052,1780,3.9733,0.9984,25.76
BAT_052,1800,3.9729,1.0062,25.79
BAT_052,1820,3.9712,1.0009,25.81
BAT_052,1840,3.9734,1.005,25.76
BAT_052,1860,3.9699,1.0032,25.76
BAT_052,1880,3.973,1.0129,25.89
BAT_052,1900,3.9692,0.9959,25.86
BAT_052,1920,3.9713,1.0033,25.86
BAT_052,1940,3.9723,1.0029,25.79
BAT_052,1960,3.9739,0.9933,25.83
BAT_052,1980,3.9669,1.0001,25.9
BAT_052,2000,3.9706,0.9944,25.79
BAT_053,0,3.9508,0.9989,25.17
BAT_053,20,3.9268,0.9961,25.35
BAT_053,40,3.8984,0.9971,25.26
BAT_053,60,3.8742,1.0059,25.28
BAT_053,80,3.8552,0.9987,25.36
BAT_053,100,3.8344,0.9996,25.33
BAT_053,120,3.8218,0.9896,25.44
BAT_053,140,3.8038,0.9969,25.43
BAT_053,160,3.7916,0.9937,25.47
BAT_053,180,3.7792,0.9963,25.65
BAT_053,200,3.7621,0.9967,25.6
BAT_053,220,3.7558,1.0038,25.66
BAT_053,240,3.7435,0.996,25.6
BAT_053,260,3.7375,1.0042,25.62
BAT_053,280,3.7298,1.0043,25.68
BAT_053,300,3.7209,1.0031,25.68
BAT_053,320,3.7163,1.0071,25.8
BAT_053,340,3.7132,0.9992,25.89
BAT_053,360,3.7081,1.0044,25.87
BAT_053,380,3.6989,0.9956,25.74
BAT_053,400,3.6926,1.0025,25.81
BAT_053,420,3.6949,1.0018,25.82
BAT_053,440,3.688,1.0075,25.89
BAT_053,460,3.6863,1.005,26.04
BAT_053,480,3.6808,0.997,25.94
BAT_053,500,3.6796,0.9825,26.01
BAT_053,520,3.6741,1.0042,26.02
BAT_053,540,3.6781,0.9842,26.06
BAT_053,560,3.6691,1.0013,26.15
BAT_053,580,3.6728,1.0002,26.12
BAT_053,600,3.6694,0.9898,26.15
BAT_053,620,3.6655,1.0025,26.17
BAT_053,640,3.6641,1.0017,26.09
BAT_053,660,3.6627,0.9926,26.2
BAT_053,680,3.662,1.0004,26.22
BAT_053,700,3.6627,0.9988,26.33
BAT_053,720,3.6643,1.0009,26.31
BAT_053,740,3.6636,0.9989,26.31
BAT_053,760,3.6592,0.9959,26.39
BAT_053,780,3.6559,0.999,26.53
BAT_053,800,3.6567,1.0043,26.47
BAT_053,820,3.6626,1.0021,26.44
BAT_053,840,3.6528,1.0036,26.57
BAT_053,860,3.6519,1.0056,26.49
BAT_053,880,3.654,1.0041,26.57
BAT_053,900,3.6554,0.9993,26.51
BAT_053,920,3.652,1.0064,26.56
BAT_053,940,3.6542,1.0075,26.67
BAT_053,960,3.6499,0.9988,26.65
BAT_053,980,3.6486,1.0042,26.64
BAT_053,1000,3.6485,1.0038,26.72
BAT_053,1020,3.6499,0.9963,26.75
BAT_053,1040,3.6509,1.0041,26.72
BAT_053,1060,3.6503,0.9964,26.82
BAT_053,1080,3.6467,1.0024,26.89
BAT_053,1100,3.648,1.0098,26.89
BAT_053,1120,3.6496,0.9996,26.84
BAT_053,1140,3.6484,1.0035,26.84
BAT_053,1160,3.6455,1.0013,26.92
BAT_053,1180,3.6484,1.0121,26.91
BAT_053,1200,3.6466,1.0063,27.0
BAT_053,1220,3.6457,0.9934,26.99
BAT_053,1240,3.644,1.003,27.08
BAT_053,1260,3.6443,0.9934,27.06
BAT_053,1280,3.6434,1.0088,27.21
BAT_053,1300,3.6435,0.9953,27.18
BAT_053,1320,3.6455,1.007,27.18
BAT_053,1340,3.6428,0.9962,27.15
BAT_053,1360,3.6449,0.9923,27.22
BAT_053,1380,3.6437,0.9948,27.24
BAT_053,1400,3.6429,1.0071,27.31
BAT_053,1420,3.6455,0.9967,27.25
BAT_053,1440,3.637,0.9941,27.3
BAT_053,1460,3.6432,1.0001,27.43
BAT_053,1480,3.6413,0.9924,27.44
BAT_053,1500,3.6407,1.0015,27.54
BAT_053,1520,3.6398,1.0039,27.45
BAT_053,1540,3.6415,0.9964,27.49
BAT_053,1560,3.6404,1.0059,27.47
BAT_053,1580,3.6386,1.0012,27.59
BAT_053,1600,3.639,0.9981,27.49
BAT_053,1620,3.6371,1.0049,27.66
BAT_053,1640,3.6423,1.004,27.6
BAT_053,1660,3.6383,0.9967,27.59
BAT_053,1680,3.6403,1.0025,27.67
BAT_053,1700,3.636,1.0028,27.63
BAT_053,1720,3.6364,1.0005,27.81
BAT_053,1740,3.6367,0.9947,27.72
BAT_053,1760,3.6403,0.9941,27.81
BAT_053,1780,3.637,1.0003,27.83
BAT_053,1800,3.6356,0.9938,27.88
BAT_053,1820,3.639,1.0093,27.94
BAT_053,1840,3.6392,1.0023,27.88
BAT_053,1860,3.6376,1.0,27.96
BAT_053,1880,3.6375,1.0038,28.01
BAT_053,1900,3.6339,1.0048,27.98
BAT_053,1920,3.6372,1.0015,27.98
BAT_053,1940,3.6358,0.9985,28.07
BAT_053,1960,3.6301,1.0011,28.17
BAT_053,1980,3.6356,1.0068,28.19
BAT_053,2000,3.6326,1.0015,28.16
BAT_054,0,4.0897,1.0038,24.41
BAT_054,20,4.0773,1.0009,24.39
BAT_054,40,4.0681,0.9983,24.5
BAT_054,60,4.0601,1.0071,24.38
BAT_054,80,4.0507,1.0015,24.58
BAT_054,100,4.041,1.0026,24.51
BAT_054,120,4.0333,1.001,24.58
BAT_054,140,4.0278,1.0009,24.59
BAT_054,160,4.0225,0.9983,24.57
BAT_054,180,4.0181,1.0025,24.62
BAT_054,200,4.0136,0.9941,24.5
BAT_054,220,4.0079,1.009,24.59
BAT_054,240,4.0035,1.0011,24.63
BAT_054,260,4.0028,0.994,24.65
BAT_054,280,3.9978,1.0037,24.68
BAT_054,300,3.9899,1.0052,24.66
BAT_054,320,3.9902,0.9992,24.7
BAT_054,340,3.9861,1.005,24.69
BAT_054,360,3.9906,0.9958,24.64
BAT_054,380,3.9866,0.9991,24.7
BAT_054,400,3.9779,1.0111,24.6
BAT_054,420,3.978,1.003,24.73
BAT_054,440,3.9783,0.9892,24.75
BAT_054,460,3.9787,0.9958,24.73
BAT_054,480,3.9761,0.9949,24.78
BAT_054,500,3.9758,1.0007,24.69
BAT_054,520,3.9735,0.9984,24.74
BAT_054,540,3.9744,1.0006,24.76
BAT_054,560,3.9728,1.0017,24.84
BAT_054,580,3.9699,1.0053,24.84
BAT_054,600,3.9731,0.9971,24.82
BAT_054,620,3.9745,0.9937,24.86
BAT_054,640,3.9696,1.0076,24.84
BAT_054,660,3.9709,0.9973,24.82
BAT_054,680,3.9723,0.9937,24.83
BAT_054,700,3.9677,0.9941,24.89
BAT_054,720,3.9655,0.9999,24.87
BAT_054,740,3.9631,1.0012,24.81
BAT_054,760,3.9672,0.9886,24.88
BAT_054,780,3.9681,1.0019,24.96
BAT_054,800,3.9698,1.0032,24.92
BAT_054,820,3.9656,1.0037,24.87
BAT_054,840,3.9637,0.9997,25.04
BAT_054,860,3.9631,1.0017,24.92
BAT_054,880,3.9667,1.0014,24.97
BAT_054,900,3.9664,0.9992,24.9
BAT_054,920,3.969,0.9992,25.02
BAT_054,940,3.9657,0.9963,24.98
BAT_054,960,3.9627,1.0025,25.04
BAT_054,980,3.9641,0.9938,24.99
BAT_054,1000,3.9609,0.9932,25.01
BAT_054,1020,3.9639,1.003,24.96
BAT_054,1040,3.9647,1.0014,25.15
BAT_054,1060,3.9646,0.9928,25.1
BAT_054,1080,3.9635,1.0013,25.06
BAT_054,1100,3.9653,1.001,25.07
BAT_054,1120,3.959,0.9985,25.05
BAT_054,1140,3.9594,1.0088,25.12
BAT_054,1160,3.9644,1.005,25.18
BAT_054,1180,3.9611,0.9944,25.14
BAT_054,1200,3.9623,0.999,25.15
BAT_054,1220,3.9619,0.9931,25.22
BAT_054,1240,3.9594,1.0003,25.14
BAT_054,1260,3.9639,0.9976,25.15
BAT_054,1280,3.9607,1.0039,25.15
BAT_054,1300,3.9586,0.9977,25.25
BAT_054,1320,3.9552,1.0041,25.35
BAT_054,1340,3.9604,1.0052,25.23
BAT_054,1360,3.9571,0.9977,25.29
BAT_054,1380,3.9584,0.9989,25.23
BAT_054,1400,3.9615,1.0116,25.28
BAT_054,1420,3.9578,1.009,25.27
BAT_054,1440,3.9595,1.0021,25.34
BAT_054,1460,3.9604,1.0022,25.31
BAT_054,1480,3.9576,1.0035,25.37
BAT_054,1500,3.9582,0.9914,25.3
BAT_054,1520,3.9602,1.0065,25.36
BAT_054,1540,3.9532,0.9972,25.36
BAT_054,1560,3.9601,0.9924,25.35
BAT_054,1580,3.9595,1.004,25.41
BAT_054,1600,3.9628,0.9964,25.37
BAT_054,1620,3.9581,1.003,25.5
BAT_054,1640,3.9595,1.0005,25.37
BAT_054,1660,3.9562,1.0096,25.42
BAT_054,1680,3.9618,1.0037,25.42
BAT_054,1700,3.9589,0.9957,25.48
BAT_054,1720,3.9583,1.0035,25.53
BAT_054,1740,3.9571,1.0046,25.49
BAT_054,1760,3.9573,1.0011,25.55
BAT_054,1780,3.9583,1.0055,25.51
BAT_054,1800,3.9607,0.9991,25.49
BAT_054,1820,3.9589,0.9886,25.49
BAT_054,1840,3.961,0.9962,25.63
BAT_054,1860,3.9606,0.9978,25.5
BAT_054,1880,3.9584,1.0041,25.65
BAT_054,1900,3.9602,0.9967,25.6
BAT_054,1920,3.9563,1.005,25.6
BAT_054,1940,3.9598,1.0,25.63
BAT_054,1960,3.9545,0.9951,25.63
BAT_054,1980,3.957,1.005,25.72
BAT_054,2000,3.9556,0.994,25.57
BAT_055,0,4.1317,1.0031,24.08
BAT_055,20,4.1236,1.0089,24.14
BAT_055,40,4.1185,1.0042,24.19
BAT_055,60,4.1122,0.9938,24.06
BAT_055,80,4.1104,1.0013,24.16
BAT_055,100,4.1046,0.9988,24.08
BAT_055,120,4.0986,1.0035,24.06
BAT_055,140,4.0969,0.9962,24.09
BAT_055,160,4.0914,0.9954,24.13
BAT_055,180,4.0859,1.0,24.11
BAT_055,200,4.0834,1.0038,24.12
BAT_055,220,4.0809,0.9975,24.19
BAT_055,240,4.0821,0.9955,24.18
BAT_055,260,4.0793,0.9938,24.08
BAT_055,280,4.0728,0.9938,24.17
BAT_055,300,4.0731,1.0031,24.16
BAT_055,320,4.071,0.9893,24.23
BAT_055,340,4.0718,1.0024,24.14
BAT_055,360,4.067,0.9955,24.12
BAT_055,380,4.0701,0.9992,24.26
BAT_055,400,4.0673,1.0077,24.22
BAT_055,420,4.0671,1.0059,24.14
BAT_055,440,4.066,0.9899,24.25
BAT_055,460,4.0631,1.0016,24.19
BAT_055,480,4.0637,0.9973,24.22
BAT_055,500,4.0602,1.004,24.29
BAT_055,520,4.0605,1.0059,24.2
BAT_055,540,4.0612,0.9995,24.32
BAT_055,560,4.0615,0.9974,24.28
BAT_055,580,4.0615,0.996,24.28
BAT_055,600,4.0588,0.9875,24.25
BAT_055,620,4.0597,1.0015,24.28
BAT_055,640,4.059,0.9901,24.23
BAT_055,660,4.0571,0.9995,24.25
BAT_055,680,4.0579,0.9986,24.31
BAT_055,700,4.0617,0.9918,24.36
BAT_055,720,4.0559,0.9889,24.32
BAT_055,740,4.0563,0.9955,24.4
BAT_055,760,4.0554,1.0032,24.42
BAT_055,780,4.0553,0.995,24.35
BAT_055,800,4.0594,1.0082,24.36
BAT_055,820,4.0594,0.9988,24.34
BAT_055,840,4.0554,0.9976,24.32
BAT_055,860,4.0591,0.9969,24.39
BAT_055,880,4.0582,1.0045,24.36
BAT_055,900,4.0583,0.9946,24.3
BAT_055,920,4.0561,0.9998,24.39
BAT_055,940,4.0575,0.994,24.43
BAT_055,960,4.056,0.9969,24.3
BAT_055,980,4.056,0.9982,24.39
BAT_055,1000,4.0532,0.9997,24.41
BAT_055,1020,4.055,1.007,24.47
BAT_055,1040,4.055,1.0015,24.38
BAT_055,1060,4.0548,1.0072,24.41
BAT_055,1080,4.0567,0.9993,24.38
BAT_055,1100,4.0598,1.0038,24.38
BAT_055,1120,4.0543,1.0016,24.52
BAT_055,1140,4.0568,0.9988,24.44
BAT_055,1160,4.0553,0.9946,24.46
BAT_055,1180,4.0511,1.0016,24.4
BAT_055,1200,4.0553,1.0012,24.44
BAT_055,1220,4.0567,1.0034,24.53
BAT_055,1240,4.0568,1.0052,24.5
BAT_055,1260,4.0541,1.0062,24.45
BAT_055,1280,4.0547,1.0068,24.45
BAT_055,1300,4.0553,0.9961,24.46
BAT_055,1320,4.0575,1.0044,24.61
BAT_055,1340,4.0539,0.9978,24.49
BAT_055,1360,4.0538,1.0053,24.47
BAT_055,1380,4.0555,0.996,24.55
BAT_055,1400,4.0526,1.0012,24.56
BAT_055,1420,4.0509,1.0036,24.54
BAT_055,1440,4.0521,0.9909,24.58
BAT_055,1460,4.0499,0.9949,24.47
BAT_055,1480,4.0569,0.9984,24.56
BAT_055,1500,4.0514,0.9989,24.51
BAT_055,1520,4.0543,0.9868,24.45
BAT_055,1540,4.0537,1.0039,24.61
BAT_055,1560,4.0492,1.0036,24.61
BAT_055,1580,4.051,0.9922,24.57
BAT_055,1600,4.052,0.9959,24.56
BAT_055,1620,4.0486,0.9992,24.63
BAT_055,1640,4.0533,1.0044,24.59
BAT_055,1660,4.0541,1.0074,24.6
BAT_055,1680,4.055,0.9976,24.53
BAT_055,1700,4.0495,1.0025,24.63
BAT_055,1720,4.0514,1.0055,24.54
BAT_055,1740,4.0525,0.997,24.62
BAT_055,1760,4.0536,1.0003,24.58
BAT_055,1780,4.0529,1.0007,24.62
BAT_055,1800,4.052,0.9997,24.64
BAT_055,1820,4.0483,1.0042,24.62
BAT_055,1840,4.0481,1.0059,24.63
BAT_055,1860,4.0509,0.9957,24.59
BAT_055,1880,4.0535,0.9938,24.63
BAT_055,1900,4.0508,0.9959,24.63
BAT_055,1920,4.0489,0.9988,24.64
BAT_055,1940,4.0496,0.9951,24.59
BAT_055,1960,4.0532,1.0053,24.66
BAT_055,1980,4.0521,0.9988,24.63
BAT_055,2000,4.0491,0.9971,24.72
BAT_056,0,4.1266,1.0048,25.02
BAT_056,20,4.1091,0.9988,25.04
BAT_056,40,4.1011,1.006,25.12
BAT_056,60,4.0894,0.9956,25.08
BAT_056,80,4.0757,0.9988,25.09
BAT_056,100,4.0672,1.0023,25.13
BAT_056,120,4.0613,1.0026,25.16
BAT_056,140,4.0545,0.9972,25.11
BAT_056,160,4.0471,0.9982,25.11
BAT_056,180,4.0411,1.0061,25.25
BAT_056,200,4.0334,0.9923,25.17
BAT_056,220,4.0337,0.9964,25.14
BAT_056,240,4.0241,1.0049,25.25
BAT_056,260,4.0221,1.0059,25.26
BAT_056,280,4.0193,0.9909,25.23
BAT_056,300,4.0205,0.9983,25.18
BAT_056,320,4.0095,0.998,25.28
BAT_056,340,4.0081,1.007,25.25
BAT_056,360,4.0063,1.0016,25.36
BAT_056,380,4.0063,0.998,25.19
BAT_056,400,4.0017,0.9995,25.24
BAT_056,420,3.9967,0.9976,25.31
BAT_056,440,3.9991,1.0028,25.26
BAT_056,460,4.0008,1.007,25.29
BAT_056,480,3.996,1.0025,25.37
BAT_056,500,3.9952,0.9927,25.32
BAT_056,520,3.9918,0.9945,25.45
BAT_056,540,3.9926,0.9997,25.39
BAT_056,560,3.9942,0.9968,25.33
BAT_056,580,3.9911,1.0039,25.41
BAT_056,600,3.989,0.9973,25.42
BAT_056,620,3.9847,1.0,25.54
BAT_056,640,3.9899,0.9999,25.41
BAT_056,660,3.9892,1.0043,25.32
BAT_056,680,3.9889,0.9932,25.49
BAT_056,700,3.9849,1.0024,25.46
BAT_056,720,3.9857,0.9962,25.5
BAT_056,740,3.9838,0.9903,25.5
BAT_056,760,3.9825,1.0079,25.56
BAT_056,780,3.9791,1.008,25.59
BAT_056,800,3.9851,1.0027,25.52
BAT_056,820,3.9816,1.0024,25.69
BAT_056,840,3.9829,0.9924,25.63
BAT_056,860,3.9864,1.0003,25.5
BAT_056,880,3.982,0.9988,25.64
BAT_056,900,3.9795,1.0013,25.6
BAT_056,920,3.9823,1.001,25.63
BAT_056,940,3.9817,1.0027,25.68
BAT_056,960,3.9781,0.9982,25.65
BAT_056,980,3.9785,1.0113,25.75
BAT_056,1000,3.9775,0.9954,25.73
BAT_056,1020,3.9799,1.0072,25.62
BAT_056,1040,3.9792,1.0034,25.71
BAT_056,1060,3.979,1.0059,25.7
BAT_056,1080,3.9811,0.9936,25.73
BAT_056,1100,3.9779,1.0036,25.68
BAT_056,1120,3.9777,0.9996,25.68
BAT_056,1140,3.9801,1.0032,25.71
BAT_056,1160,3.9761,1.0067,25.73
BAT_056,1180,3.9761,0.996,25.78
BAT_056,1200,3.9808,0.997,25.83
BAT_056,1220,3.9789,1.0123,25.85
BAT_056,1240,3.9775,0.9981,25.82
BAT_056,1260,3.9784,0.9965,25.86
BAT_056,1280,3.9763,0.9924,25.84
BAT_056,1300,3.9738,0.9938,25.86
BAT_056,1320,3.9749,0.9961,25.91
BAT_056,1340,3.9734,1.0026,25.93
BAT_056,1360,3.9772,0.9992,25.88
BAT_056,1380,3.9773,0.9956,25.94
BAT_056,1400,3.9756,1.0014,25.82
BAT_056,1420,3.9752,1.0057,25.95
BAT_056,1440,3.9716,0.9905,25.9
BAT_056,1460,3.9802,0.9916,25.97
BAT_056,1480,3.9781,0.9948,25.93
BAT_056,1500,3.9779,1.0039,26.04
BAT_056,1520,3.9745,1.0018,26.04
BAT_056,1540,3.9773,0.9972,26.04
BAT_056,1560,3.9762,0.9973,26.01
BAT_056,1580,3.9729,1.0003,26.01
BAT_056,1600,3.9737,1.0021,26.1
BAT_056,1620,3.976,1.0058,25.98
BAT_056,1640,3.9772,1.0024,26.13
BAT_056,1660,3.9745,1.0027,26.12
BAT_056,1680,3.9765,0.9931,26.09
BAT_056,1700,3.974,0.9982,26.22
BAT_056,1720,3.9734,0.9998,26.15
BAT_056,1740,3.9743,0.998,26.1
BAT_056,1760,3.9726,1.0026,26.14
BAT_056,1780,3.9728,1.0001,26.21
BAT_056,1800,3.976,1.0007,26.14
BAT_056,1820,3.9747,0.9999,26.17
BAT_056,1840,3.9748,0.9998,26.26
BAT_056,1860,3.9769,1.0007,26.25
BAT_056,1880,3.9685,0.9984,26.2
BAT_056,1900,3.9727,1.0026,26.29
BAT_056,1920,3.9717,0.9982,26.16
BAT_056,1940,3.9727,0.9869,26.27
BAT_056,1960,3.9743,0.9932,26.28
BAT_056,1980,3.9709,1.0,26.25
BAT_056,2000,3.975,1.0083,26.33
BAT_057,0,4.1333,0.9974,25.68
BAT_057,20,4.1239,1.0011,25.7
BAT_057,40,4.111,1.0006,25.82
BAT_057,60,4.1062,0.9951,25.78
BAT_057,80,4.0944,1.0016,25.74
BAT_057,100,4.0867,1.0012,25.75
BAT_057,120,4.0875,1.0003,25.75
BAT_057,140,4.0773,1.0019,25.78
BAT_057,160,4.0729,0.999,25.86
BAT_057,180,4.0669,0.9876,25.86
BAT_057,200,4.0626,1.0,25.85
BAT_057,220,4.0579,1.0036,25.87
BAT_057,240,4.0569,1.0045,25.82
BAT_057,260,4.0546,0.9921,25.86
BAT_057,280,4.0516,0.997,25.87
BAT_057,300,4.0485,1.0039,25.85
BAT_057,320,4.0453,0.9934,25.75
BAT_057,340,4.0475,0.9981,25.86
BAT_057,360,4.0458,1.0,25.91
BAT_057,380,4.0347,1.0028,26.01
BAT_057,400,4.0374,0.9896,26.03
BAT_057,420,4.039,1.0036,26.01
BAT_057,440,4.0318,0.9957,25.84
BAT_057,460,4.033,1.0021,25.97
BAT_057,480,4.0315,1.0016,26.0
BAT_057,500,4.0313,1.0109,25.94
BAT_057,520,4.0294,0.9997,26.02
BAT_057,540,4.0281,0.9974,26.03
BAT_057,560,4.0302,1.0045,26.0
BAT_057,580,4.0296,0.9932,26.05
BAT_057,600,4.0254,1.0037,26.01
BAT_057,620,4.0256,0.9986,26.02
BAT_057,640,4.0269,1.0009,25.99
BAT_057,660,4.0257,0.9881,26.15
BAT_057,680,4.0295,0.9988,26.08
BAT_057,700,4.0278,0.9946,26.04
BAT_057,720,4.027,1.0056,26.06
BAT_057,740,4.0247,0.9916,26.13
BAT_057,760,4.0223,1.0051,26.16
BAT_057,780,4.0198,0.9956,26.18
BAT_057,800,4.0223,1.0025,26.08
BAT_057,820,4.0258,1.0107,26.22
BAT_057,840,4.0251,1.0064,26.15
BAT_057,860,4.0212,0.998,26.24
BAT_057,880,4.0211,1.0027,26.17
BAT_057,900,4.0184,0.9972,26.2
BAT_057,920,4.0204,1.0011,26.12
BAT_057,940,4.0223,1.0013,26.21
BAT_057,960,4.0183,0.9967,26.25
BAT_057,980,4.0172,1.0117,26.18
BAT_057,1000,4.0224,0.9937,26.28
BAT_057,1020,4.0198,1.0033,26.27
BAT_057,1040,4.0232,0.9979,26.08
BAT_057,1060,4.0194,0.997,26.28
BAT_057,1080,4.02,1.0106,26.27
BAT_057,1100,4.0182,0.9992,26.29
BAT_057,1120,4.019,1.0019,26.34
BAT_057,1140,4.0217,1.001,26.32
BAT_057,1160,4.0198,0.9976,26.29
BAT_057,1180,4.0216,0.9902,26.34
BAT_057,1200,4.0197,0.9937,26.39
BAT_057,1220,4.0182,0.9942,26.4
BAT_057,1240,4.0197,1.0013,26.39
BAT_057,1260,4.0198,1.01,26.34
BAT_057,1280,4.0195,1.0003,26.33
BAT_057,1300,4.0176,0.9993,26.35
BAT_057,1320,4.0187,1.0026,26.37
BAT_057,1340,4.0156,1.0005,26.4
BAT_057,1360,4.0166,0.9996,26.43
BAT_057,1380,4.0197,0.9967,26.48
BAT_057,1400,4.0176,0.9906,26.39
BAT_057,1420,4.0205,1.0029,26.46
BAT_057,1440,4.0149,0.996,26.46
BAT_057,1460,4.014,1.0009,26.51
BAT_057,1480,4.0206,1.0073,26.47
BAT_057,1500,4.016,1.0116,26.46
BAT_057,1520,4.0192,0.9995,26.52
BAT_057,1540,4.0173,0.9904,26.54
BAT_057,1560,4.0112,0.9999,26.52
BAT_057,1580,4.0156,0.9932,26.49
BAT_057,1600,4.0191,1.0024,26.54
BAT_057,1620,4.0145,0.9947,26.56
BAT_057,1640,4.0184,1.0036,26.62
BAT_057,1660,4.0152,0.9954,26.62
BAT_057,1680,4.0183,1.0088,26.55
BAT_057,1700,4.0171,1.0033,26.61
BAT_057,1720,4.0153,1.0034,26.6
BAT_057,1740,4.0163,1.0073,26.56
BAT_057,1760,4.0164,1.0002,26.67
BAT_057,1780,4.0168,0.9978,26.6
BAT_057,1800,4.0168,1.0086,26.63
BAT_057,1820,4.0151,0.9954,26.58
BAT_057,1840,4.017,0.9959,26.73
BAT_057,1860,4.0142,0.9946,26.67
BAT_057,1880,4.0155,0.9993,26.64
BAT_057,1900,4.0156,1.0033,26.74
BAT_057,1920,4.0157,1.0063,26.79
BAT_057,1940,4.0135,0.9946,26.72
BAT_057,1960,4.0147,0.9979,26.65
BAT_057,1980,4.017,0.9963,26.72
BAT_057,2000,4.0118,1.0076,26.81
BAT_058,0,4.0353,1.002,25.45
BAT_058,20,4.0145,1.0,25.6
BAT_058,40,3.9943,0.9977,25.54
BAT_058,60,3.9801,1.0024,25.62
BAT_058,80,3.9647,1.001,25.71
BAT_058,100,3.9486,0.9987,25.66
BAT_058,120,3.9342,1.001,25.69
BAT_058,140,3.9234,0.9906,25.59
BAT_058,160,3.9172,1.0115,25.64
BAT_058,180,3.9031,0.9937,25.78
BAT_058,200,3.8988,1.0028,25.69
BAT_058,220,3.8908,0.9962,25.77
BAT_058,240,3.8813,0.9934,25.75
BAT_058,260,3.8771,1.0014,25.76
BAT_058,280,3.8725,0.9918,25.72
BAT_058,300,3.8666,0.9991,25.83
BAT_058,320,3.8599,1.0021,25.87
BAT_058,340,3.8591,0.9952,25.82
BAT_058,360,3.8524,0.9983,25.89
BAT_058,380,3.8448,1.0016,26.01
BAT_058,400,3.8466,1.0055,25.98
BAT_058,420,3.8433,1.0018,26.02
BAT_058,440,3.8411,1.0028,25.99
BAT_058,460,3.8363,1.0015,25.99
BAT_058,480,3.8367,0.9889,26.12
BAT_058,500,3.836,1.0073,26.08
BAT_058,520,3.8296,0.9977,26.03
BAT_058,540,3.8307,0.9999,26.11
BAT_058,560,3.8247,0.9924,26.02
BAT_058,580,3.8296,1.0023,26.15
BAT_058,600,3.8249,0.991,26.15
BAT_058,620,3.8235,0.9957,26.24
BAT_058,640,3.8193,1.0005,26.26
BAT_058,660,3.8238,0.9924,26.1
BAT_058,680,3.824,1.0066,26.25
BAT_058,700,3.8198,1.0015,26.34
BAT_058,720,3.8198,0.9981,26.32
BAT_058,740,3.8195,1.0099,26.33
BAT_058,760,3.8163,1.0091,26.42
BAT_058,780,3.8203,0.9952,26.34
BAT_058,800,3.8141,0.9992,26.46
BAT_058,820,3.8181,1.0001,26.43
BAT_058,840,3.8167,0.9991,26.39
BAT_058,860,3.8138,1.008,26.42
BAT_058,880,3.8125,1.0026,26.47
BAT_058,900,3.8136,1.0006,26.5
BAT_058,920,3.8106,1.0045,26.54
BAT_058,940,3.8168,1.004,26.52
BAT_058,960,3.8121,0.9964,26.47
BAT_058,980,3.8141,0.9965,26.65
BAT_058,1000,3.8126,0.9993,26.7
BAT_058,1020,3.8101,1.0085,26.62
BAT_058,1040,3.8158,1.0056,26.64
BAT_058,1060,3.8148,1.0019,26.7
BAT_058,1080,3.8102,0.9997,26.69
BAT_058,1100,3.81,1.0038,26.77
BAT_058,1120,3.8128,1.0059,26.75
BAT_058,1140,3.8116,0.9986,26.8
BAT_058,1160,3.811,1.0019,26.76
BAT_058,1180,3.8072,1.0083,26.78
BAT_058,1200,3.808,1.0019,26.82
BAT_058,1220,3.8099,1.0066,26.79
BAT_058,1240,3.8089,1.003,26.82
BAT_058,1260,3.81,1.0071,26.91
BAT_058,1280,3.8092,0.9986,26.98
BAT_058,1300,3.807,0.9999,26.92
BAT_058,1320,3.8063,1.0057,26.97
BAT_058,1340,3.8093,0.9921,26.94
BAT_058,1360,3.8055,1.0094,27.08
BAT_058,1380,3.8115,0.9977,27.07
BAT_058,1400,3.8075,0.9988,27.09
BAT_058,1420,3.8066,1.0023,27.0
BAT_058,1440,3.8043,0.9951,27.19
BAT_058,1460,3.8079,0.9952,27.16
BAT_058,1480,3.8048,0.9945,27.11
BAT_058,1500,3.8116,1.0004,27.17
BAT_058,1520,3.8079,1.0014,27.15
BAT_058,1540,3.8095,1.0107,27.26
BAT_058,1560,3.8033,0.9998,27.25
BAT_058,1580,3.8027,1.0129,27.27
BAT_058,1600,3.8035,0.9987,27.27
BAT_058,1620,3.7994,1.0006,27.37
BAT_058,1640,3.8046,1.0022,27.33
BAT_058,1660,3.8005,1.0028,27.39
BAT_058,1680,3.8017,0.9945,27.35
BAT_058,1700,3.8009,0.9877,27.38
BAT_058,1720,3.8021,1.0006,27.48
BAT_058,1740,3.8013,0.9923,27.44
BAT_058,1760,3.8042,1.0071,27.51
BAT_058,1780,3.8029,1.0001,27.41
BAT_058,1800,3.8038,1.0039,27.51
BAT_058,1820,3.8017,1.0019,27.56
BAT_058,1840,3.803,1.0021,27.48
BAT_058,1860,3.8007,0.9918,27.62
BAT_058,1880,3.8066,0.9962,27.59
BAT_058,1900,3.8019,0.9964,27.71
BAT_058,1920,3.8015,1.0106,27.76
BAT_058,1940,3.8019,0.9962,27.73
BAT_058,1960,3.8002,0.9961,27.68
BAT_058,1980,3.8028,0.996,27.7
BAT_058,2000,3.802,0.9987,27.78
BAT_059,0,3.9598,1.0029,24.64
BAT_059,20,3.9372,0.998,24.55
BAT_059,40,3.9172,1.0047,24.7
BAT_059,60,3.8969,0.9998,24.7
BAT_059,80,3.8782,1.0049,24.7
BAT_059,100,3.8644,1.0119,24.67
BAT_059,120,3.8442,1.0005,24.75
BAT_059,140,3.8344,0.9943,24.88
BAT_059,160,3.8208,0.9982,24.76
BAT_059,180,3.8098,1.0025,24.94
BAT_059,200,3.8003,1.0016,24.85
BAT_059,220,3.7917,0.9895,24.79
BAT_059,240,3.7847,0.991,24.85
BAT_059,260,3.7762,0.9971,24.88
BAT_059,280,3.7695,0.9922,25.07
BAT_059,300,3.7648,0.9926,24.99
BAT_059,320,3.7558,1.0051,25.08
BAT_059,340,3.75,1.0013,25.1
BAT_059,360,3.7466,1.0013,25.15
BAT_059,380,3.7442,0.998,25.14
BAT_059,400,3.7394,1.0025,25.18
BAT_059,420,3.7345,0.9994,25.24
BAT_059,440,3.734,1.0086,25.22
BAT_059,460,3.7262,1.0041,25.23
BAT_059,480,3.7322,0.9923,25.32
BAT_059,500,3.7264,0.999,25.16
BAT_059,520,3.7248,1.002,25.3
BAT_059,540,3.7223,1.0007,25.38
BAT_059,560,3.7236,1.001,25.32
BAT_059,580,3.7215,1.0045,25.33
BAT_059,600,3.7193,1.0041,25.37
BAT_059,620,3.7165,0.9977,25.42
BAT_059,640,3.7152,0.992,25.41
BAT_059,660,3.7118,1.0005,25.47
BAT_059,680,3.7124,0.9967,25.57
BAT_059,700,3.7127,0.9968,25.57
BAT_059,720,3.7079,0.9941,25.62
BAT_059,740,3.7095,0.9914,25.63
BAT_059,760,3.7092,0.9999,25.71
BAT_059,780,3.7103,1.0001,25.55
BAT_059,800,3.7081,1.0073,25.69
BAT_059,820,3.7031,1.0011,25.72
BAT_059,840,3.7046,0.9977,25.78
BAT_059,860,3.7033,0.997,25.79
BAT_059,880,3.7052,1.0038,25.72
BAT_059,900,3.7063,1.0022,25.85
BAT_059,920,3.7054,1.0045,25.75
BAT_059,940,3.7057,0.9957,25.81
BAT_059,960,3.6999,0.9992,25.93
BAT_059,980,3.7012,0.9999,25.89
BAT_059,1000,3.7018,1.0017,25.95
BAT_059,1020,3.7005,1.0018,25.96
BAT_059,1040,3.6988,1.0074,26.0
BAT_059,1060,3.6955,0.9998,26.03
BAT_059,1080,3.6972,1.0037,26.08
BAT_059,1100,3.7022,1.003,26.19
BAT_059,1120,3.6984,1.0061,26.13
BAT_059,1140,3.6996,1.0019,26.08
BAT_059,1160,3.699,0.9993,26.19
BAT_059,1180,3.6976,1.0064,26.17
BAT_059,1200,3.6967,0.996,26.25
BAT_059,1220,3.6987,1.0017,26.26
BAT_059,1240,3.696,1.0035,26.34
BAT_059,1260,3.699,0.9988,26.36
BAT_059,1280,3.6949,1.0043,26.45
BAT_059,1300,3.6989,0.9977,26.36
BAT_059,1320,3.6938,1.0139,26.43
BAT_059,1340,3.6936,0.9975,26.45
BAT_059,1360,3.6986,1.0016,26.45
BAT_059,1380,3.6972,0.9933,26.48
BAT_059,1400,3.6918,1.0033,26.5
BAT_059,1420,3.6925,0.995,26.54
BAT_059,1440,3.6946,1.0048,26.63
BAT_059,1460,3.695,1.0028,26.6
BAT_059,1480,3.6933,0.9981,26.62
BAT_059,1500,3.6903,1.0016,26.63
BAT_059,1520,3.693,1.0004,26.67
BAT_059,1540,3.6941,0.9995,26.75
BAT_059,1560,3.6903,0.9974,26.63
BAT_059,1580,3.6919,0.9948,26.71
BAT_059,1600,3.6935,0.9957,26.8
BAT_059,1620,3.6902,1.0097,26.84
BAT_059,1640,3.6894,0.9954,26.89
BAT_059,1660,3.6946,0.9976,26.93
BAT_059,1680,3.6912,0.9916,26.91
BAT_059,1700,3.6908,0.9969,26.94
BAT_059,1720,3.6906,1.0045,26.9
BAT_059,1740,3.6903,1.0042,27.08
BAT_059,1760,3.6927,1.005,27.09
BAT_059,1780,3.6917,1.0077,27.04
BAT_059,1800,3.6918,1.0015,27.07
BAT_059,1820,3.6905,1.0046,27.06
BAT_059,1840,3.6927,0.9896,27.08
BAT_059,1860,3.6902,1.0029,27.18
BAT_059,1880,3.6905,1.0007,27.23
BAT_059,1900,3.6914,0.9921,27.2
BAT_059,1920,3.6866,1.0048,27.27
BAT_059,1940,3.6903,1.0034,27.4
BAT_059,1960,3.6909,0.9956,27.23
BAT_059,1980,3.6903,0.9992,27.38
BAT_059,2000,3.6877,0.9931,27.34
BAT_060,0,3.9143,0.9995,25.67
BAT_060,20,3.8872,0.9941,25.68
BAT_060,40,3.8593,0.9977,25.67
BAT_060,60,3.8339,0.9889,25.72
BAT_060,80,3.8095,0.993,25.71
BAT_060,100,3.7922,0.9983,25.71
BAT_060,120,3.7722,0.9962,25.79
BAT_060,140,3.7515,0.9995,25.89
BAT_060,160,3.7396,0.9998,25.93
BAT_060,180,3.7255,1.0052,25.91
BAT_060,200,3.7117,1.0009,25.87
BAT_060,220,3.7009,0.9962,26.04
BAT_060,240,3.6888,0.9985,26.02
BAT_060,260,3.6825,1.0049,26.0
BAT_060,280,3.6733,0.999,26.03
BAT_060,300,3.6636,0.9996,26.15
BAT_060,320,3.6554,0.9913,26.16
BAT_060,340,3.6525,0.995,26.17
BAT_060,360,3.6424,1.0021,26.19
BAT_060,380,3.64,0.9995,26.27
BAT_060,400,3.6299,1.0021,26.27
BAT_060,420,3.63,0.9995,26.31
BAT_060,440,3.6276,0.9982,26.37
BAT_060,460,3.6201,1.0101,26.35
BAT_060,480,3.6187,1.0006,26.45
BAT_060,500,3.6154,1.0015,26.51
BAT_060,520,3.6112,0.9999,26.47
BAT_060,540,3.6096,1.009,26.55
BAT_060,560,3.6054,0.9961,26.56
BAT_060,580,3.6051,1.0003,26.55
BAT_060,600,3.6046,0.994,26.69
BAT_060,620,3.6048,0.998,26.63
BAT_060,640,3.5974,0.99,26.69
BAT_060,660,3.6023,0.997,26.72
BAT_060,680,3.5971,0.9938,26.79
BAT_060,700,3.5957,1.0003,26.91
BAT_060,720,3.593,0.9986,26.92
BAT_060,740,3.5931,1.0009,26.87
BAT_060,760,3.5911,1.0003,26.92
BAT_060,780,3.5948,1.0113,27.01
BAT_060,800,3.5904,1.0041,27.11
BAT_060,820,3.5871,1.0066,26.95
BAT_060,840,3.5901,0.999,27.1
BAT_060,860,3.5888,0.994,27.1
BAT_060,880,3.5853,0.994,27.16
BAT_060,900,3.5867,0.9992,27.02
BAT_060,920,3.5827,0.995,27.22
BAT_060,940,3.5869,1.0043,27.25
BAT_060,960,3.5868,0.9996,27.29
BAT_060,980,3.5803,1.0095,27.35
BAT_060,1000,3.5826,0.999,27.35
BAT_060,1020,3.5818,1.0023,27.34
BAT_060,1040,3.5858,0.9971,27.41
BAT_060,1060,3.5797,0.9965,27.43
BAT_060,1080,3.5851,1.0014,27.48
BAT_060,1100,3.5806,0.9993,27.53
BAT_060,1120,3.5822,1.0008,27.64
BAT_060,1140,3.5795,0.9972,27.52
BAT_060,1160,3.5785,0.9951,27.61
BAT_060,1180,3.5796,1.004,27.62
BAT_060,1200,3.5797,0.9904,27.66
BAT_060,1220,3.5784,1.0084,27.63
BAT_060,1240,3.576,1.0033,27.69
BAT_060,1260,3.5801,1.0082,27.76
BAT_060,1280,3.5799,0.9993,27.8
BAT_060,1300,3.5776,0.9997,27.84
BAT_060,1320,3.5783,0.9977,27.97
BAT_060,1340,3.5788,0.9891,27.89
BAT_060,1360,3.578,0.9999,27.9
BAT_060,1380,3.5731,0.998,28.07
BAT_060,1400,3.5727,0.9923,28.02
BAT_060,1420,3.5749,0.9985,28.05
BAT_060,1440,3.5727,1.003,28.17
BAT_060,1460,3.5778,0.999,28.16
BAT_060,1480,3.5758,0.9948,28.2
BAT_060,1500,3.5759,1.0124,28.2
BAT_060,1520,3.5728,0.9933,28.36
BAT_060,1540,3.5727,1.0035,28.38
BAT_060,1560,3.5723,0.9997,28.34
BAT_060,1580,3.5776,0.9964,28.28
BAT_060,1600,3.5745,0.9958,28.38
BAT_060,1620,3.5704,1.005,28.38
BAT_060,1640,3.5742,0.9903,28.49
BAT_060,1660,3.5677,0.9986,28.56
BAT_060,1680,3.5682,0.9997,28.48
BAT_060,1700,3.5706,0.9978,28.55
BAT_060,1720,3.5705,0.9959,28.64
BAT_060,1740,3.5721,0.9975,28.61
BAT_060,1760,3.5681,1.0,28.66
BAT_060,1780,3.5654,0.9971,28.68
BAT_060,1800,3.5683,0.9948,28.78
BAT_060,1820,3.5699,1.0015,28.74
BAT_060,1840,3.5681,0.9929,28.83
BAT_060,1860,3.5682,1.0059,28.82
BAT_060,1880,3.5675,0.9967,28.79
BAT_060,1900,3.5653,0.9941,28.91
BAT_060,1920,3.5665,0.9966,28.92
BAT_060,1940,3.5678,1.0048,28.99
BAT_060,1960,3.5681,0.9948,29.0
BAT_060,1980,3.5701,0.9951,29.19
BAT_060,2000,3.5675,1.0025,29.1
BAT_061,0,4.0798,1.0006,25.92
BAT_061,20,4.0678,1.0004,25.87
BAT_061,40,4.0525,1.0049,25.83
BAT_061,60,4.0395,0.9965,25.93
BAT_061,80,4.0251,1.0036,25.92
BAT_061,100,4.0127,1.0026,25.95
BAT_061,120,4.0077,1.0033,25.94
BAT_061,140,3.9995,0.9965,26.06
BAT_061,160,3.991,1.0016,26.04
BAT_061,180,3.982,0.9955,26.0
BAT_061,200,3.9763,1.0095,26.04
BAT_061,220,3.9718,1.0018,25.96
BAT_061,240,3.9654,1.0038,26.15
BAT_061,260,3.9626,1.0049,26.1
BAT_061,280,3.9589,0.9967,26.02
BAT_061,300,3.954,0.9946,26.06
BAT_061,320,3.9495,1.013,26.18
BAT_061,340,3.9483,1.0062,26.13
BAT_061,360,3.9451,0.9953,26.15
BAT_061,380,3.9446,1.003,26.11
BAT_061,400,3.942,0.9946,26.24
BAT_061,420,3.9366,0.9932,26.29
BAT_061,440,3.9367,0.9969,26.22
BAT_061,460,3.9316,1.0029,26.27
BAT_061,480,3.9311,1.0039,26.36
BAT_061,500,3.9298,1.0056,26.36
BAT_061,520,3.9303,1.0003,26.35
BAT_061,540,3.9296,1.0013,26.37
BAT_061,560,3.9296,0.9936,26.35
BAT_061,580,3.9278,0.9939,26.41
BAT_061,600,3.9247,1.0044,26.33
BAT_061,620,3.9214,1.0016,26.37
BAT_061,640,3.927,0.999,26.43
BAT_061,660,3.9213,0.9978,26.45
BAT_061,680,3.9222,0.9988,26.47
BAT_061,700,3.9185,1.0013,26.43
BAT_061,720,3.9167,0.9991,26.44
BAT_061,740,3.918,0.9917,26.41
BAT_061,760,3.9195,0.9983,26.53
BAT_061,780,3.9179,1.0075,26.6
BAT_061,800,3.9149,1.0008,26.46
BAT_061,820,3.9193,1.0064,26.58
BAT_061,840,3.9185,1.0052,26.69
BAT_061,860,3.9177,0.9911,26.61
BAT_061,880,3.9154,1.0095,26.62
BAT_061,900,3.9159,0.9965,26.61
BAT_061,920,3.9143,1.0005,26.7
BAT_061,940,3.9194,0.9955,26.69
BAT_061,960,3.9141,0.9965,26.61
BAT_061,980,3.9188,0.9991,26.72
BAT_061,1000,3.9129,0.9944,26.71
BAT_061,1020,3.9129,1.001,26.77
BAT_061,1040,3.9138,0.9947,26.85
BAT_061,1060,3.9113,0.9982,26.78
BAT_061,1080,3.9161,1.0083,26.71
BAT_061,1100,3.9112,1.0092,26.85
BAT_061,1120,3.9141,0.9975,26.83
BAT_061,1140,3.9121,0.994,26.87
BAT_061,1160,3.9115,0.9957,26.82
BAT_061,1180,3.9098,0.9913,26.79
BAT_061,1200,3.9105,0.9966,26.87
BAT_061,1220,3.9116,1.0036,26.97
BAT_061,1240,3.9111,0.9968,26.91
BAT_061,1260,3.912,1.004,26.96
BAT_061,1280,3.9102,0.9992,26.98
BAT_061,1300,3.9102,0.9959,26.97
BAT_061,1320,3.9124,1.0049,26.97
BAT_061,1340,3.9096,0.9979,27.09
BAT_061,1360,3.9103,1.0041,27.07
BAT_061,1380,3.9105,1.0016,26.96
BAT_061,1400,3.9115,1.0021,27.1
BAT_061,1420,3.9099,0.9965,27.09
BAT_061,1440,3.9132,0.9857,27.04
BAT_061,1460,3.9102,0.9947,27.14
BAT_061,1480,3.9087,1.0051,27.08
BAT_061,1500,3.9096,1.002,27.25
BAT_061,1520,3.909,0.996,27.11
BAT_061,1540,3.9088,1.0023,27.12
BAT_061,1560,3.9102,0.9898,27.17
BAT_061,1580,3.9082,0.9995,27.25
BAT_061,1600,3.9063,0.9988,27.17
BAT_061,1620,3.9103,1.0055,27.26
BAT_061,1640,3.9057,0.9951,27.29
BAT_061,1660,3.9087,1.0026,27.3
BAT_061,1680,3.9056,1.0032,27.38
BAT_061,1700,3.9043,1.0011,27.28
BAT_061,1720,3.9067,1.0033,27.35
BAT_061,1740,3.9054,0.9983,27.32
BAT_061,1760,3.9066,0.9995,27.38
BAT_061,1780,3.9086,1.0016,27.43
BAT_061,1800,3.9086,0.9963,27.42
BAT_061,1820,3.9065,1.0011,27.45
BAT_061,1840,3.9064,1.001,27.45
BAT_061,1860,3.9051,1.0048,27.52
BAT_061,1880,3.9046,1.0043,27.35
BAT_061,1900,3.9062,0.9955,27.49
BAT_061,1920,3.9034,1.0015,27.51
BAT_061,1940,3.9038,0.997,27.48
BAT_061,1960,3.912,1.0011,27.54
BAT_061,1980,3.9041,1.0004,27.55
BAT_061,2000,3.9037,1.0074,27.63
BAT_062,0,4.1651,0.9974,24.69
BAT_062,20,4.1545,1.0004,24.69
BAT_062,40,4.1532,1.0057,24.71
BAT_062,60,4.1431,0.9924,24.72
BAT_062,80,4.1369,0.9925,24.67
BAT_062,100,4.1323,0.9969,24.72
BAT_062,120,4.1256,0.9908,24.67
BAT_062,140,4.1207,1.0077,24.72
BAT_062,160,4.1166,1.002,24.77
BAT_062,180,4.1132,1.0023,24.71
BAT_062,200,4.1088,0.9879,24.62
BAT_062,220,4.1082,1.0008,24.78
BAT_062,240,4.1053,1.0017,24.65
BAT_062,260,4.1007,1.0041,24.68
BAT_062,280,4.0985,1.0097,24.8
BAT_062,300,4.0982,0.9923,24.81
BAT_062,320,4.0966,1.0074,24.84
BAT_062,340,4.094,1.0021,24.7
BAT_062,360,4.0918,0.9924,24.79
BAT_062,380,4.0887,0.9981,24.79
BAT_062,400,4.0884,0.9981,24.77
BAT_062,420,4.0885,0.9968,24.71
BAT_062,440,4.0859,1.0019,24.79
BAT_062,460,4.0834,0.9999,24.8
BAT_062,480,4.087,1.0068,24.76
BAT_062,500,4.0857,1.0061,24.79
BAT_062,520,4.0842,1.009,24.8
BAT_062,540,4.0845,0.9992,24.79
BAT_062,560,4.079,1.0068,24.91
BAT_062,580,4.0823,0.999,24.82
BAT_062,600,4.0846,0.998,24.83
BAT_062,620,4.085,1.002,24.87
BAT_062,640,4.0796,0.9996,24.75
BAT_062,660,4.0817,0.9998,24.76
BAT_062,680,4.08,1.0103,24.79
BAT_062,700,4.0798,0.994,24.76
BAT_062,720,4.0837,0.9993,24.71
BAT_062,740,4.0782,1.0055,24.8
BAT_062,760,4.0789,1.0043,24.81
BAT_062,780,4.0779,0.9941,24.93
BAT_062,800,4.0757,0.9942,25.03
BAT_062,820,4.0798,0.993,24.84
BAT_062,840,4.0754,1.0015,24.89
BAT_062,860,4.0754,1.0055,24.91
BAT_062,880,4.0756,0.998,24.81
BAT_062,900,4.0805,0.9935,24.96
BAT_062,920,4.0769,0.997,25.0
BAT_062,940,4.0783,1.002,24.96
BAT_062,960,4.077,1.002,24.9
BAT_062,980,4.0752,0.9986,25.0
BAT_062,1000,4.0763,1.0031,24.85
BAT_062,1020,4.0775,0.9946,24.92
BAT_062,1040,4.0751,1.0073,24.93
BAT_062,1060,4.0749,1.0062,24.91
BAT_062,1080,4.0731,0.9966,25.04
BAT_062,1100,4.0738,1.0036,24.91
BAT_062,1120,4.0752,0.9933,24.91
BAT_062,1140,4.0767,1.0068,24.82
BAT_062,1160,4.0765,0.9985,24.95
BAT_062,1180,4.0764,0.998,25.01
BAT_062,1200,4.0741,0.9966,25.0
BAT_062,1220,4.076,0.9903,24.98
BAT_062,1240,4.0759,1.005,24.99
BAT_062,1260,4.0743,1.004,24.89
BAT_062,1280,4.07,1.0017,25.02
BAT_062,1300,4.072,1.0029,24.95
BAT_062,1320,4.0754,0.9971,25.08
BAT_062,1340,4.0692,1.0004,25.01
BAT_062,1360,4.0742,1.0021,24.97
BAT_062,1380,4.0729,0.9985,25.03
BAT_062,1400,4.0756,1.0044,24.95
BAT_062,1420,4.0752,1.0003,25.08
BAT_062,1440,4.0735,0.9956,24.99
BAT_062,1460,4.0734,1.0012,25.02
BAT_062,1480,4.0774,0.9935,25.08
BAT_062,1500,4.0763,0.998,25.0
BAT_062,1520,4.0754,1.0026,25.04
BAT_062,1540,4.0729,1.0011,25.06
BAT_062,1560,4.0713,0.9958,25.08
BAT_062,1580,4.0714,1.0013,24.99
BAT_062,1600,4.0744,0.9983,25.08
BAT_062,1620,4.069,1.0021,25.08
BAT_062,1640,4.0691,0.9879,25.07
BAT_062,1660,4.0763,1.0035,25.04
BAT_062,1680,4.0722,1.0025,25.02
BAT_062,1700,4.072,0.9989,25.01
BAT_062,1720,4.0701,0.9973,25.1
BAT_062,1740,4.0736,0.9894,25.11
BAT_062,1760,4.0723,0.9957,25.06
BAT_062,1780,4.071,1.0057,25.13
BAT_062,1800,4.0692,0.9923,25.15
BAT_062,1820,4.0732,0.9996,25.14
BAT_062,1840,4.0769,1.0031,25.11
BAT_062,1860,4.0756,0.9998,25.11
BAT_062,1880,4.0737,1.0038,25.1
BAT_062,1900,4.0719,0.9962,25.0
BAT_062,1920,4.0738,0.9972,25.06
BAT_062,1940,4.0757,0.9975,25.17
BAT_062,1960,4.0706,1.0031,25.15
BAT_062,1980,4.0721,1.0037,25.16
BAT_062,2000,4.0737,1.0002,25.11
BAT_063,0,3.9849,0.9965,25.51
BAT_063,20,3.9552,1.0092,25.54
BAT_063,40,3.9382,0.9941,25.61
BAT_063,60,3.9189,0.9942,25.62
BAT_063,80,3.9057,0.9926,25.63
BAT_063,100,3.8916,0.999,25.62
BAT_063,120,3.8763,1.0012,25.73
BAT_063,140,3.8639,1.0031,25.72
BAT_063,160,3.8528,0.9925,25.68
BAT_063,180,3.8382,0.997,25.75
BAT_063,200,3.8255,0.9919,25.81
BAT_063,220,3.8202,1.002,25.79
BAT_063,240,3.8127,0.9924,25.91
BAT_063,260,3.8078,0.9935,25.83
BAT_063,280,3.8,0.9979,25.88
BAT_063,300,3.7939,0.9911,25.94
BAT_063,320,3.7891,0.9951,25.92
BAT_063,340,3.7832,0.9987,25.96
BAT_063,360,3.776,1.0003,26.0
BAT_063,380,3.7757,1.0022,25.97
BAT_063,400,3.7716,1.0048,26.03
BAT_063,420,3.7685,1.0003,26.08
BAT_063,440,3.7625,0.9997,26.12
BAT_063,460,3.7605,1.0027,26.08
BAT_063,480,3.7589,0.9944,26.08
BAT_063,500,3.7598,0.993,26.16
BAT_063,520,3.7527,1.0101,26.21
BAT_063,540,3.7518,0.9945,26.19
BAT_063,560,3.7523,1.0083,26.3
BAT_063,580,3.7481,1.0011,26.3
BAT_063,600,3.7472,0.9976,26.32
BAT_063,620,3.7444,1.0002,26.3
BAT_063,640,3.7454,1.0001,26.25
BAT_063,660,3.7464,0.9978,26.45
BAT_063,680,3.7475,0.9977,26.47
BAT_063,700,3.7455,0.9961,26.39
BAT_063,720,3.7441,0.9964,26.41
BAT_063,740,3.7359,0.9932,26.39
BAT_063,760,3.7387,0.9964,26.49
BAT_063,780,3.7399,0.9982,26.43
BAT_063,800,3.7391,1.0031,26.52
BAT_063,820,3.7407,0.9978,26.59
BAT_063,840,3.7379,1.0066,26.65
BAT_063,860,3.7345,0.9912,26.65
BAT_063,880,3.7369,1.0017,26.6
BAT_063,900,3.7343,1.0058,26.67
BAT_063,920,3.7342,1.0002,26.69
BAT_063,940,3.7322,0.997,26.72
BAT_063,960,3.7346,0.9931,26.74
BAT_063,980,3.7379,1.003,26.68
BAT_063,1000,3.7326,0.9969,26.73
BAT_063,1020,3.7315,0.9972,26.79
BAT_063,1040,3.7303,1.0046,26.84
BAT_063,1060,3.7363,1.0041,26.89
BAT_063,1080,3.733,0.9995,26.82
BAT_063,1100,3.733,1.0005,26.86
BAT_063,1120,3.7322,1.0016,26.89
BAT_063,1140,3.7339,0.9977,26.95
BAT_063,1160,3.7328,0.9974,26.95
BAT_063,1180,3.7313,0.9984,26.97
BAT_063,1200,3.7279,1.0011,27.0
BAT_063,1220,3.7315,1.0049,27.04
BAT_063,1240,3.731,0.9965,27.14
BAT_063,1260,3.7281,0.9994,27.07
BAT_063,1280,3.728,1.004,27.12
BAT_063,1300,3.7269,1.0038,27.14
BAT_063,1320,3.7295,1.0011,27.14
BAT_063,1340,3.7246,0.9986,27.15
BAT_063,1360,3.7302,0.9989,27.29
BAT_063,1380,3.7322,1.0057,27.36
BAT_063,1400,3.7256,0.9975,27.22
BAT_063,1420,3.7244,0.9939,27.33
BAT_063,1440,3.7253,0.9984,27.34
BAT_063,1460,3.7258,1.0075,27.4
BAT_063,1480,3.7277,1.0083,27.39
BAT_063,1500,3.7265,1.0054,27.44
BAT_063,1520,3.7233,1.0055,27.46
BAT_063,1540,3.7211,1.0099,27.45
BAT_063,1560,3.7281,0.9942,27.47
BAT_063,1580,3.7237,0.9961,27.5
BAT_063,1600,3.7221,0.9999,27.55
BAT_063,1620,3.7231,0.9949,27.57
BAT_063,1640,3.7261,1.0046,27.54
BAT_063,1660,3.7233,1.0067,27.63
BAT_063,1680,3.7245,1.0012,27.6
BAT_063,1700,3.7248,1.0035,27.64
BAT_063,1720,3.7239,0.9932,27.66
BAT_063,1740,3.7263,1.0012,27.62
BAT_063,1760,3.722,1.0005,27.78
BAT_063,1780,3.7269,0.9999,27.73
BAT_063,1800,3.7227,0.9946,27.82
BAT_063,1820,3.7198,1.0036,27.76
BAT_063,1840,3.72,1.0017,27.89
BAT_063,1860,3.7193,1.0012,27.8
BAT_063,1880,3.7235,0.9927,27.8
BAT_063,1900,3.7204,0.9939,27.93
BAT_063,1920,3.7182,1.0003,27.89
BAT_063,1940,3.7227,0.9976,27.92
BAT_063,1960,3.7238,1.0032,28.02
BAT_063,1980,3.7231,1.0025,28.0
BAT_063,2000,3.7168,0.9915,27.99
BAT_064,0,4.1358,1.0077,25.36
BAT_064,20,4.1244,1.0002,25.48
BAT_064,40,4.1169,1.0022,25.47
BAT_064,60,4.1088,1.0006,25.55
BAT_064,80,4.0995,1.0043,25.51
BAT_064,100,4.0942,0.9966,25.52
BAT_064,120,4.0898,0.9954,25.55
BAT_064,140,4.0824,1.0041,25.53
BAT_064,160,4.0767,1.0011,25.56
BAT_064,180,4.0694,1.0002,25.42
BAT_064,200,4.0684,0.9976,25.55
BAT_064,220,4.0659,1.0046,25.63
BAT_064,240,4.0622,0.999,25.53
BAT_064,260,4.0622,0.9969,25.56
BAT_064,280,4.055,0.996,25.59
BAT_064,300,4.0519,0.9976,25.54
BAT_064,320,4.0492,1.0021,25.56
BAT_064,340,4.0471,1.0006,25.57
BAT_064,360,4.0457,0.9932,25.67
BAT_064,380,4.0416,1.005,25.63
BAT_064,400,4.0415,0.9934,25.68
BAT_064,420,4.0376,1.0108,25.67
BAT_064,440,4.0388,1.0002,25.69
BAT_064,460,4.0381,1.002,25.71
BAT_064,480,4.0357,1.008,25.6
BAT_064,500,4.0317,1.0029,25.68
BAT_064,520,4.0311,0.994,25.66
BAT_064,540,4.0356,1.0033,25.62
BAT_064,560,4.0297,1.0007,25.65
BAT_064,580,4.0303,0.9973,25.72
BAT_064,600,4.032,0.9965,25.7
BAT_064,620,4.0307,1.0079,25.76
BAT_064,640,4.029,1.0047,25.74
BAT_064,660,4.0264,1.0033,25.84
BAT_064,680,4.0265,1.0038,25.71
BAT_064,700,4.028,0.9996,25.76
BAT_064,720,4.0276,1.0034,25.76
BAT_064,740,4.0269,0.9987,25.81
BAT_064,760,4.0258,1.0039,25.82
BAT_064,780,4.0254,0.994,25.8
BAT_064,800,4.0283,1.0032,25.82
BAT_064,820,4.03,1.0076,25.85
BAT_064,840,4.0284,0.9988,25.82
BAT_064,860,4.0259,0.9911,25.85
BAT_064,880,4.0243,1.0067,25.88
BAT_064,900,4.0281,0.998,25.94
BAT_064,920,4.0251,1.0027,25.89
BAT_064,940,4.022,1.0045,25.86
BAT_064,960,4.0256,0.9998,25.84
BAT_064,980,4.0235,1.0015,25.89
BAT_064,1000,4.0272,1.006,25.91
BAT_064,1020,4.023,1.0071,25.92
BAT_064,1040,4.0259,0.9933,25.83
BAT_064,1060,4.0249,1.0045,25.93
BAT_064,1080,4.023,1.0023,25.97
BAT_064,1100,4.023,1.0002,25.97
BAT_064,1120,4.025,1.0036,25.84
BAT_064,1140,4.0235,0.9986,26.03
BAT_064,1160,4.0241,0.9974,25.98
BAT_064,1180,4.0179,0.9995,25.94
BAT_064,1200,4.0226,0.9965,26.06
BAT_064,1220,4.0248,0.9984,25.96
BAT_064,1240,4.0246,0.9934,26.0
BAT_064,1260,4.0212,1.0013,26.03
BAT_064,1280,4.0201,1.0044,26.05
BAT_064,1300,4.0224,1.0077,26.14
BAT_064,1320,4.0221,0.998,26.04
BAT_064,1340,4.0212,0.9949,26.03
BAT_064,1360,4.0204,1.0026,26.11
BAT_064,1380,4.0163,0.9924,26.05
BAT_064,1400,4.0191,0.9999,26.01
BAT_064,1420,4.0205,1.001,26.12
BAT_064,1440,4.0201,1.0021,26.14
BAT_064,1460,4.0201,0.995,26.09
BAT_064,1480,4.0212,1.0014,26.04
BAT_064,1500,4.0175,0.9923,26.22
BAT_064,1520,4.0212,1.0009,26.09
BAT_064,1540,4.0161,1.0098,26.18
BAT_064,1560,4.0154,1.008,26.18
BAT_064,1580,4.02,1.0013,26.22
BAT_064,1600,4.0161,1.0014,26.12
BAT_064,1620,4.019,0.9991,26.17
BAT_064,1640,4.0183,1.0009,26.18
BAT_064,1660,4.0201,1.0037,26.16
BAT_064,1680,4.0191,0.9958,26.26
BAT_064,1700,4.0208,1.005,26.28
BAT_064,1720,4.0195,0.9951,26.2
BAT_064,1740,4.0216,1.0007,26.28
BAT_064,1760,4.018,0.9989,26.34
BAT_064,1780,4.0209,0.9924,26.23
BAT_064,1800,4.0191,1.0052,26.32
BAT_064,1820,4.0204,1.006,26.31
BAT_064,1840,4.0203,0.9957,26.23
BAT_064,1860,4.0175,1.0062,26.36
BAT_064,1880,4.0163,0.9986,26.31
BAT_064,1900,4.0194,1.0017,26.39
BAT_064,1920,4.0187,0.9989,26.31
BAT_064,1940,4.0202,0.9988,26.36
BAT_064,1960,4.0172,0.9942,26.24
BAT_064,1980,4.0172,0.9962,26.39
BAT_064,2000,4.017,0.9954,26.4
BAT_065,0,4.1651,1.0044,25.49
BAT_065,20,4.1602,1.004,25.59
BAT_065,40,4.157,0.9994,25.57
BAT_065,60,4.1525,0.9981,25.49
BAT_065,80,4.1527,0.9957,25.56
BAT_065,100,4.1507,0.9938,25.55
BAT_065,120,4.1459,1.0044,25.53
BAT_065,140,4.1462,0.9939,25.61
BAT_065,160,4.1393,1.0036,25.49
BAT_065,180,4.1397,0.9944,25.57
BAT_065,200,4.1355,1.0024,25.53
BAT_065,220,4.1371,0.9951,25.58
BAT_065,240,4.1373,1.0028,25.57
BAT_065,260,4.132,1.0034,25.63
BAT_065,280,4.1322,1.0034,25.49
BAT_065,300,4.132,1.001,25.58
BAT_065,320,4.1281,1.0004,25.59
BAT_065,340,4.1285,0.9956,25.6
BAT_065,360,4.1267,1.0058,25.54
BAT_065,380,4.126,0.9917,25.61
BAT_065,400,4.1269,0.9964,25.55
BAT_065,420,4.13,0.9999,25.67
BAT_065,440,4.1267,1.0026,25.66
BAT_065,460,4.1266,1.0031,25.67
BAT_065,480,4.1195,1.0006,25.56
BAT_065,500,4.128,0.9986,25.57
BAT_065,520,4.1226,0.9968,25.63
BAT_065,540,4.1228,1.0148,25.69
BAT_065,560,4.1212,0.9945,25.65
BAT_065,580,4.1243,0.9999,25.66
BAT_065,600,4.1216,0.9984,25.67
BAT_065,620,4.1209,1.0025,25.65
BAT_065,640,4.1242,1.0123,25.6
BAT_065,660,4.1179,1.0045,25.62
BAT_065,680,4.1256,1.0005,25.6
BAT_065,700,4.1208,1.0001,25.66
BAT_065,720,4.1178,1.0084,25.63
BAT_065,740,4.1234,1.0023,25.74
BAT_065,760,4.1178,0.9933,25.66
BAT_065,780,4.1222,0.9944,25.61
BAT_065,800,4.1198,1.0009,25.75
BAT_065,820,4.1171,0.9999,25.7
BAT_065,840,4.1208,1.0008,25.8
BAT_065,860,4.1254,1.007,25.68
BAT_065,880,4.1194,0.9969,25.7
BAT_065,900,4.1222,0.9997,25.73
BAT_065,920,4.1231,1.0046,25.75
BAT_065,940,4.1211,1.0069,25.81
BAT_065,960,4.1208,0.9989,25.72
BAT_065,980,4.1248,0.9983,25.75
BAT_065,1000,4.1234,1.0007,25.68
BAT_065,1020,4.1186,1.0048,25.71
BAT_065,1040,4.1182,1.006,25.75
BAT_065,1060,4.1195,0.994,25.77
BAT_065,1080,4.12,1.0079,25.74
BAT_065,1100,4.1196,1.0058,25.81
BAT_065,1120,4.1219,1.0007,25.76
BAT_065,1140,4.1196,1.0037,25.83
BAT_065,1160,4.119,0.9947,25.75
BAT_065,1180,4.1218,1.0067,25.84
BAT_065,1200,4.1183,0.9972,25.78
BAT_065,1220,4.118,0.9897,25.78
BAT_065,1240,4.118,1.008,25.81
BAT_065,1260,4.1152,0.9974,25.8
BAT_065,1280,4.1173,0.9941,25.72
BAT_065,1300,4.1178,0.9873,25.69
BAT_065,1320,4.1167,0.9977,25.79
BAT_065,1340,4.1188,1.0012,25.88
BAT_065,1360,4.1187,0.9983,25.81
BAT_065,1380,4.1209,0.9984,25.85
BAT_065,1400,4.119,1.0004,25.83
BAT_065,1420,4.1197,1.0022,25.84
BAT_065,1440,4.1206,0.9979,25.73
BAT_065,1460,4.1155,1.0016,25.78
BAT_065,1480,4.1184,0.983,25.88
BAT_065,1500,4.1201,1.0019,25.81
BAT_065,1520,4.1187,0.9971,25.82
BAT_065,1540,4.1184,0.9995,25.9
BAT_065,1560,4.1155,1.0037,25.82
BAT_065,1580,4.1182,0.9962,25.8
BAT_065,1600,4.1146,0.9904,25.91
BAT_065,1620,4.1192,1.007,25.8
BAT_065,1640,4.1179,1.0035,25.96
BAT_065,1660,4.1164,0.9982,25.75
BAT_065,1680,4.116,0.9947,25.82
BAT_065,1700,4.1166,0.9924,25.86
BAT_065,1720,4.1172,1.0039,25.96
BAT_065,1740,4.1184,0.9999,25.88
BAT_065,1760,4.1196,1.0062,25.93
BAT_065,1780,4.1205,0.9979,25.97
BAT_065,1800,4.1203,0.9925,25.89
BAT_065,1820,4.1184,1.0059,25.94
BAT_065,1840,4.1171,1.0076,25.93
BAT_065,1860,4.1204,1.0044,25.92
BAT_065,1880,4.1221,1.0006,25.96
BAT_065,1900,4.121,1.0002,25.88
BAT_065,1920,4.1158,1.0116,25.9
BAT_065,1940,4.1153,1.0071,25.92
BAT_065,1960,4.1199,1.0074,25.97
BAT_065,1980,4.1134,1.0044,25.89
BAT_065,2000,4.1166,0.9915,25.96
BAT_066,0,4.0952,0.995,24.27
BAT_066,20,4.0769,0.993,24.37
BAT_066,40,4.0645,0.9891,24.2
BAT_066,60,4.0544,0.9936,24.24
BAT_066,80,4.0413,1.0031,24.34
BAT_066,100,4.0317,1.0003,24.34
BAT_066,120,4.0217,1.0058,24.31
BAT_066,140,4.0135,1.005,24.39
BAT_066,160,4.0072,0.9999,24.35
BAT_066,180,3.9991,1.0051,24.4
BAT_066,200,3.9916,1.0025,24.33
BAT_066,220,3.9854,1.0041,24.35
BAT_066,240,3.9811,0.9935,24.36
BAT_066,260,3.978,0.9966,24.4
BAT_066,280,3.9715,0.9897,24.43
BAT_066,300,3.9684,1.0018,24.49
BAT_066,320,3.9646,0.9955,24.52
BAT_066,340,3.9568,1.0092,24.39
BAT_066,360,3.9566,1.0004,24.54
BAT_066,380,3.9554,0.9999,24.51
BAT_066,400,3.9514,0.9987,24.47
BAT_066,420,3.9516,0.9972,24.68
BAT_066,440,3.9467,0.9945,24.6
BAT_066,460,3.9495,1.0002,24.5
BAT_066,480,3.9469,0.9996,24.51
BAT_066,500,3.9441,0.9999,24.57
BAT_066,520,3.9446,1.0037,24.6
BAT_066,540,3.9416,0.991,24.56
BAT_066,560,3.9399,0.9999,24.58
BAT_066,580,3.939,0.9986,24.68
BAT_066,600,3.9371,0.996,24.66
BAT_066,620,3.9329,0.9984,24.69
BAT_066,640,3.9381,1.0001,24.65
BAT_066,660,3.9325,0.9976,24.75
BAT_066,680,3.9342,0.9916,24.78
BAT_066,700,3.937,1.0021,24.74
BAT_066,720,3.934,1.0005,24.7
BAT_066,740,3.9321,0.9917,24.79
BAT_066,760,3.9257,1.0011,24.79
BAT_066,780,3.9339,1.0037,24.8
BAT_066,800,3.9325,1.0032,24.82
BAT_066,820,3.9259,1.0067,24.82
BAT_066,840,3.9277,1.0027,24.95
BAT_066,860,3.9255,1.007,24.85
BAT_066,880,3.9308,0.9904,24.95
BAT_066,900,3.9288,0.9932,24.94
BAT_066,920,3.9289,0.996,25.0
BAT_066,940,3.9273,1.0039,24.93
BAT_066,960,3.9281,1.0016,24.92
BAT_066,980,3.932,0.9975,24.91
BAT_066,1000,3.926,0.9996,24.97
BAT_066,1020,3.9299,0.9997,24.93
BAT_066,1040,3.9258,0.992,24.97
BAT_066,1060,3.9249,0.9995,25.05
BAT_066,1080,3.9279,0.9967,25.08
BAT_066,1100,3.9236,0.998,25.03
BAT_066,1120,3.9279,0.9934,24.91
BAT_066,1140,3.926,1.0017,25.06
BAT_066,1160,3.9223,0.9998,25.06
BAT_066,1180,3.927,1.0022,25.14
BAT_066,1200,3.9239,0.9976,25.1
BAT_066,1220,3.9252,0.9995,25.12
BAT_066,1240,3.9237,0.9991,25.11
BAT_066,1260,3.9194,1.0071,25.11
BAT_066,1280,3.9251,0.9971,25.17
BAT_066,1300,3.92,0.9938,25.27
BAT_066,1320,3.9238,0.9946,25.18
BAT_066,1340,3.925,1.0025,25.15
BAT_066,1360,3.9218,0.9917,25.3
BAT_066,1380,3.9201,0.9958,25.32
BAT_066,1400,3.9225,0.9989,25.3
BAT_066,1420,3.9237,0.9942,25.32
BAT_066,1440,3.9223,0.9909,25.35
BAT_066,1460,3.9234,1.006,25.4
BAT_066,1480,3.9201,1.0014,25.4
BAT_066,1500,3.9209,1.0038,25.46
BAT_066,1520,3.9242,0.9906,25.35
BAT_066,1540,3.9217,0.9984,25.38
BAT_066,1560,3.9228,0.9974,25.49
BAT_066,1580,3.9218,0.999,25.43
BAT_066,1600,3.921,1.0109,25.45
BAT_066,1620,3.9237,1.0038,25.46
BAT_066,1640,3.9206,1.0021,25.43
BAT_066,1660,3.923,0.9927,25.42
BAT_066,1680,3.9213,0.9981,25.51
BAT_066,1700,3.9184,0.9962,25.57
BAT_066,1720,3.9215,1.0001,25.58
BAT_066,1740,3.9192,0.9974,25.54
BAT_066,1760,3.9206,0.9981,25.48
BAT_066,1780,3.9223,0.9997,25.54
BAT_066,1800,3.9211,0.9952,25.55
BAT_066,1820,3.9217,1.0026,25.65
BAT_066,1840,3.9187,0.9895,25.54
BAT_066,1860,3.923,1.0082,25.61
BAT_066,1880,3.9213,0.9985,25.69
BAT_066,1900,3.9163,1.0024,25.65
BAT_066,1920,3.9185,0.9991,25.63
BAT_066,1940,3.9204,1.0024,25.77
BAT_066,1960,3.9173,1.0036,25.69
BAT_066,1980,3.9189,1.0012,25.76
BAT_066,2000,3.9223,1.0074,25.76
BAT_067,0,4.108,0.9953,24.69
BAT_067,20,4.093,1.0067,24.72
BAT_067,40,4.0828,0.997,24.71
BAT_067,60,4.0669,0.9992,24.76
BAT_067,80,4.0625,0.9968,24.81
BAT_067,100,4.0538,0.9948,24.76
BAT_067,120,4.044,1.0087,24.86
BAT_067,140,4.037,1.0016,24.86
BAT_067,160,4.0283,1.0045,24.83
BAT_067,180,4.0248,0.9925,24.82
BAT_067,200,4.0218,0.9889,24.83
BAT_067,220,4.0136,0.9995,24.97
BAT_067,240,4.0125,1.0088,24.88
BAT_067,260,4.008,1.0018,24.84
BAT_067,280,4.0031,1.0017,24.91
BAT_067,300,4.0003,0.997,24.99
BAT_067,320,3.9936,1.0024,24.87
BAT_067,340,3.9941,1.0027,24.97
BAT_067,360,3.9914,0.9916,25.06
BAT_067,380,3.9875,0.9941,25.05
BAT_067,400,3.9887,0.9996,25.05
BAT_067,420,3.9871,0.9997,24.96
BAT_067,440,3.9826,1.0,24.95
BAT_067,460,3.9833,1.0039,25.04
BAT_067,480,3.9822,1.0009,25.15
BAT_067,500,3.9801,1.0009,24.99
BAT_067,520,3.9787,0.9911,25.1
BAT_067,540,3.9753,1.0059,25.05
BAT_067,560,3.9753,1.0042,25.11
BAT_067,580,3.9758,0.9992,25.2
BAT_067,600,3.976,0.9984,25.14
BAT_067,620,3.972,0.9963,25.2
BAT_067,640,3.9694,1.0025,25.16
BAT_067,660,3.9732,1.0049,25.19
BAT_067,680,3.9733,0.997,25.12
BAT_067,700,3.9676,0.9994,25.19
BAT_067,720,3.9693,0.9999,25.19
BAT_067,740,3.9693,1.0052,25.19
BAT_067,760,3.9659,1.0056,25.21
BAT_067,780,3.9684,1.0004,25.24
BAT_067,800,3.97,0.9999,25.34
BAT_067,820,3.9667,0.9997,25.25
BAT_067,840,3.9699,0.9995,25.35
BAT_067,860,3.9673,0.9914,25.28
BAT_067,880,3.9676,1.003,25.34
BAT_067,900,3.9679,0.9968,25.27
BAT_067,920,3.9661,1.009,25.32
BAT_067,940,3.9623,1.0078,25.33
BAT_067,960,3.9673,1.0,25.38
BAT_067,980,3.9656,1.0001,25.35
BAT_067,1000,3.9664,0.9966,25.47
BAT_067,1020,3.9648,0.9935,25.45
BAT_067,1040,3.9676,0.9957,25.4
BAT_067,1060,3.9665,1.0029,25.36
BAT_067,1080,3.9645,0.9963,25.37
BAT_067,1100,3.9652,1.0031,25.47
BAT_067,1120,3.9645,0.9924,25.48
BAT_067,1140,3.9652,0.993,25.52
BAT_067,1160,3.9627,1.0004,25.48
BAT_067,1180,3.9634,0.9986,25.47
BAT_067,1200,3.9649,1.0022,25.52
BAT_067,1220,3.9647,1.0026,25.46
BAT_067,1240,3.9624,1.002,25.6
BAT_067,1260,3.9615,1.0073,25.6
BAT_067,1280,3.9611,1.0047,25.59
BAT_067,1300,3.9596,1.0026,25.56
BAT_067,1320,3.961,0.9991,25.52
BAT_067,1340,3.9613,1.0026,25.62
BAT_067,1360,3.9614,0.9902,25.61
BAT_067,1380,3.9571,1.0011,25.53
BAT_067,1400,3.9645,0.9944,25.64
BAT_067,1420,3.9592,1.0019,25.65
BAT_067,1440,3.9641,0.9942,25.63
BAT_067,1460,3.9624,1.0008,25.68
BAT_067,1480,3.9624,1.0003,25.6
BAT_067,1500,3.9599,0.9989,25.72
BAT_067,1520,3.962,1.0129,25.76
BAT_067,1540,3.9555,1.0026,25.75
BAT_067,1560,3.9615,1.0095,25.7
BAT_067,1580,3.9598,1.0007,25.73
BAT_067,1600,3.9603,0.9931,25.79
BAT_067,1620,3.9627,1.0005,25.74
BAT_067,1640,3.9641,1.0045,25.8
BAT_067,1660,3.9608,0.9959,25.91
BAT_067,1680,3.9592,0.9987,25.8
BAT_067,1700,3.9583,0.9916,25.79
BAT_067,1720,3.9608,1.0017,25.79
BAT_067,1740,3.9628,1.0014,25.84
BAT_067,1760,3.9576,1.0034,25.83
BAT_067,1780,3.9588,0.9961,25.87
BAT_067,1800,3.959,1.0007,25.86
BAT_067,1820,3.9604,0.9897,25.92
BAT_067,1840,3.957,1.002,25.93
BAT_067,1860,3.9587,1.0054,25.92
BAT_067,1880,3.9579,0.996,25.92
BAT_067,1900,3.9564,1.0084,25.95
BAT_067,1920,3.9626,0.9967,25.95
BAT_067,1940,3.9596,1.0025,25.97
BAT_067,1960,3.9599,1.0056,25.95
BAT_067,1980,3.9588,1.0055,25.93
BAT_067,2000,3.9581,0.9914,26.0
BAT_068,0,4.154,1.0014,25.14
BAT_068,20,4.1445,0.9958,25.16
BAT_068,40,4.1395,1.0038,25.23
BAT_068,60,4.1323,0.9974,25.13
BAT_068,80,4.13,0.9994,25.17
BAT_068,100,4.1255,1.0031,25.19
BAT_068,120,4.1207,0.9882,25.22
BAT_068,140,4.1095,1.0053,25.16
BAT_068,160,4.1146,1.0018,25.11
BAT_068,180,4.1038,0.999,25.27
BAT_068,200,4.0995,0.9973,25.09
BAT_068,220,4.0987,0.9993,25.24
BAT_068,240,4.0985,0.9894,25.25
BAT_068,260,4.0985,0.9972,25.11
BAT_068,280,4.0958,1.0052,25.24
BAT_068,300,4.089,1.0074,25.34
BAT_068,320,4.0898,1.0047,25.16
BAT_068,340,4.0902,0.9952,25.27
BAT_068,360,4.0874,1.0001,25.25
BAT_068,380,4.0847,0.9959,25.32
BAT_068,400,4.0855,1.0043,25.28
BAT_068,420,4.0874,0.999,25.37
BAT_068,440,4.0807,0.9935,25.29
BAT_068,460,4.0838,1.0056,25.29
BAT_068,480,4.0822,1.0072,25.36
BAT_068,500,4.0801,1.0049,25.3
BAT_068,520,4.0802,0.9934,25.27
BAT_068,540,4.0789,1.0058,25.37
BAT_068,560,4.0779,0.9952,25.36
BAT_068,580,4.0767,0.9953,25.37
BAT_068,600,4.0712,1.0058,25.35
BAT_068,620,4.0746,0.9992,25.4
BAT_068,640,4.0749,0.9952,25.3
BAT_068,660,4.0755,1.0034,25.31
BAT_068,680,4.0735,1.0071,25.38
BAT_068,700,4.0769,1.004,25.29
BAT_068,720,4.0748,0.9976,25.41
BAT_068,740,4.0732,0.9946,25.32
BAT_068,760,4.073,1.0048,25.32
BAT_068,780,4.0764,0.9972,25.33
BAT_068,800,4.0747,1.002,25.39
BAT_068,820,4.0737,1.0002,25.35
BAT_068,840,4.0777,0.9914,25.42
BAT_068,860,4.0726,1.0002,25.43
BAT_068,880,4.0725,1.002,25.36
BAT_068,900,4.068,0.9958,25.46
BAT_068,920,4.0742,0.9989,25.44
BAT_068,940,4.0752,1.0097,25.55
BAT_068,960,4.0717,1.0093,25.38
BAT_068,980,4.0727,0.988,25.5
BAT_068,1000,4.0717,1.0021,25.47
BAT_068,1020,4.0722,1.005,25.4
BAT_068,1040,4.0713,0.9989,25.46
BAT_068,1060,4.0703,0.9944,25.47
BAT_068,1080,4.0732,0.9959,25.38
BAT_068,1100,4.0741,0.9988,25.42
BAT_068,1120,4.0679,1.0069,25.36
BAT_068,1140,4.0716,1.0033,25.58
BAT_068,1160,4.0728,1.0064,25.55
BAT_068,1180,4.0728,1.0001,25.47
BAT_068,1200,4.0752,1.0003,25.48
BAT_068,1220,4.0713,0.9961,25.48
BAT_068,1240,4.0723,0.9951,25.47
BAT_068,1260,4.0708,0.9946,25.58
BAT_068,1280,4.0671,0.9958,25.55
BAT_068,1300,4.0703,0.9979,25.55
BAT_068,1320,4.0722,0.9981,25.57
BAT_068,1340,4.071,1.0084,25.53
BAT_068,1360,4.0691,0.999,25.49
BAT_068,1380,4.0685,0.9966,25.6
BAT_068,1400,4.0695,1.0014,25.53
BAT_068,1420,4.0733,0.9995,25.55
BAT_068,1440,4.0704,0.9996,25.55
BAT_068,1460,4.0659,0.9965,25.57
BAT_068,1480,4.0717,0.9935,25.62
BAT_068,1500,4.0674,0.9989,25.62
BAT_068,1520,4.073,1.0015,25.53
BAT_068,1540,4.0683,0.9968,25.61
BAT_068,1560,4.0682,1.0049,25.63
BAT_068,1580,4.0722,1.0091,25.63
BAT_068,1600,4.0662,1.0054,25.65
BAT_068,1620,4.0732,1.0018,25.64
BAT_068,1640,4.0694,1.0062,25.66
BAT_068,1660,4.0695,1.0079,25.64
BAT_068,1680,4.0687,1.0072,25.76
BAT_068,1700,4.0685,0.9968,25.54
BAT_068,1720,4.0696,0.993,25.6
BAT_068,1740,4.0675,0.9958,25.73
BAT_068,1760,4.0698,0.9951,25.68
BAT_068,1780,4.0679,1.0077,25.65
BAT_068,1800,4.0682,1.0035,25.69
BAT_068,1820,4.0701,1.0049,25.7
BAT_068,1840,4.0693,1.0007,25.71
BAT_068,1860,4.0678,0.9993,25.76
BAT_068,1880,4.0646,0.9994,25.63
BAT_068,1900,4.0673,1.0062,25.76
BAT_068,1920,4.0692,1.0008,25.67
BAT_068,1940,4.0647,1.0056,25.7
BAT_068,1960,4.0684,0.9985,25.7
BAT_068,1980,4.0707,0.9934,25.83
BAT_068,2000,4.0639,0.9955,25.78
BAT_069,0,3.9168,0.9921,25.51
BAT_069,20,3.8907,0.9951,25.61
BAT_069,40,3.869,1.0047,25.63
BAT_069,60,3.8461,0.9941,25.6
BAT_069,80,3.8259,0.9957,25.69
BAT_069,100,3.8075,0.9993,25.67
BAT_069,120,3.7911,1.0016,25.78
BAT_069,140,3.7767,0.9993,25.76
BAT_069,160,3.7628,0.9958,25.72
BAT_069,180,3.7474,0.9978,25.88
BAT_069,200,3.7392,0.9991,25.91
BAT_069,220,3.7323,0.9985,25.82
BAT_069,240,3.7231,0.9966,25.91
BAT_069,260,3.7095,0.9976,26.02
BAT_069,280,3.707,0.9998,26.04
BAT_069,300,3.6991,1.004,26.06
BAT_069,320,3.6953,0.9959,26.18
BAT_069,340,3.6833,0.9915,26.12
BAT_069,360,3.6802,0.9999,26.16
BAT_069,380,3.675,0.997,26.14
BAT_069,400,3.6681,1.0035,26.18
BAT_069,420,3.6658,0.9988,26.34
BAT_069,440,3.6637,1.0067,26.32
BAT_069,460,3.6613,0.9931,26.38
BAT_069,480,3.6582,0.9996,26.46
BAT_069,500,3.6558,1.0054,26.39
BAT_069,520,3.6515,1.0035,26.44
BAT_069,540,3.6498,0.9965,26.47
BAT_069,560,3.6499,1.0018,26.62
BAT_069,580,3.6477,1.0097,26.52
BAT_069,600,3.6484,0.9994,26.5
BAT_069,620,3.6441,1.0051,26.58
BAT_069,640,3.6445,1.003,26.69
BAT_069,660,3.6374,1.0009,26.69
BAT_069,680,3.6381,1.0034,26.71
BAT_069,700,3.6364,1.0027,26.84
BAT_069,720,3.64,1.0069,26.82
BAT_069,740,3.6374,1.0003,26.81
BAT_069,760,3.6349,0.9983,26.83
BAT_069,780,3.6322,0.9931,26.93
BAT_069,800,3.6343,0.9981,26.91
BAT_069,820,3.6312,1.0004,27.02
BAT_069,840,3.632,0.9975,26.98
BAT_069,860,3.6288,1.0037,26.97
BAT_069,880,3.6319,0.9999,27.09
BAT_069,900,3.6299,1.0081,27.1
BAT_069,920,3.6263,0.9992,27.16
BAT_069,940,3.6248,0.9983,27.2
BAT_069,960,3.6311,1.0088,27.18
BAT_069,980,3.6307,1.0075,27.22
BAT_069,1000,3.6246,1.0005,27.3
BAT_069,1020,3.6281,1.0032,27.29
BAT_069,1040,3.625,0.9989,27.27
BAT_069,1060,3.6225,0.9909,27.33
BAT_069,1080,3.6273,1.0074,27.47
BAT_069,1100,3.6245,0.9934,27.45
BAT_069,1120,3.6216,0.9954,27.5
BAT_069,1140,3.6228,0.9998,27.49
BAT_069,1160,3.624,1.0001,27.44
BAT_069,1180,3.624,1.002,27.5
BAT_069,1200,3.6271,1.0161,27.6
BAT_069,1220,3.6218,1.0029,27.62
BAT_069,1240,3.6237,0.9951,27.69
BAT_069,1260,3.6198,1.0018,27.76
BAT_069,1280,3.622,1.009,27.73
BAT_069,1300,3.6216,1.0072,27.64
BAT_069,1320,3.6228,1.0083,27.78
BAT_069,1340,3.6211,0.9966,27.84
BAT_069,1360,3.6194,1.0057,27.97
BAT_069,1380,3.6181,1.0101,27.88
BAT_069,1400,3.6208,1.0033,27.97
BAT_069,1420,3.6169,1.0034,27.97
BAT_069,1440,3.6231,1.0006,28.1
BAT_069,1460,3.6185,1.0012,28.06
BAT_069,1480,3.619,0.9991,28.1
BAT_069,1500,3.6178,1.0005,28.1
BAT_069,1520,3.6179,0.9974,28.09
BAT_069,1540,3.6156,0.9977,28.16
BAT_069,1560,3.616,0.9921,28.27
BAT_069,1580,3.6159,1.009,28.32
BAT_069,1600,3.6166,0.9938,28.23
BAT_069,1620,3.6177,1.0118,28.33
BAT_069,1640,3.617,1.013,28.33
BAT_069,1660,3.6155,0.9966,28.39
BAT_069,1680,3.617,0.9927,28.53
BAT_069,1700,3.6164,1.001,28.58
BAT_069,1720,3.6139,0.9964,28.45
BAT_069,1740,3.6148,1.0087,28.45
BAT_069,1760,3.6114,0.9954,28.59
BAT_069,1780,3.6178,1.0018,28.69
BAT_069,1800,3.6169,1.006,28.64
BAT_069,1820,3.6132,1.0022,28.62
BAT_069,1840,3.6122,1.0007,28.7
BAT_069,1860,3.6135,0.9947,28.73
BAT_069,1880,3.6147,1.0024,28.76
BAT_069,1900,3.6096,1.0025,28.89
BAT_069,1920,3.6104,1.0027,28.85
BAT_069,1940,3.6153,0.9998,28.89
BAT_069,1960,3.6096,1.004,28.94
BAT_069,1980,3.6108,1.002,28.97
BAT_069,2000,3.6115,0.9972,28.97
BAT_070,0,4.112,0.9968,25.97
BAT_070,20,4.1027,1.0023,25.86
BAT_070,40,4.0935,0.9978,26.01
BAT_070,60,4.0848,1.0016,25.83
BAT_070,80,4.0698,1.0034,25.97
BAT_070,100,4.068,1.0083,26.02
BAT_070,120,4.0641,1.0002,25.93
BAT_070,140,4.0549,1.0086,26.0
BAT_070,160,4.0524,0.9967,26.04
BAT_070,180,4.0465,1.0005,26.04
BAT_070,200,4.041,1.0065,26.03
BAT_070,220,4.038,0.9961,26.04
BAT_070,240,4.0363,1.005,26.04
BAT_070,260,4.0305,1.0008,26.08
BAT_070,280,4.0287,0.9962,26.01
BAT_070,300,4.0217,1.0013,26.03
BAT_070,320,4.0235,1.0083,26.11
BAT_070,340,4.0209,0.9974,26.11
BAT_070,360,4.0221,0.9961,26.1
BAT_070,380,4.0215,1.0009,26.18
BAT_070,400,4.0138,1.0016,26.09
BAT_070,420,4.0163,1.0015,26.24
BAT_070,440,4.0142,0.9987,26.17
BAT_070,460,4.0124,1.0004,26.13
BAT_070,480,4.0092,0.9975,26.22
BAT_070,500,4.0069,1.0045,26.26
BAT_070,520,4.0116,0.9976,26.18
BAT_070,540,4.0101,0.9968,26.24
BAT_070,560,4.0061,1.0068,26.25
BAT_070,580,4.0091,0.9999,26.22
BAT_070,600,4.009,1.0066,26.29
BAT_070,620,4.0062,1.0035,26.32
BAT_070,640,4.0069,1.0002,26.33
BAT_070,660,4.0066,0.9945,26.34
BAT_070,680,4.0027,1.0009,26.27
BAT_070,700,4.0052,0.9991,26.33
BAT_070,720,4.0001,0.9963,26.43
BAT_070,740,4.0016,1.0013,26.34
BAT_070,760,4.0034,0.998,26.36
BAT_070,780,4.003,1.0016,26.4
BAT_070,800,4.0025,1.0038,26.38
BAT_070,820,3.999,0.9967,26.37
BAT_070,840,3.998,0.9981,26.48
BAT_070,860,4.0017,0.9958,26.47
BAT_070,880,3.9995,1.0012,26.5
BAT_070,900,4.0016,1.002,26.48
BAT_070,920,4.0003,1.0046,26.59
BAT_070,940,4.0015,0.9947,26.59
BAT_070,960,4.001,0.9942,26.56
BAT_070,980,3.9976,0.9883,26.53
BAT_070,1000,3.9977,0.9963,26.55
BAT_070,1020,4.0008,0.9981,26.53
BAT_070,1040,3.9982,0.9983,26.5
BAT_070,1060,4.0037,1.0065,26.65
BAT_070,1080,3.9978,0.9989,26.53
BAT_070,1100,3.9981,0.9998,26.61
BAT_070,1120,3.9989,1.0049,26.56
BAT_070,1140,3.9954,0.9963,26.67
BAT_070,1160,3.9994,1.0062,26.6
BAT_070,1180,3.9949,0.9978,26.6
BAT_070,1200,3.9966,0.999,26.6
BAT_070,1220,3.9975,1.003,26.79
BAT_070,1240,3.9968,1.0064,26.71
BAT_070,1260,4.0005,0.9922,26.71
BAT_070,1280,3.997,1.0021,26.62
BAT_070,1300,3.9964,0.9959,26.69
BAT_070,1320,3.9972,1.003,26.72
BAT_070,1340,3.9994,0.9956,26.82
BAT_070,1360,3.9946,0.9938,26.72
BAT_070,1380,3.9963,0.9961,26.68
BAT_070,1400,3.9956,0.9986,26.79
BAT_070,1420,3.9978,1.0071,26.85
BAT_070,1440,3.9997,0.9945,26.76
BAT_070,1460,3.995,0.9978,26.86
BAT_070,1480,3.9961,1.0012,26.78
BAT_070,1500,3.9957,0.9903,26.81
BAT_070,1520,3.9969,0.9967,26.79
BAT_070,1540,3.9988,0.994,26.77
BAT_070,1560,3.9937,1.0025,26.76
BAT_070,1580,3.9966,0.9954,26.83
BAT_070,1600,3.9955,1.0018,26.95
BAT_070,1620,3.9961,0.9949,27.02
BAT_070,1640,3.9952,0.9975,26.81
BAT_070,1660,3.9918,1.0071,27.0
BAT_070,1680,3.993,0.995,26.9
BAT_070,1700,3.9961,0.9995,26.92
BAT_070,1720,3.9928,0.9987,26.88
BAT_070,1740,3.9956,0.9965,27.08
BAT_070,1760,3.9978,1.0078,26.95
BAT_070,1780,3.9965,1.0004,26.97
BAT_070,1800,3.997,1.002,27.0
BAT_070,1820,3.9954,1.0003,26.94
BAT_070,1840,3.9933,0.999,27.09
BAT_070,1860,3.9958,0.9961,27.07
BAT_070,1880,3.992,1.0043,27.08
BAT_070,1900,3.9981,1.0017,27.08
BAT_070,1920,3.9952,1.0028,27.08
BAT_070,1940,3.9935,0.999,27.05
BAT_070,1960,3.995,0.9998,27.08
BAT_070,1980,3.9975,0.9986,27.13
BAT_070,2000,3.9907,1.0006,27.05
BAT_071,0,4.0182,1.0003,24.58
BAT_071,20,3.9937,1.0084,24.62
BAT_071,40,3.975,1.006,24.61
BAT_071,60,3.958,0.994,24.7
BAT_071,80,3.9426,1.0017,24.69
BAT_071,100,3.9301,1.0038,24.74
BAT_071,120,3.9187,1.0,24.75
BAT_071,140,3.9078,1.0067,24.77
BAT_071,160,3.8976,1.0012,24.74
BAT_071,180,3.8895,0.9964,24.78
BAT_071,200,3.8773,1.012,24.82
BAT_071,220,3.8723,1.0024,24.74
BAT_071,240,3.8682,0.9918,24.88
BAT_071,260,3.8582,1.0039,24.9
BAT_071,280,3.8539,1.0051,24.87
BAT_071,300,3.8487,0.9985,24.88
BAT_071,320,3.8413,1.0019,25.02
BAT_071,340,3.8375,0.9976,24.92
BAT_071,360,3.8361,0.99,24.98
BAT_071,380,3.8303,0.995,25.01
BAT_071,400,3.829,1.0015,25.08
BAT_071,420,3.8228,1.0057,25.07
BAT_071,440,3.8279,1.007,25.09
BAT_071,460,3.8166,1.0014,25.16
BAT_071,480,3.82,0.9997,25.05
BAT_071,500,3.8164,0.9926,25.09
BAT_071,520,3.8136,1.0021,25.12
BAT_071,540,3.8126,0.9999,25.19
BAT_071,560,3.8124,1.0024,25.18
BAT_071,580,3.81,0.9969,25.16
BAT_071,600,3.8072,0.9999,25.14
BAT_071,620,3.8087,1.0019,25.18
BAT_071,640,3.804,0.9956,25.17
BAT_071,660,3.8015,1.0022,25.2
BAT_071,680,3.8086,1.0071,25.41
BAT_071,700,3.8042,1.006,25.42
BAT_071,720,3.8004,1.008,25.33
BAT_071,740,3.8009,0.9866,25.38
BAT_071,760,3.7974,1.0114,25.43
BAT_071,780,3.802,0.9976,25.48
BAT_071,800,3.8007,0.9981,25.49
BAT_071,820,3.7982,0.9934,25.38
BAT_071,840,3.7952,1.003,25.6
BAT_071,860,3.797,0.9969,25.59
BAT_071,880,3.7972,1.0017,25.55
BAT_071,900,3.7921,0.993,25.58
BAT_071,920,3.7968,0.9986,25.52
BAT_071,940,3.7965,0.9985,25.56
BAT_071,960,3.7953,1.0013,25.74
BAT_071,980,3.7977,0.9953,25.7
BAT_071,1000,3.7918,0.988,25.64
BAT_071,1020,3.7986,1.0038,25.66
BAT_071,1040,3.7952,0.9894,25.71
BAT_071,1060,3.7921,0.9935,25.72
BAT_071,1080,3.7921,1.0016,25.7
BAT_071,1100,3.7942,1.0023,25.83
BAT_071,1120,3.7945,1.0036,25.86
BAT_071,1140,3.7954,1.0055,25.89
BAT_071,1160,3.7899,0.9987,25.93
BAT_071,1180,3.7911,1.0039,25.93
BAT_071,1200,3.7948,0.9969,25.91
BAT_071,1220,3.7915,1.0034,25.82
BAT_071,1240,3.7914,1.006,25.94
BAT_071,1260,3.7934,1.0074,25.97
BAT_071,1280,3.7902,0.9972,25.92
BAT_071,1300,3.7899,0.999,26.06
BAT_071,1320,3.7891,0.9965,26.02
BAT_071,1340,3.7899,1.0066,26.05
BAT_071,1360,3.793,1.0005,25.94
BAT_071,1380,3.7895,0.9942,26.09
BAT_071,1400,3.7877,1.0047,26.1
BAT_071,1420,3.7886,1.0108,26.12
BAT_071,1440,3.7882,0.9983,26.2
BAT_071,1460,3.7894,1.0002,26.24
BAT_071,1480,3.7874,1.0038,26.25
BAT_071,1500,3.7891,0.9974,26.22
BAT_071,1520,3.7906,0.9862,26.33
BAT_071,1540,3.7861,1.0049,26.3
BAT_071,1560,3.7887,1.0027,26.27
BAT_071,1580,3.7909,1.0003,26.36
BAT_071,1600,3.787,0.9984,26.39
BAT_071,1620,3.7852,0.9999,26.31
BAT_071,1640,3.7836,1.0051,26.38
BAT_071,1660,3.783,0.9997,26.52
BAT_071,1680,3.7887,0.9989,26.44
BAT_071,1700,3.7857,1.0012,26.44
BAT_071,1720,3.7865,0.9977,26.51
BAT_071,1740,3.7834,0.9911,26.4
BAT_071,1760,3.7842,1.0006,26.54
BAT_071,1780,3.787,0.9921,26.45
BAT_071,1800,3.7865,1.0091,26.59
BAT_071,1820,3.7847,1.0054,26.66
BAT_071,1840,3.7869,1.0011,26.58
BAT_071,1860,3.7835,0.9978,26.56
BAT_071,1880,3.7851,1.0053,26.63
BAT_071,1900,3.7858,1.0035,26.66
BAT_071,1920,3.7838,1.0077,26.65
BAT_071,1940,3.7823,0.9979,26.67
BAT_071,1960,3.7847,1.0032,26.72
BAT_071,1980,3.7846,0.9907,26.76
BAT_071,2000,3.788,1.005,26.72
BAT_072,0,3.9634,1.0102,25.5
BAT_072,20,3.9355,0.9994,25.57
BAT_072,40,3.9132,1.007,25.59
BAT_072,60,3.8928,0.9913,25.55
BAT_072,80,3.876,1.0028,25.62
BAT_072,100,3.8591,1.0028,25.62
BAT_072,120,3.8433,1.0044,25.73
BAT_072,140,3.8301,1.0013,25.68
BAT_072,160,3.8193,1.0019,25.67
BAT_072,180,3.808,0.9985,25.74
BAT_072,200,3.7974,0.997,25.83
BAT_072,220,3.7911,0.9996,25.82
BAT_072,240,3.781,1.0117,25.78
BAT_072,260,3.7739,0.9968,25.87
BAT_072,280,3.7731,1.002,25.93
BAT_072,300,3.7667,0.9955,25.88
BAT_072,320,3.754,1.0044,25.91
BAT_072,340,3.7516,0.9968,26.01
BAT_072,360,3.7489,0.9993,25.99
BAT_072,380,3.7421,0.9996,26.07
BAT_072,400,3.7391,0.9906,26.02
BAT_072,420,3.7368,1.0006,26.15
BAT_072,440,3.7291,0.9931,26.2
BAT_072,460,3.7275,1.0026,26.09
BAT_072,480,3.7248,0.9954,26.12
BAT_072,500,3.7256,1.0006,26.26
BAT_072,520,3.7243,0.9991,26.3
BAT_072,540,3.7204,0.9944,26.36
BAT_072,560,3.7193,1.0003,26.27
BAT_072,580,3.7162,1.004,26.46
BAT_072,600,3.7132,1.0072,26.35
BAT_072,620,3.7147,1.0019,26.32
BAT_072,640,3.7123,0.9979,26.42
BAT_072,660,3.7123,1.0037,26.43
BAT_072,680,3.7044,0.995,26.51
BAT_072,700,3.7056,0.9955,26.58
BAT_072,720,3.7065,1.0016,26.52
BAT_072,740,3.7102,0.9973,26.55
BAT_072,760,3.7058,0.9974,26.7
BAT_072,780,3.7058,0.9987,26.67
BAT_072,800,3.7036,0.9939,26.67
BAT_072,820,3.7053,1.0073,26.72
BAT_072,840,3.7063,1.0035,26.75
BAT_072,860,3.6979,0.9935,26.81
BAT_072,880,3.7006,1.0033,26.82
BAT_072,900,3.702,1.0032,26.86
BAT_072,920,3.7,0.9935,26.87
BAT_072,940,3.7014,1.0101,26.86
BAT_072,960,3.7017,0.9938,27.02
BAT_072,980,3.701,0.9991,27.02
BAT_072,1000,3.7011,1.0022,27.01
BAT_072,1020,3.697,1.008,27.05
BAT_072,1040,3.6968,1.0042,27.1
BAT_072,1060,3.7011,0.9891,27.14
BAT_072,1080,3.6987,1.0044,27.16
BAT_072,1100,3.6978,1.0071,27.16
BAT_072,1120,3.6964,1.0023,27.13
BAT_072,1140,3.6971,1.0,27.17
BAT_072,1160,3.7004,1.0022,27.21
BAT_072,1180,3.6934,1.0025,27.32
BAT_072,1200,3.6976,1.0068,27.24
BAT_072,1220,3.6999,0.9966,27.34
BAT_072,1240,3.6953,0.9957,27.3
BAT_072,1260,3.6974,1.0049,27.33
BAT_072,1280,3.6944,1.0022,27.47
BAT_072,1300,3.6933,1.002,27.46
BAT_072,1320,3.6949,0.9977,27.35
BAT_072,1340,3.6939,0.9872,27.55
BAT_072,1360,3.6933,1.0008,27.56
BAT_072,1380,3.6921,1.0034,27.53
BAT_072,1400,3.6944,0.997,27.59
BAT_072,1420,3.6956,0.9971,27.54
BAT_072,1440,3.694,0.9908,27.65
BAT_072,1460,3.6884,0.9951,27.59
BAT_072,1480,3.6905,1.007,27.68
BAT_072,1500,3.6931,1.0073,27.7
BAT_072,1520,3.693,0.9954,27.74
BAT_072,1540,3.6904,0.9918,27.79
BAT_072,1560,3.6915,0.9921,27.76
BAT_072,1580,3.6903,0.9974,27.89
BAT_072,1600,3.689,1.0006,27.93
BAT_072,1620,3.6898,1.0015,27.87
BAT_072,1640,3.6857,1.0066,27.96
BAT_072,1660,3.6897,1.0026,27.93
BAT_072,1680,3.6915,1.0021,28.0
BAT_072,1700,3.6902,0.9972,27.92
BAT_072,1720,3.6874,1.0024,28.03
BAT_072,1740,3.6907,1.0009,28.05
BAT_072,1760,3.6871,1.0058,28.15
BAT_072,1780,3.69,1.0051,28.14
BAT_072,1800,3.6853,1.005,28.2
BAT_072,1820,3.6846,0.9968,28.14
BAT_072,1840,3.6903,1.0019,28.23
BAT_072,1860,3.6878,0.9938,28.27
BAT_072,1880,3.6914,1.0042,28.31
BAT_072,1900,3.6862,1.0028,28.35
BAT_072,1920,3.6897,0.9988,28.33
BAT_072,1940,3.6889,1.0051,28.31
BAT_072,1960,3.6856,0.994,28.44
BAT_072,1980,3.6837,0.9868,28.47
BAT_072,2000,3.6844,1.0073,28.41
BAT_073,0,3.9165,0.9994,25.81
BAT_073,20,3.887,1.0039,25.88
BAT_073,40,3.8535,1.0007,25.84
BAT_073,60,3.833,0.9966,25.85
BAT_073,80,3.8028,1.0061,26.0
BAT_073,100,3.7836,1.0019,25.95
BAT_073,120,3.7626,0.9966,25.85
BAT_073,140,3.7519,1.0036,25.96
BAT_073,160,3.7322,0.9997,26.01
BAT_073,180,3.7212,0.9974,26.05
BAT_073,200,3.7032,0.998,26.12
BAT_073,220,3.6935,0.9965,26.12
BAT_073,240,3.6827,0.9975,26.12
BAT_073,260,3.6726,1.005,26.09
BAT_073,280,3.6654,1.0089,26.33
BAT_073,300,3.6616,0.9987,26.21
BAT_073,320,3.6486,1.0104,26.27
BAT_073,340,3.6448,0.996,26.36
BAT_073,360,3.6359,0.9873,26.26
BAT_073,380,3.6318,0.992,26.36
BAT_073,400,3.6277,0.9927,26.35
BAT_073,420,3.6183,1.0032,26.34
BAT_073,440,3.6156,0.9978,26.41
BAT_073,460,3.6161,1.0082,26.51
BAT_073,480,3.6063,1.0046,26.48
BAT_073,500,3.6051,1.0011,26.58
BAT_073,520,3.6066,0.9951,26.59
BAT_073,540,3.6025,1.001,26.62
BAT_073,560,3.5976,0.9993,26.66
BAT_073,580,3.5972,0.9949,26.61
BAT_073,600,3.5987,0.9964,26.64
BAT_073,620,3.591,1.0011,26.77
BAT_073,640,3.5938,1.0034,26.82
BAT_073,660,3.5898,0.9967,26.83
BAT_073,680,3.585,1.0033,26.7
BAT_073,700,3.5882,0.9921,26.91
BAT_073,720,3.5837,0.9981,26.9
BAT_073,740,3.5857,0.9994,26.95
BAT_073,760,3.5834,0.9994,26.89
BAT_073,780,3.5798,1.0018,27.0
BAT_073,800,3.5823,1.0053,27.15
BAT_073,820,3.5798,0.9954,26.99
BAT_073,840,3.5786,0.9975,27.05
BAT_073,860,3.5795,0.9994,27.14
BAT_073,880,3.5776,1.0007,27.11
BAT_073,900,3.575,0.9999,27.08
BAT_073,920,3.5752,1.0059,27.27
BAT_073,940,3.5771,0.9997,27.23
BAT_073,960,3.5783,1.0003,27.3
BAT_073,980,3.5764,1.001,27.37
BAT_073,1000,3.5773,1.0083,27.34
BAT_073,1020,3.5752,0.9947,27.38
BAT_073,1040,3.5744,0.9932,27.33
BAT_073,1060,3.5714,0.9937,27.39
BAT_073,1080,3.5694,1.0074,27.37
BAT_073,1100,3.5727,0.9955,27.43
BAT_073,1120,3.5724,0.9922,27.52
BAT_073,1140,3.5696,1.0037,27.52
BAT_073,1160,3.5687,0.9964,27.51
BAT_073,1180,3.5691,0.9962,27.54
BAT_073,1200,3.5698,0.9991,27.62
BAT_073,1220,3.5757,1.0018,27.69
BAT_073,1240,3.5658,0.9944,27.61
BAT_073,1260,3.5712,1.0026,27.73
BAT_073,1280,3.5678,0.9986,27.67
BAT_073,1300,3.5696,0.995,27.83
BAT_073,1320,3.5663,0.9897,27.82
BAT_073,1340,3.5682,0.9978,27.86
BAT_073,1360,3.568,1.0062,27.87
BAT_073,1380,3.5664,0.9874,27.89
BAT_073,1400,3.5638,0.9994,28.0
BAT_073,1420,3.5632,1.0069,27.99
BAT_073,1440,3.5624,0.9943,27.98
BAT_073,1460,3.5621,1.0033,28.11
BAT_073,1480,3.5645,0.9982,28.06
BAT_073,1500,3.5636,1.0019,28.16
BAT_073,1520,3.5645,1.0004,28.21
BAT_073,1540,3.5623,0.9925,28.18
BAT_073,1560,3.5618,1.0105,28.24
BAT_073,1580,3.561,0.997,28.13
BAT_073,1600,3.5639,1.0023,28.24
BAT_073,1620,3.5635,1.0043,28.26
BAT_073,1640,3.5621,1.0008,28.34
BAT_073,1660,3.5641,1.0012,28.33
BAT_073,1680,3.5598,1.0076,28.36
BAT_073,1700,3.5617,1.0053,28.42
BAT_073,1720,3.5603,1.0016,28.39
BAT_073,1740,3.5625,1.0036,28.4
BAT_073,1760,3.5613,1.0085,28.52
BAT_073,1780,3.5611,0.9945,28.43
BAT_073,1800,3.5608,0.9991,28.58
BAT_073,1820,3.5582,0.9961,28.6
BAT_073,1840,3.5587,0.9952,28.62
BAT_073,1860,3.5588,1.005,28.63
BAT_073,1880,3.5568,1.0001,28.66
BAT_073,1900,3.5575,1.0046,28.73
BAT_073,1920,3.5591,0.9945,28.77
BAT_073,1940,3.5543,0.9967,28.82
BAT_073,1960,3.5558,0.9977,28.75
BAT_073,1980,3.5565,0.9959,28.77
BAT_073,2000,3.5553,0.9957,28.89
BAT_074,0,4.1493,0.9986,25.88
BAT_074,20,4.1433,1.0008,25.81
BAT_074,40,4.139,0.9962,25.88
BAT_074,60,4.1376,0.9942,25.92
BAT_074,80,4.1348,0.9981,25.91
BAT_074,100,4.1248,0.997,25.84
BAT_074,120,4.1217,0.9957,26.01
BAT_074,140,4.1207,1.0006,25.92
BAT_074,160,4.1163,0.9973,25.91
BAT_074,180,4.1137,1.0038,25.9
BAT_074,200,4.1122,0.9955,25.88
BAT_074,220,4.1099,1.0153,25.93
BAT_074,240,4.1084,1.005,25.93
BAT_074,260,4.1034,0.9963,25.99
BAT_074,280,4.1021,1.0101,25.9
BAT_074,300,4.1059,0.9992,25.95
BAT_074,320,4.1037,0.9953,25.91
BAT_074,340,4.1003,0.9986,25.97
BAT_074,360,4.1017,1.0001,25.92
BAT_074,380,4.0976,0.9882,25.95
BAT_074,400,4.0948,0.9984,26.07
BAT_074,420,4.0991,0.9944,25.97
BAT_074,440,4.1006,0.995,26.05
BAT_074,460,4.094,1.0041,26.05
BAT_074,480,4.0926,1.0077,25.96
BAT_074,500,4.0981,1.0048,26.06
BAT_074,520,4.0933,1.0023,25.96
BAT_074,540,4.0925,0.9976,26.07
BAT_074,560,4.0916,0.9988,26.05
BAT_074,580,4.0942,1.0114,26.02
BAT_074,600,4.0966,1.0025,26.13
BAT_074,620,4.0889,1.0026,26.13
BAT_074,640,4.0915,0.9959,26.07
BAT_074,660,4.0904,0.9977,26.07
BAT_074,680,4.0916,0.9985,26.06
BAT_074,700,4.095,0.9917,26.11
BAT_074,720,4.0946,1.0075,26.1
BAT_074,740,4.0902,0.9911,26.07
BAT_074,760,4.089,1.0036,26.03
BAT_074,780,4.0886,1.004,26.08
BAT_074,800,4.0925,1.0074,26.16
BAT_074,820,4.0872,1.0002,26.08
BAT_074,840,4.09,0.9965,26.17
BAT_074,860,4.0903,1.0025,26.08
BAT_074,880,4.0883,1.0055,26.16
BAT_074,900,4.0871,1.0011,26.2
BAT_074,920,4.0894,1.0026,26.13
BAT_074,940,4.0898,1.001,26.1
BAT_074,960,4.0895,0.992,26.2
BAT_074,980,4.0862,0.9911,26.28
BAT_074,1000,4.0879,1.0006,26.21
BAT_074,1020,4.0873,0.9882,26.23
BAT_074,1040,4.0853,1.0002,26.25
BAT_074,1060,4.0854,0.9959,26.14
BAT_074,1080,4.0861,1.0016,26.26
BAT_074,1100,4.0869,1.0005,26.24
BAT_074,1120,4.0903,0.9947,26.23
BAT_074,1140,4.0914,0.9958,26.16
BAT_074,1160,4.0866,1.0036,26.09
BAT_074,1180,4.0857,0.9964,26.3
BAT_074,1200,4.0892,1.004,26.25
BAT_074,1220,4.0887,1.0093,26.2
BAT_074,1240,4.0853,1.0037,26.25
BAT_074,1260,4.0881,0.9989,26.23
BAT_074,1280,4.0882,1.0017,26.28
BAT_074,1300,4.0871,0.9944,26.25
BAT_074,1320,4.0905,0.9931,26.3
BAT_074,1340,4.0871,1.0005,26.28
BAT_074,1360,4.0874,1.0034,26.25
BAT_074,1380,4.0893,1.0057,26.29
BAT_074,1400,4.0902,0.9933,26.24
BAT_074,1420,4.0892,1.0056,26.34
BAT_074,1440,4.0911,1.0003,26.3
BAT_074,1460,4.0863,1.0111,26.27
BAT_074,1480,4.0855,0.9985,26.31
BAT_074,1500,4.0842,0.9996,26.34
BAT_074,1520,4.0863,0.9965,26.3
BAT_074,1540,4.0843,1.0037,26.34
BAT_074,1560,4.0849,0.9964,26.29
BAT_074,1580,4.0881,1.0033,26.3
BAT_074,1600,4.0848,1.0015,26.41
BAT_074,1620,4.0849,1.0076,26.38
BAT_074,1640,4.0869,1.0,26.44
BAT_074,1660,4.0867,1.0006,26.36
BAT_074,1680,4.0871,1.004,26.32
BAT_074,1700,4.0839,0.9972,26.41
BAT_074,1720,4.0875,1.0098,26.37
BAT_074,1740,4.0823,0.9969,26.33
BAT_074,1760,4.0845,1.0098,26.42
BAT_074,1780,4.0884,0.9968,26.45
BAT_074,1800,4.0831,1.0023,26.45
BAT_074,1820,4.0833,1.004,26.42
BAT_074,1840,4.0854,0.996,26.39
BAT_074,1860,4.0835,1.0053,26.38
BAT_074,1880,4.0833,0.9956,26.32
BAT_074,1900,4.0862,0.9903,26.53
BAT_074,1920,4.0861,0.9991,26.56
BAT_074,1940,4.0861,1.004,26.45
BAT_074,1960,4.0849,0.9957,26.37
BAT_074,1980,4.0857,1.003,26.48
BAT_074,2000,4.0863,0.9989,26.48
BAT_075,0,4.1049,0.998,24.77
BAT_075,20,4.0923,0.9945,24.7
BAT_075,40,4.0792,0.9937,24.62
BAT_075,60,4.0681,0.9971,24.84
BAT_075,80,4.0558,0.9918,24.76
BAT_075,100,4.0496,1.0052,24.78
BAT_075,120,4.0352,0.9978,24.85
BAT_075,140,4.0349,1.0031,24.82
BAT_075,160,4.0213,1.01,24.89
BAT_075,180,4.0182,0.9992,24.87
BAT_075,200,4.0124,0.9944,24.76
BAT_075,220,4.0062,0.9952,24.85
BAT_075,240,3.9992,0.9986,24.85
BAT_075,260,3.9918,0.9955,24.93
BAT_075,280,3.9956,1.0058,24.96
BAT_075,300,3.9915,1.0007,24.85
BAT_075,320,3.9828,0.9958,24.96
BAT_075,340,3.982,1.0029,24.96
BAT_075,360,3.978,0.9996,24.9
BAT_075,380,3.9759,1.0095,25.0
BAT_075,400,3.9703,0.993,25.01
BAT_075,420,3.9728,0.9969,25.0
BAT_075,440,3.9735,1.0014,25.01
BAT_075,460,3.9653,0.9989,25.01
BAT_075,480,3.9643,0.9959,24.97
BAT_075,500,3.9666,0.9965,25.01
BAT_075,520,3.966,0.9929,25.17
BAT_075,540,3.9604,1.0023,24.99
BAT_075,560,3.9624,0.9969,25.13
BAT_075,580,3.962,0.9961,25.16
BAT_075,600,3.9603,1.0041,25.06
BAT_075,620,3.9575,1.0012,25.07
BAT_075,640,3.9593,1.0017,25.16
BAT_075,660,3.9599,0.9979,25.27
BAT_075,680,3.9597,0.9945,25.22
BAT_075,700,3.9574,0.9917,25.18
BAT_075,720,3.9567,0.9911,25.13
BAT_075,740,3.9543,0.9936,25.2
BAT_075,760,3.9513,0.9931,25.2
BAT_075,780,3.9503,1.0022,25.36
BAT_075,800,3.9488,1.0074,25.25
BAT_075,820,3.9525,1.0022,25.26
BAT_075,840,3.9537,1.0021,25.19
BAT_075,860,3.9557,0.9984,25.3
BAT_075,880,3.9492,0.996,25.38
BAT_075,900,3.9524,0.9943,25.29
BAT_075,920,3.955,0.9993,25.4
BAT_075,940,3.9538,0.9951,25.36
BAT_075,960,3.9483,1.0059,25.43
BAT_075,980,3.9504,0.9954,25.26
BAT_075,1000,3.9486,0.9999,25.39
BAT_075,1020,3.9491,1.0044,25.42
BAT_075,1040,3.9485,1.0021,25.47
BAT_075,1060,3.95,1.0095,25.44
BAT_075,1080,3.9488,1.0014,25.44
BAT_075,1100,3.9484,0.997,25.46
BAT_075,1120,3.9471,0.9988,25.54
BAT_075,1140,3.9515,0.997,25.52
BAT_075,1160,3.9527,1.0011,25.51
BAT_075,1180,3.9462,1.0066,25.53
BAT_075,1200,3.9478,0.999,25.64
BAT_075,1220,3.9513,1.0073,25.51
BAT_075,1240,3.9494,0.9978,25.57
BAT_075,1260,3.9482,1.0041,25.67
BAT_075,1280,3.95,0.9962,25.63
BAT_075,1300,3.9483,1.0029,25.59
BAT_075,1320,3.9473,0.9989,25.6
BAT_075,1340,3.945,0.9948,25.71
BAT_075,1360,3.9485,1.0088,25.7
BAT_075,1380,3.9492,0.9948,25.69
BAT_075,1400,3.9456,1.0001,25.64
BAT_075,1420,3.9449,1.0045,25.73
BAT_075,1440,3.9477,1.0039,25.68
BAT_075,1460,3.9472,0.9978,25.72
BAT_075,1480,3.9485,1.0037,25.76
BAT_075,1500,3.9456,0.9955,25.85
BAT_075,1520,3.9463,0.9998,25.69
BAT_075,1540,3.9446,0.9889,25.79
BAT_075,1560,3.9466,0.9945,25.76
BAT_075,1580,3.9462,0.9995,25.75
BAT_075,1600,3.9477,1.0028,25.85
BAT_075,1620,3.9482,1.0067,25.88
BAT_075,1640,3.9434,0.9972,25.79
BAT_075,1660,3.947,1.0033,25.87
BAT_075,1680,3.9456,0.9947,25.95
BAT_075,1700,3.9449,1.0011,25.87
BAT_075,1720,3.9466,0.9912,25.92
BAT_075,1740,3.9418,1.0012,25.98
BAT_075,1760,3.9437,1.0023,25.96
BAT_075,1780,3.9459,0.9981,25.85
BAT_075,1800,3.9445,1.0001,26.01
BAT_075,1820,3.9434,0.999,26.01
BAT_075,1840,3.9437,1.0065,25.95
BAT_075,1860,3.9464,0.9997,26.02
BAT_075,1880,3.9434,0.9944,25.98
BAT_075,1900,3.943,0.9898,26.1
BAT_075,1920,3.9433,1.0009,26.04
BAT_075,1940,3.9446,1.0055,26.1
BAT_075,1960,3.9424,1.0002,26.07
BAT_075,1980,3.9417,1.0021,26.07
BAT_075,2000,3.9425,0.9886,26.05
BAT_076,0,4.0956,1.0016,25.38
BAT_076,20,4.0877,1.0,25.5
BAT_076,40,4.0798,0.9993,25.41
BAT_076,60,4.0756,1.0001,25.47
BAT_076,80,4.0626,0.9999,25.45
BAT_076,100,4.0564,0.9962,25.48
BAT_076,120,4.0551,1.0061,25.51
BAT_076,140,4.05,0.9955,25.53
BAT_076,160,4.0453,0.9994,25.48
BAT_076,180,4.0426,0.9977,25.52
BAT_076,200,4.0357,0.9921,25.5
BAT_076,220,4.0325,1.0045,25.51
BAT_076,240,4.0291,1.0021,25.51
BAT_076,260,4.0258,1.0022,25.63
BAT_076,280,4.0256,0.9939,25.51
BAT_076,300,4.0241,1.0063,25.56
BAT_076,320,4.0228,0.9965,25.59
BAT_076,340,4.0158,1.0017,25.58
BAT_076,360,4.0181,0.9986,25.64
BAT_076,380,4.0112,1.0031,25.66
BAT_076,400,4.0068,1.0072,25.73
BAT_076,420,4.0141,1.0003,25.63
BAT_076,440,4.0063,1.0014,25.59
BAT_076,460,4.0108,0.9968,25.69
BAT_076,480,4.0093,1.0025,25.67
BAT_076,500,4.0086,1.0021,25.69
BAT_076,520,4.002,1.0019,25.69
BAT_076,540,4.0118,1.0015,25.79
BAT_076,560,4.0038,0.9894,25.76
BAT_076,580,4.0039,1.0059,25.73
BAT_076,600,4.0046,1.0049,25.75
BAT_076,620,4.0015,1.0025,25.8
BAT_076,640,4.0017,1.0005,25.7
BAT_076,660,4.0024,0.9992,25.71
BAT_076,680,4.0043,0.9947,25.81
BAT_076,700,4.0023,1.0071,25.8
BAT_076,720,3.9997,1.0003,25.89
BAT_076,740,4.0003,1.0098,25.84
BAT_076,760,4.0006,1.001,25.83
BAT_076,780,3.9967,0.9935,25.81
BAT_076,800,3.9964,1.0046,25.88
BAT_076,820,3.9957,1.0115,25.93
BAT_076,840,4.0007,0.9983,25.89
BAT_076,860,4.0011,0.9936,26.03
BAT_076,880,4.0013,0.9962,25.96
BAT_076,900,3.9995,1.008,25.91
BAT_076,920,3.9955,1.0012,25.98
BAT_076,940,4.0004,0.9972,26.02
BAT_076,960,3.9991,0.9919,25.92
BAT_076,980,3.9989,0.996,25.91
BAT_076,1000,3.9977,0.9901,26.05
BAT_076,1020,3.9977,0.9977,26.09
BAT_076,1040,3.9982,1.002,25.99
BAT_076,1060,3.9965,1.0011,26.01
BAT_076,1080,3.9962,0.9965,26.01
BAT_076,1100,3.9947,1.0047,26.04
BAT_076,1120,3.9968,1.0016,26.06
BAT_076,1140,3.9952,0.9999,25.99
BAT_076,1160,3.9984,1.0027,26.06
BAT_076,1180,3.9968,1.0067,25.99
BAT_076,1200,3.996,0.9987,26.15
BAT_076,1220,3.9956,1.0031,26.12
BAT_076,1240,3.996,0.9878,26.07
BAT_076,1260,3.9945,0.9946,26.24
BAT_076,1280,3.9936,1.001,26.14
BAT_076,1300,3.9927,0.9949,26.16
BAT_076,1320,3.9941,1.0011,26.12
BAT_076,1340,3.9959,1.01,26.18
BAT_076,1360,3.9969,1.0069,26.2
BAT_076,1380,3.9943,0.9986,26.22
BAT_076,1400,3.9939,1.0,26.2
BAT_076,1420,3.9953,1.0066,26.24
BAT_076,1440,3.9959,0.9946,26.25
BAT_076,1460,3.9942,1.0015,26.21
BAT_076,1480,3.9954,1.0083,26.26
BAT_076,1500,3.9959,0.9987,26.22
BAT_076,1520,3.9944,0.9981,26.34
BAT_076,1540,3.9971,0.9956,26.24
BAT_076,1560,3.9967,1.0059,26.36
BAT_076,1580,3.9968,1.0055,26.26
BAT_076,1600,3.9966,1.0042,26.29
BAT_076,1620,3.9923,1.0027,26.24
BAT_076,1640,3.9922,0.9967,26.33
BAT_076,1660,3.9946,0.9982,26.4
BAT_076,1680,3.992,0.9865,26.27
BAT_076,1700,3.9962,1.0012,26.46
BAT_076,1720,3.9956,1.0011,26.43
BAT_076,1740,3.9949,1.0033,26.41
BAT_076,1760,3.9895,0.9971,26.4
BAT_076,1780,3.9951,0.9965,26.46
BAT_076,1800,3.9945,1.0036,26.45
BAT_076,1820,3.9908,1.0078,26.49
BAT_076,1840,3.9942,0.9958,26.4
BAT_076,1860,3.9922,0.9988,26.48
BAT_076,1880,3.998,1.0052,26.51
BAT_076,1900,3.9922,0.9977,26.4
BAT_076,1920,3.9907,0.9977,26.41
BAT_076,1940,3.9917,0.9996,26.5
BAT_076,1960,3.9911,0.9881,26.59
BAT_076,1980,3.9905,0.9963,26.58
BAT_076,2000,3.9921,1.0026,26.62
BAT_077,0,4.1018,1.0002,24.65
BAT_077,20,4.0919,0.9981,24.69
BAT_077,40,4.0718,0.9945,24.72
BAT_077,60,4.0625,1.001,24.75
BAT_077,80,4.0518,0.9914,24.76
BAT_077,100,4.0393,1.0032,24.7
BAT_077,120,4.0315,0.9949,24.7
BAT_077,140,4.022,0.9973,24.77
BAT_077,160,4.0137,1.0021,24.8
BAT_077,180,4.0073,0.9989,24.78
BAT_077,200,4.001,0.9973,24.82
BAT_077,220,3.9986,0.9968,24.91
BAT_077,240,3.9918,0.9945,24.8
BAT_077,260,3.9891,0.9971,24.81
BAT_077,280,3.9819,0.9948,24.86
BAT_077,300,3.9763,1.0006,24.78
BAT_077,320,3.9775,0.9875,24.87
BAT_077,340,3.9731,0.9967,24.93
BAT_077,360,3.9704,1.0068,24.89
BAT_077,380,3.9688,0.996,24.91
BAT_077,400,3.9603,1.0087,24.97
BAT_077,420,3.965,1.0129,24.96
BAT_077,440,3.958,1.0026,25.04
BAT_077,460,3.9545,1.0019,24.98
BAT_077,480,3.957,1.006,25.03
BAT_077,500,3.9563,0.9941,24.98
BAT_077,520,3.9533,0.9992,24.96
BAT_077,540,3.9537,0.9955,25.02
BAT_077,560,3.9505,0.9999,25.03
BAT_077,580,3.9521,0.9998,25.01
BAT_077,600,3.9488,1.0054,25.07
BAT_077,620,3.9486,1.0014,25.08
BAT_077,640,3.9453,0.9996,25.08
BAT_077,660,3.9463,0.995,25.15
BAT_077,680,3.944,0.9981,25.07
BAT_077,700,3.9455,1.0019,25.06
BAT_077,720,3.9433,0.999,25.2
BAT_077,740,3.9434,0.9905,25.12
BAT_077,760,3.9436,0.9971,25.19
BAT_077,780,3.9413,1.0018,25.19
BAT_077,800,3.9413,1.0002,25.16
BAT_077,820,3.9414,1.0022,25.21
BAT_077,840,3.9372,1.003,25.18
BAT_077,860,3.9399,0.9931,25.22
BAT_077,880,3.9407,0.9966,25.33
BAT_077,900,3.9438,1.0024,25.21
BAT_077,920,3.9433,0.9968,25.24
BAT_077,940,3.9404,0.9973,25.26
BAT_077,960,3.9389,1.0104,25.28
BAT_077,980,3.9389,1.0028,25.38
BAT_077,1000,3.9341,0.9979,25.27
BAT_077,1020,3.9379,1.0024,25.34
BAT_077,1040,3.9355,1.0003,25.4
BAT_077,1060,3.9383,0.998,25.4
BAT_077,1080,3.9404,1.0021,25.31
BAT_077,1100,3.9349,0.9907,25.41
BAT_077,1120,3.9396,0.9992,25.39
BAT_077,1140,3.9346,1.0028,25.52
BAT_077,1160,3.9354,1.0006,25.48
BAT_077,1180,3.9356,1.0,25.45
BAT_077,1200,3.9345,0.9969,25.4
BAT_077,1220,3.9356,1.0021,25.53
BAT_077,1240,3.9336,0.9955,25.52
BAT_077,1260,3.9364,0.9949,25.42
BAT_077,1280,3.9367,0.9949,25.46
BAT_077,1300,3.9375,1.0044,25.46
BAT_077,1320,3.937,0.9961,25.44
BAT_077,1340,3.9331,1.0052,25.53
BAT_077,1360,3.9353,1.0031,25.55
BAT_077,1380,3.9339,0.9997,25.58
BAT_077,1400,3.9361,0.999,25.58
BAT_077,1420,3.929,0.9992,25.55
BAT_077,1440,3.9344,0.9925,25.55
BAT_077,1460,3.9313,0.9959,25.64
BAT_077,1480,3.9343,1.003,25.64
BAT_077,1500,3.9335,0.9949,25.59
BAT_077,1520,3.9327,1.0012,25.58
BAT_077,1540,3.9346,0.9968,25.68
BAT_077,1560,3.9316,0.9978,25.76
BAT_077,1580,3.9321,1.005,25.74
BAT_077,1600,3.9356,0.9972,25.67
BAT_077,1620,3.9333,0.9972,25.75
BAT_077,1640,3.9284,1.002,25.68
BAT_077,1660,3.929,1.0029,25.76
BAT_077,1680,3.9327,0.9978,25.69
BAT_077,1700,3.9322,0.9959,25.7
BAT_077,1720,3.9341,0.9923,25.74
BAT_077,1740,3.931,0.9978,25.76
BAT_077,1760,3.9322,1.0003,25.75
BAT_077,1780,3.9291,0.9926,25.89
BAT_077,1800,3.9307,0.9962,25.76
BAT_077,1820,3.9298,0.9949,25.87
BAT_077,1840,3.9294,0.9963,25.75
BAT_077,1860,3.9291,1.0076,25.79
BAT_077,1880,3.9295,0.9932,25.87
BAT_077,1900,3.9294,0.9986,25.84
BAT_077,1920,3.9314,1.0001,25.91
BAT_077,1940,3.9292,0.9952,25.78
BAT_077,1960,3.9274,0.9995,26.0
BAT_077,1980,3.9244,0.9997,26.01
BAT_077,2000,3.9276,1.0016,25.86
BAT_078,0,4.1211,0.9943,25.81
BAT_078,20,4.1122,1.0052,25.97
BAT_078,40,4.1011,1.0027,25.9
BAT_078,60,4.0886,1.0001,25.92
BAT_078,80,4.0788,0.9864,25.9
BAT_078,100,4.0703,0.9889,25.98
BAT_078,120,4.062,1.0122,26.05
BAT_078,140,4.0584,0.9989,25.9
BAT_078,160,4.0482,0.9983,26.06
BAT_078,180,4.0407,0.999,26.09
BAT_078,200,4.0409,0.9951,26.03
BAT_078,220,4.036,1.0051,26.03
BAT_078,240,4.0305,0.9992,26.01
BAT_078,260,4.0261,1.0034,26.06
BAT_078,280,4.0228,0.9964,26.05
BAT_078,300,4.0222,1.0013,26.13
BAT_078,320,4.0182,1.0003,26.15
BAT_078,340,4.014,0.9982,26.08
BAT_078,360,4.0154,1.0037,26.15
BAT_078,380,4.0118,1.0033,26.2
BAT_078,400,4.0101,1.0001,26.17
BAT_078,420,4.0092,1.0034,26.21
BAT_078,440,4.0078,0.9963,26.2
BAT_078,460,4.002,1.0053,26.25
BAT_078,480,4.0028,0.9979,26.22
BAT_078,500,3.9965,1.0039,26.27
BAT_078,520,4.0015,0.9961,26.23
BAT_078,540,3.9985,0.9995,26.23
BAT_078,560,3.9967,1.0092,26.25
BAT_078,580,3.9981,1.0019,26.36
BAT_078,600,3.9992,0.9984,26.34
BAT_078,620,3.9979,1.0017,26.22
BAT_078,640,3.9918,0.9964,26.42
BAT_078,660,3.9968,0.9992,26.35
BAT_078,680,3.9947,1.0,26.4
BAT_078,700,3.9922,0.9977,26.36
BAT_078,720,3.9906,0.9939,26.35
BAT_078,740,3.9903,1.004,26.45
BAT_078,760,3.9932,0.9947,26.43
BAT_078,780,3.9921,0.9931,26.48
BAT_078,800,3.9923,1.0034,26.34
BAT_078,820,3.9893,1.0101,26.41
BAT_078,840,3.9941,1.0022,26.44
BAT_078,860,3.989,0.9955,26.46
BAT_078,880,3.9856,1.0069,26.62
BAT_078,900,3.9904,1.0001,26.48
BAT_078,920,3.9894,0.9973,26.57
BAT_078,940,3.9879,0.9992,26.61
BAT_078,960,3.992,0.9967,26.46
BAT_078,980,3.9926,0.9957,26.54
BAT_078,1000,3.9888,1.0038,26.55
BAT_078,1020,3.9879,0.9978,26.53
BAT_078,1040,3.9903,0.9977,26.61
BAT_078,1060,3.9868,1.004,26.71
BAT_078,1080,3.9866,1.0002,26.62
BAT_078,1100,3.9907,0.9973,26.7
BAT_078,1120,3.9882,1.0044,26.63
BAT_078,1140,3.9859,0.9984,26.71
BAT_078,1160,3.987,1.0039,26.76
BAT_078,1180,3.984,0.9946,26.66
BAT_078,1200,3.9856,1.0026,26.65
BAT_078,1220,3.9851,0.9992,26.72
BAT_078,1240,3.9868,0.9998,26.66
BAT_078,1260,3.9854,1.0022,26.76
BAT_078,1280,3.9871,0.9944,26.73
BAT_078,1300,3.9827,0.9985,26.73
BAT_078,1320,3.9873,0.9983,26.84
BAT_078,1340,3.9901,1.0012,26.82
BAT_078,1360,3.9833,0.9973,26.69
BAT_078,1380,3.9843,1.0113,26.86
BAT_078,1400,3.988,0.9988,26.83
BAT_078,1420,3.9856,0.9976,26.88
BAT_078,1440,3.9864,0.9932,26.76
BAT_078,1460,3.9846,0.9988,26.81
BAT_078,1480,3.9863,1.0066,26.92
BAT_078,1500,3.982,1.0008,26.86
BAT_078,1520,3.9866,1.0015,26.94
BAT_078,1540,3.9862,1.0029,27.06
BAT_078,1560,3.9816,1.0006,26.99
BAT_078,1580,3.9858,0.9868,27.01
BAT_078,1600,3.9832,0.9948,27.06
BAT_078,1620,3.9837,1.0036,27.02
BAT_078,1640,3.985,1.0052,27.02
BAT_078,1660,3.9863,0.9999,26.97
BAT_078,1680,3.9864,1.0002,27.07
BAT_078,1700,3.9806,0.9873,27.05
BAT_078,1720,3.9839,1.0074,26.99
BAT_078,1740,3.9815,1.0011,27.13
BAT_078,1760,3.9836,1.0025,27.12
BAT_078,1780,3.9872,1.0071,27.08
BAT_078,1800,3.9797,0.9913,27.09
BAT_078,1820,3.9809,1.0004,27.11
BAT_078,1840,3.978,1.0047,27.17
BAT_078,1860,3.9807,0.9934,27.22
BAT_078,1880,3.9828,0.9986,27.11
BAT_078,1900,3.9808,1.0076,27.14
BAT_078,1920,3.982,0.9979,27.18
BAT_078,1940,3.9795,1.006,27.21
BAT_078,1960,3.9834,0.995,27.21
BAT_078,1980,3.9856,0.9996,27.21
BAT_078,2000,3.9788,0.9966,27.27
BAT_079,0,4.0648,0.9966,25.18
BAT_079,20,4.0447,1.0036,25.25
BAT_079,40,4.0261,0.9939,25.21
BAT_079,60,4.0151,0.9943,25.21
BAT_079,80,3.9999,1.0088,25.3
BAT_079,100,3.987,0.9955,25.21
BAT_079,120,3.976,1.0026,25.35
BAT_079,140,3.9686,0.9897,25.26
BAT_079,160,3.957,0.9929,25.28
BAT_079,180,3.9498,0.9867,25.27
BAT_079,200,3.9476,0.9933,25.39
BAT_079,220,3.9387,0.9945,25.36
BAT_079,240,3.9332,0.9973,25.49
BAT_079,260,3.9288,1.005,25.45
BAT_079,280,3.9235,0.9951,25.43
BAT_079,300,3.9186,1.0021,25.48
BAT_079,320,3.911,0.9983,25.46
BAT_079,340,3.9087,0.9976,25.49
BAT_079,360,3.9078,1.0064,25.65
BAT_079,380,3.9059,1.003,25.59
BAT_079,400,3.9057,1.0117,25.56
BAT_079,420,3.8984,1.006,25.53
BAT_079,440,3.8939,0.9978,25.58
BAT_079,460,3.8927,0.9971,25.68
BAT_079,480,3.8883,0.9967,25.65
BAT_079,500,3.8871,1.0013,25.74
BAT_079,520,3.8879,0.9988,25.68
BAT_079,540,3.8899,0.9895,25.77
BAT_079,560,3.8872,0.9963,25.76
BAT_079,580,3.8855,0.9985,25.81
BAT_079,600,3.8823,0.9996,25.8
BAT_079,620,3.8792,1.0028,25.8
BAT_079,640,3.8842,1.0122,25.79
BAT_079,660,3.8827,0.9923,25.86
BAT_079,680,3.8793,1.0106,25.86
BAT_079,700,3.8798,0.9972,25.99
BAT_079,720,3.8793,1.0005,25.93
BAT_079,740,3.8804,1.0043,25.93
BAT_079,760,3.8773,1.0001,25.92
BAT_079,780,3.8784,0.997,25.89
BAT_079,800,3.8737,0.9962,25.97
BAT_079,820,3.8787,1.0029,26.05
BAT_079,840,3.8749,0.9975,26.0
BAT_079,860,3.8747,0.994,26.06
BAT_079,880,3.8735,0.9971,26.08
BAT_079,900,3.8739,0.9994,26.1
BAT_079,920,3.8748,1.001,26.07
BAT_079,940,3.8731,1.0005,26.18
BAT_079,960,3.8777,1.003,26.23
BAT_079,980,3.8729,0.9958,26.14
BAT_079,1000,3.8707,1.0026,26.19
BAT_079,1020,3.8713,1.0053,26.21
BAT_079,1040,3.8708,0.9918,26.26
BAT_079,1060,3.8721,1.0012,26.29
BAT_079,1080,3.8735,0.9876,26.3
BAT_079,1100,3.8736,1.0014,26.33
BAT_079,1120,3.8719,1.0011,26.38
BAT_079,1140,3.8666,0.9985,26.34
BAT_079,1160,3.8735,0.9979,26.3
BAT_079,1180,3.8706,0.9961,26.39
BAT_079,1200,3.8711,1.014,26.42
BAT_079,1220,3.8711,1.005,26.39
BAT_079,1240,3.869,1.0028,26.42
BAT_079,1260,3.872,0.9947,26.4
BAT_079,1280,3.8678,1.007,26.51
BAT_079,1300,3.8695,1.0004,26.56
BAT_079,1320,3.8679,1.0038,26.53
BAT_079,1340,3.8673,1.0015,26.51
BAT_079,1360,3.8703,0.9964,26.59
BAT_079,1380,3.8709,1.001,26.54
BAT_079,1400,3.8668,0.998,26.44
BAT_079,1420,3.8655,0.9985,26.57
BAT_079,1440,3.8646,1.0029,26.6
BAT_079,1460,3.8694,1.0021,26.68
BAT_079,1480,3.8681,1.0017,26.71
BAT_079,1500,3.8649,0.9962,26.73
BAT_079,1520,3.8651,1.0084,26.75
BAT_079,1540,3.8649,1.0009,26.77
BAT_079,1560,3.8658,1.0092,26.81
BAT_079,1580,3.8703,0.9973,26.83
BAT_079,1600,3.8666,0.9937,26.76
BAT_079,1620,3.864,0.9949,26.85
BAT_079,1640,3.8613,0.9942,26.83
BAT_079,1660,3.8634,1.0,26.85
BAT_079,1680,3.8644,1.012,26.91
BAT_079,1700,3.8615,1.0001,26.92
BAT_079,1720,3.8639,1.0032,26.9
BAT_079,1740,3.8626,1.0006,26.87
BAT_079,1760,3.8668,1.001,27.03
BAT_079,1780,3.8629,1.001,27.07
BAT_079,1800,3.8659,1.0001,26.99
BAT_079,1820,3.8618,1.0003,27.02
BAT_079,1840,3.8628,1.007,27.02
BAT_079,1860,3.8679,1.0123,26.99
BAT_079,1880,3.8631,0.9982,27.04
BAT_079,1900,3.8629,1.0002,27.15
BAT_079,1920,3.8606,1.0062,27.17
BAT_079,1940,3.863,0.9968,27.2
BAT_079,1960,3.8605,0.997,27.23
BAT_079,1980,3.8625,0.9904,27.22
BAT_079,2000,3.8611,0.9887,27.19
BAT_080,0,3.8923,0.9954,24.14
BAT_080,20,3.8616,1.0008,24.23
BAT_080,40,3.8308,1.0092,24.1
BAT_080,60,3.7972,1.0037,24.17
BAT_080,80,3.7756,0.9948,24.23
BAT_080,100,3.7559,1.0055,24.24
BAT_080,120,3.733,0.993,24.23
BAT_080,140,3.718,0.9936,24.3
BAT_080,160,3.6976,0.9965,24.28
BAT_080,180,3.6824,1.0024,24.36
BAT_080,200,3.6701,0.9965,24.36
BAT_080,220,3.6585,0.9995,24.43
BAT_080,240,3.6466,1.0048,24.45
BAT_080,260,3.6353,0.9989,24.58
BAT_080,280,3.6232,0.9963,24.54
BAT_080,300,3.6124,0.9926,24.6
BAT_080,320,3.6118,1.0081,24.6
BAT_080,340,3.6036,1.0003,24.61
BAT_080,360,3.5966,0.9996,24.75
BAT_080,380,3.5897,0.9931,24.73
BAT_080,400,3.5838,1.0005,24.77
BAT_080,420,3.5766,0.9918,24.8
BAT_080,440,3.5774,0.9969,24.82
BAT_080,460,3.5727,0.9972,24.85
BAT_080,480,3.5671,1.005,24.89
BAT_080,500,3.5627,1.0012,24.89
BAT_080,520,3.561,0.9936,24.95
BAT_080,540,3.5604,1.0034,25.02
BAT_080,560,3.5546,0.9998,25.02
BAT_080,580,3.5534,0.9986,24.98
BAT_080,600,3.5554,0.9961,25.1
BAT_080,620,3.5501,0.9946,25.1
BAT_080,640,3.5486,0.9997,25.19
BAT_080,660,3.5441,0.9996,25.15
BAT_080,680,3.5447,0.9966,25.21
BAT_080,700,3.5443,1.0054,25.26
BAT_080,720,3.5423,0.9951,25.27
BAT_080,740,3.5397,1.002,25.42
BAT_080,760,3.5358,1.0056,25.43
BAT_080,780,3.5394,0.9984,25.44
BAT_080,800,3.5345,0.9931,25.44
BAT_080,820,3.5351,1.0036,25.42
BAT_080,840,3.5319,0.9991,25.53
BAT_080,860,3.5316,1.0004,25.54
BAT_080,880,3.5346,1.0039,25.59
BAT_080,900,3.5316,0.9936,25.64
BAT_080,920,3.5318,1.0045,25.7
BAT_080,940,3.5304,0.9973,25.74
BAT_080,960,3.5314,0.9943,25.7
BAT_080,980,3.5295,1.006,25.68
BAT_080,1000,3.5285,1.004,25.82
BAT_080,1020,3.5296,0.9975,25.76
BAT_080,1040,3.5236,1.0033,25.86
BAT_080,1060,3.5282,0.9938,25.79
BAT_080,1080,3.5268,0.9977,25.97
BAT_080,1100,3.5317,0.9934,25.91
BAT_080,1120,3.5283,1.0048,26.02
BAT_080,1140,3.5258,0.9976,25.99
BAT_080,1160,3.523,0.9964,26.01
BAT_080,1180,3.5275,1.0069,26.1
BAT_080,1200,3.5218,0.999,26.09
BAT_080,1220,3.5268,0.9952,26.17
BAT_080,1240,3.5239,1.0041,26.16
BAT_080,1260,3.5268,1.0017,26.21
BAT_080,1280,3.5227,0.9976,26.31
BAT_080,1300,3.5243,0.9988,26.43
BAT_080,1320,3.5233,1.0046,26.4
BAT_080,1340,3.5241,1.0023,26.31
BAT_080,1360,3.5198,1.0039,26.39
BAT_080,1380,3.5206,1.0062,26.46
BAT_080,1400,3.5236,0.9985,26.41
BAT_080,1420,3.5202,1.0044,26.44
BAT_080,1440,3.52,1.003,26.54
BAT_080,1460,3.5206,0.9879,26.59
BAT_080,1480,3.5212,0.9954,26.61
BAT_080,1500,3.5189,0.9999,26.79
BAT_080,1520,3.518,0.9937,26.63
BAT_080,1540,3.5168,1.0003,26.72
BAT_080,1560,3.5169,1.012,26.76
BAT_080,1580,3.5175,0.9983,26.78
BAT_080,1600,3.5154,0.999,26.77
BAT_080,1620,3.5183,0.9962,26.78
BAT_080,1640,3.5156,1.0054,26.89
BAT_080,1660,3.5152,0.9995,26.86
BAT_080,1680,3.5141,1.0015,26.9
BAT_080,1700,3.5136,0.9983,26.97
BAT_080,1720,3.516,0.9975,27.02
BAT_080,1740,3.5154,1.0085,27.05
BAT_080,1760,3.5099,1.0015,27.02
BAT_080,1780,3.5146,1.0007,27.05
BAT_080,1800,3.509,1.0025,27.1
BAT_080,1820,3.5153,0.9931,27.11
BAT_080,1840,3.5099,1.0012,27.28
BAT_080,1860,3.5128,0.994,27.27
BAT_080,1880,3.5093,1.0002,27.35
BAT_080,1900,3.5116,0.9929,27.31
BAT_080,1920,3.5121,0.9921,27.37
BAT_080,1940,3.5112,0.9888,27.4
BAT_080,1960,3.5086,0.9975,27.47
BAT_080,1980,3.5116,0.9972,27.48
BAT_080,2000,3.514,1.0076,27.46
BAT_081,0,3.9929,1.0036,24.77
BAT_081,20,3.9673,1.0047,24.81
BAT_081,40,3.9487,0.9977,24.91
BAT_081,60,3.9297,1.0023,24.97
BAT_081,80,3.9099,1.0037,24.92
BAT_081,100,3.8948,0.9997,24.95
BAT_081,120,3.8808,0.9975,25.02
BAT_081,140,3.8698,0.9932,25.1
BAT_081,160,3.8625,0.9975,25.02
BAT_081,180,3.8482,1.0019,25.06
BAT_081,200,3.8438,1.0046,25.15
BAT_081,220,3.8314,0.9965,25.09
BAT_081,240,3.8228,0.987,25.16
BAT_081,260,3.8148,1.009,25.05
BAT_081,280,3.809,1.0084,25.1
BAT_081,300,3.8043,1.0075,25.11
BAT_081,320,3.8008,1.0011,25.15
BAT_081,340,3.7941,1.0028,25.3
BAT_081,360,3.7944,1.0015,25.21
BAT_081,380,3.7865,1.0014,25.2
BAT_081,400,3.7796,0.9961,25.27
BAT_081,420,3.7787,1.0037,25.28
BAT_081,440,3.7758,1.0059,25.26
BAT_081,460,3.7696,1.0069,25.39
BAT_081,480,3.7691,1.0062,25.38
BAT_081,500,3.7671,1.0082,25.31
BAT_081,520,3.7648,1.0005,25.45
BAT_081,540,3.7646,1.0047,25.38
BAT_081,560,3.7622,1.007,25.44
BAT_081,580,3.76,0.9971,25.48
BAT_081,600,3.7592,0.9883,25.42
BAT_081,620,3.7613,1.0065,25.52
BAT_081,640,3.7588,0.9964,25.58
BAT_081,660,3.7579,0.9977,25.56
BAT_081,680,3.7554,1.0055,25.57
BAT_081,700,3.7553,0.9998,25.59
BAT_081,720,3.7552,1.0073,25.58
BAT_081,740,3.7524,0.9984,25.6
BAT_081,760,3.7515,0.9997,25.66
BAT_081,780,3.7479,1.0038,25.76
BAT_081,800,3.75,0.9895,25.77
BAT_081,820,3.7525,0.9996,25.67
BAT_081,840,3.7461,0.9995,25.76
BAT_081,860,3.7474,0.9999,25.84
BAT_081,880,3.7506,1.0022,25.81
BAT_081,900,3.7459,0.9922,25.92
BAT_081,920,3.7458,0.9993,25.8
BAT_081,940,3.7468,0.9996,25.85
BAT_081,960,3.7465,1.0117,25.9
BAT_081,980,3.7447,1.0029,25.9
BAT_081,1000,3.7442,1.0076,25.95
BAT_081,1020,3.7447,0.9955,25.92
BAT_081,1040,3.7434,0.9993,25.95
BAT_081,1060,3.7426,1.0017,26.04
BAT_081,1080,3.7466,0.9962,25.99
BAT_081,1100,3.7438,0.9981,26.11
BAT_081,1120,3.7411,0.9907,26.19
BAT_081,1140,3.7413,1.003,26.2
BAT_081,1160,3.7411,0.9929,26.16
BAT_081,1180,3.743,1.0025,26.08
BAT_081,1200,3.7408,1.0109,26.13
BAT_081,1220,3.7437,0.9926,26.18
BAT_081,1240,3.7383,1.0055,26.28
BAT_081,1260,3.7416,0.9958,26.28
BAT_081,1280,3.7412,1.0079,26.22
BAT_081,1300,3.7397,1.003,26.3
BAT_081,1320,3.7377,0.998,26.43
BAT_081,1340,3.7411,1.0056,26.37
BAT_081,1360,3.739,0.9983,26.36
BAT_081,1380,3.7383,0.9987,26.33
BAT_081,1400,3.7378,1.0005,26.37
BAT_081,1420,3.7413,1.0079,26.4
BAT_081,1440,3.7358,0.9885,26.47
BAT_081,1460,3.7365,0.9991,26.41
BAT_081,1480,3.7382,0.9948,26.52
BAT_081,1500,3.7367,1.0037,26.5
BAT_081,1520,3.7385,0.9977,26.49
BAT_081,1540,3.7388,1.0002,26.66
BAT_081,1560,3.7367,0.9992,26.7
BAT_081,1580,3.7347,0.994,26.64
BAT_081,1600,3.7336,0.9993,26.56
BAT_081,1620,3.7386,1.0032,26.69
BAT_081,1640,3.7344,0.9927,26.76
BAT_081,1660,3.7368,0.9984,26.66
BAT_081,1680,3.7352,0.997,26.72
BAT_081,1700,3.732,1.0066,26.77
BAT_081,1720,3.7387,1.002,26.78
BAT_081,1740,3.7358,0.9979,26.85
BAT_081,1760,3.7358,1.0067,26.83
BAT_081,1780,3.7336,1.0065,26.85
BAT_081,1800,3.7326,1.0052,26.86
BAT_081,1820,3.7353,1.0058,26.86
BAT_081,1840,3.7332,1.0007,26.92
BAT_081,1860,3.7325,1.0067,26.95
BAT_081,1880,3.7332,1.0002,26.94
BAT_081,1900,3.7333,1.0046,26.94
BAT_081,1920,3.7333,1.0075,27.05
BAT_081,1940,3.7349,1.0006,27.01
BAT_081,1960,3.7309,0.9994,27.17
BAT_081,1980,3.7314,0.996,27.15
BAT_081,2000,3.7335,1.0022,27.13
BAT_082,0,4.0755,1.0057,25.15
BAT_082,20,4.0666,1.0007,25.15
BAT_082,40,4.0544,0.9953,25.14
BAT_082,60,4.0434,0.995,25.17
BAT_082,80,4.0324,1.0004,25.26
BAT_082,100,4.0274,0.9955,25.3
BAT_082,120,4.0196,1.0085,25.16
BAT_082,140,4.0102,1.0004,25.29
BAT_082,160,4.0037,1.0082,25.16
BAT_082,180,3.999,0.9847,25.28
BAT_082,200,3.9952,0.998,25.26
BAT_082,220,3.9903,1.0019,25.32
BAT_082,240,3.9814,1.0017,25.3
BAT_082,260,3.9782,1.0024,25.38
BAT_082,280,3.9765,0.9959,25.33
BAT_082,300,3.9717,0.9968,25.23
BAT_082,320,3.9712,0.993,25.44
BAT_082,340,3.9701,0.9972,25.37
BAT_082,360,3.9725,1.0012,25.44
BAT_082,380,3.9637,1.0036,25.41
BAT_082,400,3.9604,0.9984,25.45
BAT_082,420,3.9609,1.0012,25.41
BAT_082,440,3.9577,1.0038,25.47
BAT_082,460,3.9575,0.9983,25.51
BAT_082,480,3.9542,0.999,25.43
BAT_082,500,3.9497,1.0041,25.53
BAT_082,520,3.9525,1.0017,25.56
BAT_082,540,3.9531,1.0068,25.62
BAT_082,560,3.9508,0.9964,25.58
BAT_082,580,3.9468,0.9995,25.59
BAT_082,600,3.9495,0.9981,25.63
BAT_082,620,3.9454,1.003,25.71
BAT_082,640,3.9484,1.0045,25.65
BAT_082,660,3.9479,1.0058,25.67
BAT_082,680,3.9455,0.9941,25.69
BAT_082,700,3.9429,0.9993,25.7
BAT_082,720,3.9444,0.9938,25.65
BAT_082,740,3.9445,0.9962,25.7
BAT_082,760,3.944,0.9899,25.74
BAT_082,780,3.9411,0.9995,25.73
BAT_082,800,3.9434,0.999,25.9
BAT_082,820,3.9413,0.993,25.69
BAT_082,840,3.9454,1.0028,25.76
BAT_082,860,3.9423,0.9996,25.9
BAT_082,880,3.9425,1.0043,26.0
BAT_082,900,3.9404,0.9923,25.87
BAT_082,920,3.9399,0.9931,25.91
BAT_082,940,3.9423,0.9982,25.87
BAT_082,960,3.9441,0.9899,25.94
BAT_082,980,3.9424,1.0018,25.91
BAT_082,1000,3.9391,1.0041,25.95
BAT_082,1020,3.9396,1.0056,25.95
BAT_082,1040,3.939,1.0092,25.97
BAT_082,1060,3.9386,0.997,26.04
BAT_082,1080,3.9404,0.9956,26.06
BAT_082,1100,3.9424,1.0054,26.09
BAT_082,1120,3.94,1.0024,26.11
BAT_082,1140,3.9414,0.9956,26.1
BAT_082,1160,3.9393,1.0003,26.11
BAT_082,1180,3.9385,1.0031,26.12
BAT_082,1200,3.9394,1.0044,26.11
BAT_082,1220,3.9377,0.9981,26.04
BAT_082,1240,3.9404,0.9908,26.21
BAT_082,1260,3.9387,1.0038,26.16
BAT_082,1280,3.9361,1.0114,26.17
BAT_082,1300,3.9375,0.9981,26.14
BAT_082,1320,3.9368,0.9981,26.2
BAT_082,1340,3.9384,0.9951,26.19
BAT_082,1360,3.9369,0.9965,26.28
BAT_082,1380,3.9336,1.0045,26.21
BAT_082,1400,3.9353,0.9973,26.4
BAT_082,1420,3.9396,0.9984,26.28
BAT_082,1440,3.9386,1.0002,26.34
BAT_082,1460,3.9373,0.9967,26.37
BAT_082,1480,3.9392,1.0046,26.42
BAT_082,1500,3.9361,1.0085,26.34
BAT_082,1520,3.9378,0.9998,26.41
BAT_082,1540,3.9357,0.9967,26.4
BAT_082,1560,3.9349,1.0008,26.41
BAT_082,1580,3.9373,0.995,26.47
BAT_082,1600,3.9347,1.0038,26.41
BAT_082,1620,3.9362,1.0004,26.48
BAT_082,1640,3.9372,1.0019,26.41
BAT_082,1660,3.9385,1.0017,26.42
BAT_082,1680,3.9344,0.9994,26.58
BAT_082,1700,3.9332,1.003,26.48
BAT_082,1720,3.9319,1.0004,26.5
BAT_082,1740,3.9347,0.9965,26.6
BAT_082,1760,3.9314,1.004,26.58
BAT_082,1780,3.9319,1.0113,26.51
BAT_082,1800,3.9365,0.9984,26.73
BAT_082,1820,3.9336,1.0035,26.64
BAT_082,1840,3.9372,1.0033,26.66
BAT_082,1860,3.9325,0.9958,26.69
BAT_082,1880,3.9335,0.997,26.74
BAT_082,1900,3.9313,1.0056,26.69
BAT_082,1920,3.9363,0.9969,26.77
BAT_082,1940,3.9388,1.0023,26.77
BAT_082,1960,3.9375,1.0011,26.73
BAT_082,1980,3.9336,0.9966,26.82
BAT_082,2000,3.9317,0.9986,26.78
BAT_083,0,4.1238,0.9972,24.1
BAT_083,20,4.1157,1.0056,24.22
BAT_083,40,4.1106,1.0004,24.22
BAT_083,60,4.1044,1.0091,24.15
BAT_083,80,4.1022,0.9984,24.2
BAT_083,100,4.0977,0.9963,24.19
BAT_083,120,4.0889,1.0054,24.19
BAT_083,140,4.0861,1.001,24.19
BAT_083,160,4.0802,0.9984,24.21
BAT_083,180,4.0775,1.0017,24.25
BAT_083,200,4.0767,0.9976,24.25
BAT_083,220,4.0732,0.9968,24.27
BAT_083,240,4.0697,0.9969,24.3
BAT_083,260,4.0687,0.9933,24.31
BAT_083,280,4.0658,1.0029,24.27
BAT_083,300,4.0673,0.9922,24.29
BAT_083,320,4.0621,1.0038,24.33
BAT_083,340,4.0568,1.0039,24.32
BAT_083,360,4.0636,0.998,24.33
BAT_083,380,4.0607,0.9997,24.36
BAT_083,400,4.0588,1.0066,24.36
BAT_083,420,4.0603,1.0006,24.37
BAT_083,440,4.0577,1.0015,24.34
BAT_083,460,4.0564,0.9864,24.39
BAT_083,480,4.053,1.0046,24.47
BAT_083,500,4.0554,1.0022,24.32
BAT_083,520,4.0505,0.9951,24.37
BAT_083,540,4.0512,1.0072,24.4
BAT_083,560,4.0482,0.992,24.45
BAT_083,580,4.0504,1.0018,24.42
BAT_083,600,4.0505,1.0101,24.58
BAT_083,620,4.0475,1.0097,24.49
BAT_083,640,4.0496,1.0086,24.39
BAT_083,660,4.0502,0.9961,24.4
BAT_083,680,4.0501,0.9973,24.37
BAT_083,700,4.0459,1.0024,24.58
BAT_083,720,4.0501,0.9975,24.57
BAT_083,740,4.0504,1.0005,24.45
BAT_083,760,4.0485,0.9852,24.5
BAT_083,780,4.049,0.996,24.56
BAT_083,800,4.0482,1.0031,24.46
BAT_083,820,4.0443,0.9985,24.56
BAT_083,840,4.0495,0.9956,24.57
BAT_083,860,4.0461,1.0004,24.5
BAT_083,880,4.0457,0.9915,24.55
BAT_083,900,4.0484,0.9942,24.54
BAT_083,920,4.0472,0.9938,24.69
BAT_083,940,4.0475,1.0011,24.58
BAT_083,960,4.0472,0.9926,24.51
BAT_083,980,4.0451,0.9943,24.58
BAT_083,1000,4.0458,0.9921,24.63
BAT_083,1020,4.0453,1.003,24.65
BAT_083,1040,4.0463,0.9931,24.62
BAT_083,1060,4.0467,1.006,24.64
BAT_083,1080,4.0458,1.0057,24.74
BAT_083,1100,4.0469,0.998,24.64
BAT_083,1120,4.0442,0.9957,24.68
BAT_083,1140,4.0441,0.9996,24.7
BAT_083,1160,4.0464,0.9931,24.7
BAT_083,1180,4.0435,0.9981,24.69
BAT_083,1200,4.0433,1.0042,24.71
BAT_083,1220,4.0463,1.004,24.71
BAT_083,1240,4.0483,0.999,24.63
BAT_083,1260,4.0413,1.0011,24.75
BAT_083,1280,4.0439,1.0092,24.82
BAT_083,1300,4.0463,0.9983,24.81
BAT_083,1320,4.045,1.0022,24.74
BAT_083,1340,4.044,0.9923,24.79
BAT_083,1360,4.0451,1.0015,24.84
BAT_083,1380,4.0443,1.0058,24.79
BAT_083,1400,4.0419,0.999,24.93
BAT_083,1420,4.0476,1.0013,24.76
BAT_083,1440,4.0455,1.0012,24.85
BAT_083,1460,4.046,0.9984,24.84
BAT_083,1480,4.0438,1.0034,24.83
BAT_083,1500,4.0445,0.999,24.81
BAT_083,1520,4.0466,1.0087,24.83
BAT_083,1540,4.0467,1.0032,24.95
BAT_083,1560,4.04,0.9994,24.87
BAT_083,1580,4.0422,1.0,24.98
BAT_083,1600,4.0437,0.9931,24.85
BAT_083,1620,4.0466,1.0043,24.85
BAT_083,1640,4.0432,0.9987,25.0
BAT_083,1660,4.0428,0.9955,24.99
BAT_083,1680,4.0434,0.9992,24.94
BAT_083,1700,4.0453,0.9997,24.95
BAT_083,1720,4.0426,1.0006,24.92
BAT_083,1740,4.0399,1.0049,25.01
BAT_083,1760,4.0437,1.0023,24.98
BAT_083,1780,4.0461,0.9971,25.1
BAT_083,1800,4.0423,0.9974,25.0
BAT_083,1820,4.0435,0.9918,25.11
BAT_083,1840,4.0413,1.0089,25.07
BAT_083,1860,4.0419,0.9937,25.08
BAT_083,1880,4.0426,1.0011,25.06
BAT_083,1900,4.0417,1.0004,25.06
BAT_083,1920,4.0414,1.0082,25.05
BAT_083,1940,4.0395,1.0036,25.16
BAT_083,1960,4.0462,0.9966,25.07
BAT_083,1980,4.0431,1.0022,25.1
BAT_083,2000,4.0446,0.9974,25.15
BAT_084,0,4.1701,1.0016,25.5
BAT_084,20,4.16,1.0048,25.37
BAT_084,40,4.1517,1.0071,25.47
BAT_084,60,4.1412,1.006,25.48
BAT_084,80,4.1393,1.0036,25.4
BAT_084,100,4.1366,1.0069,25.49
BAT_084,120,4.1307,0.9939,25.46
BAT_084,140,4.1243,1.0037,25.41
BAT_084,160,4.1206,1.0061,25.43
BAT_084,180,4.12,1.0028,25.46
BAT_084,200,4.1117,1.0079,25.47
BAT_084,220,4.109,0.9995,25.55
BAT_084,240,4.1103,0.9983,25.41
BAT_084,260,4.1082,1.0005,25.5
BAT_084,280,4.1033,0.9918,25.6
BAT_084,300,4.102,1.0104,25.46
BAT_084,320,4.0975,0.9923,25.6
BAT_084,340,4.0963,1.001,25.5
BAT_084,360,4.0938,0.9965,25.57
BAT_084,380,4.0937,0.9978,25.56
BAT_084,400,4.0923,0.9997,25.51
BAT_084,420,4.0892,0.9934,25.52
BAT_084,440,4.0927,0.9922,25.52
BAT_084,460,4.0954,0.9978,25.64
BAT_084,480,4.0876,0.998,25.58
BAT_084,500,4.0877,1.0024,25.61
BAT_084,520,4.0901,0.9986,25.63
BAT_084,540,4.0855,1.0057,25.55
BAT_084,560,4.0838,0.9963,25.59
BAT_084,580,4.0827,0.9912,25.58
BAT_084,600,4.0858,1.0078,25.61
BAT_084,620,4.0832,1.0004,25.69
BAT_084,640,4.0873,1.0036,25.62
BAT_084,660,4.0858,0.9887,25.68
BAT_084,680,4.0872,1.0042,25.79
BAT_084,700,4.0826,1.0006,25.67
BAT_084,720,4.0849,1.0057,25.68
BAT_084,740,4.0842,1.002,25.7
BAT_084,760,4.0799,1.001,25.74
BAT_084,780,4.0812,0.992,25.76
BAT_084,800,4.0854,0.9988,25.77
BAT_084,820,4.0792,1.0064,25.71
BAT_084,840,4.0841,0.9941,25.75
BAT_084,860,4.0802,0.9906,25.66
BAT_084,880,4.0824,0.9971,25.78
BAT_084,900,4.0819,1.0039,25.73
BAT_084,920,4.0797,0.9987,25.78
BAT_084,940,4.0792,1.0027,25.77
BAT_084,960,4.0807,1.0067,25.82
BAT_084,980,4.0769,0.9943,25.89
BAT_084,1000,4.0835,1.0011,25.74
BAT_084,1020,4.0785,1.0016,25.86
BAT_084,1040,4.0791,1.0032,25.83
BAT_084,1060,4.0786,1.0047,25.72
BAT_084,1080,4.0795,0.9972,25.9
BAT_084,1100,4.0788,0.9936,25.79
BAT_084,1120,4.0759,1.0021,25.77
BAT_084,1140,4.0803,1.0009,25.85
BAT_084,1160,4.0796,1.0021,25.89
BAT_084,1180,4.077,1.0026,25.78
BAT_084,1200,4.0786,0.9941,25.93
BAT_084,1220,4.0798,0.9977,25.86
BAT_084,1240,4.0769,1.0032,25.84
BAT_084,1260,4.08,1.0064,25.79
BAT_084,1280,4.0824,1.0043,25.96
BAT_084,1300,4.0769,0.9917,25.88
BAT_084,1320,4.0779,1.0005,25.85
BAT_084,1340,4.0833,1.0032,25.94
BAT_084,1360,4.0789,0.9903,25.96
BAT_084,1380,4.0771,0.9916,25.88
BAT_084,1400,4.0776,1.0069,26.02
BAT_084,1420,4.0762,1.0044,25.95
BAT_084,1440,4.0796,0.9999,25.92
BAT_084,1460,4.0752,1.0025,25.92
BAT_084,1480,4.0763,1.0035,26.08
BAT_084,1500,4.0811,0.9972,26.07
BAT_084,1520,4.0742,1.0034,25.99
BAT_084,1540,4.0771,1.0016,25.93
BAT_084,1560,4.0757,0.9918,25.94
BAT_084,1580,4.0749,0.9967,26.01
BAT_084,1600,4.0739,1.0013,26.01
BAT_084,1620,4.0762,0.9981,26.06
BAT_084,1640,4.0738,1.0001,26.01
BAT_084,1660,4.0778,1.0025,26.13
BAT_084,1680,4.0766,1.0041,25.97
BAT_084,1700,4.0741,0.9955,25.94
BAT_084,1720,4.0782,0.9983,26.01
BAT_084,1740,4.0769,1.0067,26.02
BAT_084,1760,4.0769,1.0067,26.15
BAT_084,1780,4.0783,0.9985,26.1
BAT_084,1800,4.0765,0.9958,26.03
BAT_084,1820,4.0768,0.9919,26.04
BAT_084,1840,4.0743,1.0042,26.06
BAT_084,1860,4.0752,0.9953,26.11
BAT_084,1880,4.0778,1.0116,26.17
BAT_084,1900,4.0765,0.9944,26.18
BAT_084,1920,4.0711,1.008,26.13
BAT_084,1940,4.0741,1.0034,26.17
BAT_084,1960,4.0769,0.9982,26.06
BAT_084,1980,4.0778,1.0018,26.12
BAT_084,2000,4.0759,1.0077,26.17
BAT_085,0,4.0939,1.0072,24.49
BAT_085,20,4.0848,0.9977,24.4
BAT_085,40,4.0748,0.9982,24.48
BAT_085,60,4.0652,1.0103,24.5
BAT_085,80,4.0604,1.0025,24.38
BAT_085,100,4.0477,0.9983,24.45
BAT_085,120,4.0443,1.008,24.54
BAT_085,140,4.0346,1.0067,24.57
BAT_085,160,4.0296,0.9999,24.64
BAT_085,180,4.0265,1.0061,24.53
BAT_085,200,4.0216,0.9985,24.4
BAT_085,220,4.0205,1.0037,24.54
BAT_085,240,4.0155,1.0049,24.57
BAT_085,260,4.0094,0.998,24.56
BAT_085,280,4.0063,0.9983,24.65
BAT_085,300,4.0026,0.9951,24.65
BAT_085,320,4.003,0.9989,24.58
BAT_085,340,3.9966,1.0062,24.59
BAT_085,360,3.9962,1.0034,24.57
BAT_085,380,3.9931,0.9982,24.7
BAT_085,400,3.996,0.9979,24.72
BAT_085,420,3.9932,1.0018,24.65
BAT_085,440,3.9904,0.9976,24.67
BAT_085,460,3.9933,1.0006,24.7
BAT_085,480,3.9855,0.9989,24.71
BAT_085,500,3.9873,0.9954,24.64
BAT_085,520,3.9863,0.999,24.75
BAT_085,540,3.9846,0.999,24.7
BAT_085,560,3.9829,1.0013,24.7
BAT_085,580,3.9867,1.0023,24.74
BAT_085,600,3.9838,1.0087,24.75
BAT_085,620,3.9827,0.9983,24.7
BAT_085,640,3.9831,1.002,24.87
BAT_085,660,3.9812,0.9986,24.86
BAT_085,680,3.9797,0.9942,24.86
BAT_085,700,3.9797,0.9975,24.86
BAT_085,720,3.9785,1.0081,24.8
BAT_085,740,3.9796,0.9954,24.86
BAT_085,760,3.9788,1.0027,24.86
BAT_085,780,3.9804,1.0062,24.85
BAT_085,800,3.9809,0.996,24.94
BAT_085,820,3.9799,1.0028,24.86
BAT_085,840,3.9777,0.9985,24.89
BAT_085,860,3.9764,0.9997,24.94
BAT_085,880,3.9761,1.0017,24.9
BAT_085,900,3.9732,1.001,25.07
BAT_085,920,3.9792,1.0025,24.97
BAT_085,940,3.9788,1.0039,24.9
BAT_085,960,3.9746,0.9973,24.99
BAT_085,980,3.9766,1.0006,24.96
BAT_085,1000,3.9783,0.9958,25.03
BAT_085,1020,3.9755,1.0001,24.98
BAT_085,1040,3.9757,0.9952,25.03
BAT_085,1060,3.9762,0.9947,25.09
BAT_085,1080,3.9766,0.9978,25.04
BAT_085,1100,3.9745,0.9969,25.12
BAT_085,1120,3.9742,1.0029,25.07
BAT_085,1140,3.9745,1.0051,25.1
BAT_085,1160,3.977,0.9975,25.19
BAT_085,1180,3.9739,1.0091,25.14
BAT_085,1200,3.9731,1.0012,25.2
BAT_085,1220,3.9754,0.9992,25.18
BAT_085,1240,3.9727,0.9965,25.16
BAT_085,1260,3.9758,0.9996,25.18
BAT_085,1280,3.9779,1.0044,25.24
BAT_085,1300,3.9765,1.0004,25.26
BAT_085,1320,3.9746,0.9966,25.2
BAT_085,1340,3.9741,1.0027,25.27
BAT_085,1360,3.9734,1.0029,25.23
BAT_085,1380,3.9745,1.0066,25.24
BAT_085,1400,3.9735,1.0063,25.24
BAT_085,1420,3.9734,0.9994,25.31
BAT_085,1440,3.975,0.9889,25.25
BAT_085,1460,3.9735,0.9998,25.27
BAT_085,1480,3.9731,0.9894,25.22
BAT_085,1500,3.9718,1.0033,25.23
BAT_085,1520,3.9728,1.0011,25.3
BAT_085,1540,3.9735,1.0045,25.35
BAT_085,1560,3.9757,0.9972,25.37
BAT_085,1580,3.9717,1.0039,25.43
BAT_085,1600,3.9716,0.999,25.37
BAT_085,1620,3.9709,0.9987,25.4
BAT_085,1640,3.9686,1.0007,25.39
BAT_085,1660,3.9734,0.995,25.41
BAT_085,1680,3.9729,0.996,25.35
BAT_085,1700,3.9711,1.0027,25.45
BAT_085,1720,3.9743,1.0041,25.47
BAT_085,1740,3.9716,0.9919,25.44
BAT_085,1760,3.9711,0.9972,25.5
BAT_085,1780,3.9707,0.9985,25.35
BAT_085,1800,3.9682,1.0053,25.47
BAT_085,1820,3.9698,1.0015,25.41
BAT_085,1840,3.9715,0.9965,25.53
BAT_085,1860,3.9697,0.9919,25.62
BAT_085,1880,3.9707,0.9912,25.5
BAT_085,1900,3.9704,0.9915,25.56
BAT_085,1920,3.9711,0.9964,25.55
BAT_085,1940,3.9728,1.0002,25.57
BAT_085,1960,3.9689,1.0025,25.57
BAT_085,1980,3.9732,0.9974,25.56
BAT_085,2000,3.9723,0.9952,25.59
BAT_086,0,4.0027,0.9927,24.72
BAT_086,20,3.9757,1.0039,24.73
BAT_086,40,3.9512,0.9976,24.73
BAT_086,60,3.9303,0.995,24.87
BAT_086,80,3.9092,0.9938,24.83
BAT_086,100,3.8929,0.9994,24.86
BAT_086,120,3.8811,1.0019,24.89
BAT_086,140,3.861,0.9966,24.98
BAT_086,160,3.8476,1.0062,24.97
BAT_086,180,3.8368,0.9955,24.92
BAT_086,200,3.8288,1.0014,24.96
BAT_086,220,3.8213,1.003,25.0
BAT_086,240,3.8093,1.0018,24.93
BAT_086,260,3.802,1.0026,25.03
BAT_086,280,3.7909,1.0038,25.17
BAT_086,300,3.7865,0.9989,25.15
BAT_086,320,3.7838,0.9938,25.24
BAT_086,340,3.7781,1.0057,25.1
BAT_086,360,3.773,1.0043,25.23
BAT_086,380,3.7644,0.999,25.14
BAT_086,400,3.7597,0.9974,25.25
BAT_086,420,3.7569,1.0013,25.34
BAT_086,440,3.7557,0.9944,25.25
BAT_086,460,3.7531,1.0033,25.31
BAT_086,480,3.7463,1.0077,25.36
BAT_086,500,3.7447,0.9998,25.37
BAT_086,520,3.7424,0.9952,25.35
BAT_086,540,3.7433,0.9989,25.4
BAT_086,560,3.739,1.0081,25.4
BAT_086,580,3.7386,0.9991,25.45
BAT_086,600,3.7371,0.9957,25.44
BAT_086,620,3.7293,0.996,25.54
BAT_086,640,3.7332,1.0018,25.48
BAT_086,660,3.7311,0.9984,25.61
BAT_086,680,3.7296,1.0121,25.47
BAT_086,700,3.7254,0.996,25.63
BAT_086,720,3.7289,0.9975,25.62
BAT_086,740,3.7262,1.0034,25.58
BAT_086,760,3.7286,0.9961,25.71
BAT_086,780,3.727,1.0002,25.78
BAT_086,800,3.7237,0.9885,25.76
BAT_086,820,3.7231,1.0047,25.81
BAT_086,840,3.7238,0.9935,25.73
BAT_086,860,3.7243,1.0052,25.82
BAT_086,880,3.7211,1.0052,25.81
BAT_086,900,3.7212,1.0069,25.84
BAT_086,920,3.7208,0.994,25.91
BAT_086,940,3.7208,0.9978,25.91
BAT_086,960,3.7217,0.9997,25.99
BAT_086,980,3.7175,1.0009,25.93
BAT_086,1000,3.7162,1.0019,26.01
BAT_086,1020,3.7178,0.9977,26.02
BAT_086,1040,3.7194,0.9862,26.03
BAT_086,1060,3.7164,1.009,26.12
BAT_086,1080,3.715,0.9949,26.11
BAT_086,1100,3.7219,1.0053,26.11
BAT_086,1120,3.7116,0.9963,26.16
BAT_086,1140,3.7183,1.0089,26.04
BAT_086,1160,3.7145,1.0016,26.2
BAT_086,1180,3.716,0.9969,26.12
BAT_086,1200,3.7111,1.0005,26.21
BAT_086,1220,3.7176,0.9989,26.25
BAT_086,1240,3.7127,0.9982,26.22
BAT_086,1260,3.7098,1.0007,26.33
BAT_086,1280,3.7124,1.0021,26.31
BAT_086,1300,3.7119,1.002,26.39
BAT_086,1320,3.7137,0.9943,26.3
BAT_086,1340,3.713,0.9994,26.39
BAT_086,1360,3.7153,1.0078,26.38
BAT_086,1380,3.7122,0.9978,26.41
BAT_086,1400,3.7103,1.0049,26.49
BAT_086,1420,3.7126,0.9952,26.45
BAT_086,1440,3.7138,1.001,26.54
BAT_086,1460,3.7102,0.9957,26.54
BAT_086,1480,3.706,1.0027,26.49
BAT_086,1500,3.7092,1.0002,26.69
BAT_086,1520,3.7118,0.9945,26.61
BAT_086,1540,3.7063,1.0024,26.67
BAT_086,1560,3.7104,0.9977,26.66
BAT_086,1580,3.7103,1.0056,26.73
BAT_086,1600,3.7082,1.0018,26.66
BAT_086,1620,3.708,0.9953,26.74
BAT_086,1640,3.7064,1.0006,26.74
BAT_086,1660,3.7074,1.0078,26.74
BAT_086,1680,3.7099,0.9941,26.83
BAT_086,1700,3.7079,1.0053,26.8
BAT_086,1720,3.7082,1.0018,26.82
BAT_086,1740,3.7094,1.0004,26.87
BAT_086,1760,3.7077,1.0078,26.84
BAT_086,1780,3.7052,0.9992,26.96
BAT_086,1800,3.7064,0.9989,26.96
BAT_086,1820,3.7041,1.0064,27.05
BAT_086,1840,3.707,1.0,27.06
BAT_086,1860,3.7058,0.9953,27.01
BAT_086,1880,3.7061,1.0023,27.09
BAT_086,1900,3.7037,1.0017,27.11
BAT_086,1920,3.7045,0.9936,27.13
BAT_086,1940,3.7055,0.9956,27.09
BAT_086,1960,3.7017,0.9987,27.05
BAT_086,1980,3.7025,1.0048,27.17
BAT_086,2000,3.7026,0.9974,27.21
BAT_087,0,4.1595,0.9935,24.59
BAT_087,20,4.1551,1.0035,24.52
BAT_087,40,4.1484,1.0033,24.63
BAT_087,60,4.145,1.0037,24.68
BAT_087,80,4.138,1.0002,24.66
BAT_087,100,4.1371,1.0102,24.7
BAT_087,120,4.1348,1.0043,24.62
BAT_087,140,4.132,0.9956,24.62
BAT_087,160,4.1307,1.0023,24.7
BAT_087,180,4.1309,1.0008,24.69
BAT_087,200,4.1209,0.9973,24.72
BAT_087,220,4.1242,1.0007,24.71
BAT_087,240,4.1215,0.9993,24.58
BAT_087,260,4.1195,1.0092,24.66
BAT_087,280,4.1148,1.0021,24.75
BAT_087,300,4.1216,0.9971,24.69
BAT_087,320,4.1167,1.0036,24.71
BAT_087,340,4.1126,1.0045,24.75
BAT_087,360,4.1134,0.9957,24.68
BAT_087,380,4.1147,0.9978,24.67
BAT_087,400,4.1106,1.003,24.65
BAT_087,420,4.1123,0.9975,24.7
BAT_087,440,4.1109,0.9978,24.75
BAT_087,460,4.1116,0.9963,24.69
BAT_087,480,4.1084,1.0005,24.69
BAT_087,500,4.1109,1.0029,24.82
BAT_087,520,4.1075,1.0051,24.76
BAT_087,540,4.1084,0.9986,24.83
BAT_087,560,4.1046,0.9996,24.77
BAT_087,580,4.1095,1.0053,24.83
BAT_087,600,4.1077,0.9964,24.88
BAT_087,620,4.1021,0.9987,24.79
BAT_087,640,4.1104,1.0036,24.78
BAT_087,660,4.1078,0.9964,24.86
BAT_087,680,4.1083,0.9998,24.74
BAT_087,700,4.1095,0.9943,24.87
BAT_087,720,4.1023,0.9919,24.88
BAT_087,740,4.1061,0.9976,24.83
BAT_087,760,4.1069,1.0068,24.74
BAT_087,780,4.1066,1.0066,24.92
BAT_087,800,4.1059,0.9965,24.93
BAT_087,820,4.1046,1.0014,24.86
BAT_087,840,4.1095,0.9959,24.99
BAT_087,860,4.1052,1.0114,24.94
BAT_087,880,4.106,1.0031,24.88
BAT_087,900,4.1053,0.9995,24.84
BAT_087,920,4.1031,1.0097,24.95
BAT_087,940,4.1074,0.9959,24.84
BAT_087,960,4.1053,0.9957,24.95
BAT_087,980,4.1067,1.0008,24.89
BAT_087,1000,4.103,1.0045,24.96
BAT_087,1020,4.099,0.9916,24.96
BAT_087,1040,4.1011,1.0032,24.8
BAT_087,1060,4.1075,0.988,25.01
BAT_087,1080,4.1063,1.0057,24.94
BAT_087,1100,4.1039,1.0011,25.05
BAT_087,1120,4.1028,0.9912,25.04
BAT_087,1140,4.1021,1.0025,24.99
BAT_087,1160,4.1039,1.005,25.03
BAT_087,1180,4.1023,1.0074,25.01
BAT_087,1200,4.1037,0.9958,24.92
BAT_087,1220,4.1035,1.0056,24.91
BAT_087,1240,4.1004,0.9961,24.99
BAT_087,1260,4.1036,0.9986,25.05
BAT_087,1280,4.1051,0.9979,25.07
BAT_087,1300,4.104,0.9921,25.07
BAT_087,1320,4.1027,1.0071,25.14
BAT_087,1340,4.1052,0.9988,25.1
BAT_087,1360,4.1053,0.9958,25.05
BAT_087,1380,4.1061,0.9982,25.05
BAT_087,1400,4.1003,0.9978,25.09
BAT_087,1420,4.104,1.0008,24.97
BAT_087,1440,4.1046,1.0063,25.1
BAT_087,1460,4.1011,0.9976,25.08
BAT_087,1480,4.1028,0.9995,25.11
BAT_087,1500,4.1025,0.9962,25.06
BAT_087,1520,4.1027,0.9986,25.06
BAT_087,1540,4.1034,1.0028,25.08
BAT_087,1560,4.1016,0.9934,25.08
BAT_087,1580,4.1041,0.9951,25.15
BAT_087,1600,4.1046,1.0017,25.14
BAT_087,1620,4.1046,0.9961,25.1
BAT_087,1640,4.1036,0.9943,25.2
BAT_087,1660,4.1017,1.0028,25.19
BAT_087,1680,4.1043,1.0011,25.12
BAT_087,1700,4.105,1.0045,25.19
BAT_087,1720,4.1015,0.9925,25.2
BAT_087,1740,4.1062,1.0009,25.2
BAT_087,1760,4.1044,1.0024,25.19
BAT_087,1780,4.0999,1.0107,25.24
BAT_087,1800,4.1046,0.9978,25.13
BAT_087,1820,4.1023,1.0022,25.2
BAT_087,1840,4.1022,0.9995,25.3
BAT_087,1860,4.1041,1.0072,25.27
BAT_087,1880,4.1014,1.0004,25.16
BAT_087,1900,4.1014,1.0035,25.25
BAT_087,1920,4.1018,1.0006,25.28
BAT_087,1940,4.1035,0.9984,25.26
BAT_087,1960,4.1002,1.0046,25.33
BAT_087,1980,4.1015,1.0,25.23
BAT_087,2000,4.1045,0.9935,25.31
BAT_088,0,4.1515,0.9952,24.38
BAT_088,20,4.1453,1.004,24.34
BAT_088,40,4.1336,1.0044,24.28
BAT_088,60,4.129,1.0075,24.34
BAT_088,80,4.1271,1.0025,24.35
BAT_088,100,4.1169,1.0042,24.49
BAT_088,120,4.1135,0.9975,24.39
BAT_088,140,4.1124,1.0014,24.41
BAT_088,160,4.1095,1.0004,24.35
BAT_088,180,4.1069,0.9933,24.41
BAT_088,200,4.1038,1.0017,24.31
BAT_088,220,4.1016,1.0006,24.44
BAT_088,240,4.0956,0.9919,24.42
BAT_088,260,4.0942,1.0019,24.42
BAT_088,280,4.0989,1.0009,24.36
BAT_088,300,4.0946,1.0015,24.38
BAT_088,320,4.0918,1.0111,24.47
BAT_088,340,4.0864,1.0003,24.35
BAT_088,360,4.0888,0.9939,24.42
BAT_088,380,4.0876,0.9956,24.51
BAT_088,400,4.0862,0.9947,24.5
BAT_088,420,4.0852,1.005,24.47
BAT_088,440,4.0835,1.0092,24.44
BAT_088,460,4.0822,1.0009,24.38
BAT_088,480,4.082,1.0074,24.49
BAT_088,500,4.0841,0.9979,24.58
BAT_088,520,4.0833,1.0019,24.41
BAT_088,540,4.0852,1.0086,24.48
BAT_088,560,4.0788,0.9967,24.48
BAT_088,580,4.0832,0.9973,24.51
BAT_088,600,4.0775,1.0016,24.54
BAT_088,620,4.0822,0.9943,24.57
BAT_088,640,4.0802,0.9932,24.54
BAT_088,660,4.0783,0.9992,24.53
BAT_088,680,4.077,0.992,24.47
BAT_088,700,4.0764,0.9992,24.59
BAT_088,720,4.0762,0.9969,24.49
BAT_088,740,4.0817,0.9919,24.55
BAT_088,760,4.0784,0.9934,24.57
BAT_088,780,4.0769,1.0039,24.65
BAT_088,800,4.0756,0.9984,24.59
BAT_088,820,4.081,0.9923,24.62
BAT_088,840,4.0718,1.0026,24.61
BAT_088,860,4.0759,0.9938,24.6
BAT_088,880,4.0735,1.0011,24.52
BAT_088,900,4.0757,1.0027,24.64
BAT_088,920,4.0725,0.9973,24.61
BAT_088,940,4.0754,1.004,24.57
BAT_088,960,4.0769,0.9993,24.62
BAT_088,980,4.074,0.9957,24.61
BAT_088,1000,4.0746,1.0051,24.71
BAT_088,1020,4.0744,1.006,24.79
BAT_088,1040,4.0719,0.999,24.58
BAT_088,1060,4.0741,1.0032,24.7
BAT_088,1080,4.0732,0.9961,24.54
BAT_088,1100,4.0741,0.9961,24.68
BAT_088,1120,4.0781,1.0012,24.71
BAT_088,1140,4.0711,1.0003,24.69
BAT_088,1160,4.0715,1.0068,24.76
BAT_088,1180,4.0715,0.9995,24.68
BAT_088,1200,4.0716,0.9931,24.84
BAT_088,1220,4.073,0.9976,24.71
BAT_088,1240,4.0737,0.9976,24.82
BAT_088,1260,4.0748,1.0061,24.68
BAT_088,1280,4.0722,0.9967,24.71
BAT_088,1300,4.0741,0.9959,24.76
BAT_088,1320,4.0745,1.0092,24.77
BAT_088,1340,4.0743,1.0061,24.79
BAT_088,1360,4.0745,1.0058,24.84
BAT_088,1380,4.0743,0.994,24.78
BAT_088,1400,4.072,0.9983,24.69
BAT_088,1420,4.0712,1.001,24.7
BAT_088,1440,4.0733,0.9929,24.89
BAT_088,1460,4.0743,0.9987,24.87
BAT_088,1480,4.0741,1.0045,24.74
BAT_088,1500,4.0683,1.0028,24.84
BAT_088,1520,4.0725,1.0008,24.82
BAT_088,1540,4.0702,0.9948,24.77
BAT_088,1560,4.0705,0.9992,24.84
BAT_088,1580,4.0752,1.0048,24.95
BAT_088,1600,4.0727,1.006,24.86
BAT_088,1620,4.0727,1.005,24.8
BAT_088,1640,4.0742,1.0004,24.81
BAT_088,1660,4.0724,1.0042,24.77
BAT_088,1680,4.0734,1.0024,24.84
BAT_088,1700,4.0729,0.9991,24.88
BAT_088,1720,4.0715,1.0054,24.9
BAT_088,1740,4.0714,1.0054,24.89
BAT_088,1760,4.0722,0.998,24.86
BAT_088,1780,4.0734,1.0044,24.82
BAT_088,1800,4.0697,0.9943,24.94
BAT_088,1820,4.0689,1.0012,24.96
BAT_088,1840,4.0688,1.0127,24.98
BAT_088,1860,4.074,0.9944,24.95
BAT_088,1880,4.0708,1.0033,24.95
BAT_088,1900,4.0738,1.0023,24.95
BAT_088,1920,4.0757,1.0038,24.95
BAT_088,1940,4.0703,0.9912,24.98
BAT_088,1960,4.0686,0.9941,24.92
BAT_088,1980,4.0712,1.0063,24.98
BAT_088,2000,4.0704,0.9945,25.03
BAT_089,0,3.9535,1.0028,25.33
BAT_089,20,3.9309,0.9975,25.41
BAT_089,40,3.9076,0.9969,25.45
BAT_089,60,3.8869,0.9951,25.47
BAT_089,80,3.8705,0.998,25.51
BAT_089,100,3.8547,0.9982,25.46
BAT_089,120,3.8409,1.003,25.54
BAT_089,140,3.8246,0.9947,25.52
BAT_089,160,3.8154,0.9946,25.52
BAT_089,180,3.8027,1.0024,25.63
BAT_089,200,3.7921,0.9975,25.66
BAT_089,220,3.7875,0.9959,25.66
BAT_089,240,3.7784,0.9981,25.72
BAT_089,260,3.7701,1.0063,25.75
BAT_089,280,3.763,0.9942,25.78
BAT_089,300,3.7515,1.0032,25.79
BAT_089,320,3.7515,1.0019,25.86
BAT_089,340,3.7434,0.997,25.85
BAT_089,360,3.7405,1.002,25.96
BAT_089,380,3.7385,0.9982,25.84
BAT_089,400,3.7342,0.9951,26.05
BAT_089,420,3.7307,1.0017,26.03
BAT_089,440,3.7246,0.9951,26.02
BAT_089,460,3.7242,1.0035,25.97
BAT_089,480,3.7217,1.0006,26.09
BAT_089,500,3.7182,0.9986,26.17
BAT_089,520,3.7138,0.997,26.14
BAT_089,540,3.7103,1.0017,26.26
BAT_089,560,3.7114,0.9926,26.14
BAT_089,580,3.7053,1.0021,26.24
BAT_089,600,3.7061,1.0026,26.23
BAT_089,620,3.7053,1.0019,26.28
BAT_089,640,3.7052,0.9969,26.32
BAT_089,660,3.7067,1.0033,26.3
BAT_089,680,3.7018,1.0037,26.48
BAT_089,700,3.7026,1.0003,26.39
BAT_089,720,3.7016,0.9909,26.51
BAT_089,740,3.7011,0.9988,26.49
BAT_089,760,3.7007,0.9993,26.53
BAT_089,780,3.6979,0.9979,26.52
BAT_089,800,3.698,1.0022,26.53
BAT_089,820,3.6991,1.0056,26.61
BAT_089,840,3.6977,0.9971,26.66
BAT_089,860,3.6944,1.0004,26.65
BAT_089,880,3.6976,0.9978,26.7
BAT_089,900,3.6921,0.9953,26.69
BAT_089,920,3.6923,0.9956,26.75
BAT_089,940,3.6951,0.9966,26.77
BAT_089,960,3.6899,0.9973,26.83
BAT_089,980,3.69,1.0051,26.83
BAT_089,1000,3.6929,0.9926,26.91
BAT_089,1020,3.6948,0.9973,26.93
BAT_089,1040,3.6926,0.998,26.91
BAT_089,1060,3.6889,1.0086,27.07
BAT_089,1080,3.6899,1.0004,26.94
BAT_089,1100,3.6904,1.0047,27.02
BAT_089,1120,3.6923,1.0032,27.17
BAT_089,1140,3.6877,1.0041,27.17
BAT_089,1160,3.6881,0.9996,27.11
BAT_089,1180,3.6907,0.9974,27.21
BAT_089,1200,3.6888,1.005,27.18
BAT_089,1220,3.6862,0.9977,27.3
BAT_089,1240,3.6872,0.9964,27.24
BAT_089,1260,3.6881,1.0038,27.32
BAT_089,1280,3.6863,1.0019,27.21
BAT_089,1300,3.6857,0.9951,27.38
BAT_089,1320,3.6823,0.9958,27.31
BAT_089,1340,3.6866,0.9988,27.35
BAT_089,1360,3.6887,0.9942,27.45
BAT_089,1380,3.6854,1.009,27.47
BAT_089,1400,3.6848,0.9989,27.55
BAT_089,1420,3.682,1.003,27.55
BAT_089,1440,3.6814,1.002,27.58
BAT_089,1460,3.6833,1.0079,27.68
BAT_089,1480,3.6869,1.0028,27.64
BAT_089,1500,3.6814,1.0108,27.64
BAT_089,1520,3.6853,1.0037,27.74
BAT_089,1540,3.6847,1.0004,27.78
BAT_089,1560,3.6823,0.9928,27.78
BAT_089,1580,3.6837,0.9989,27.78
BAT_089,1600,3.6822,1.0055,27.77
BAT_089,1620,3.6885,0.995,27.82
BAT_089,1640,3.683,1.0013,27.94
BAT_089,1660,3.6839,0.9834,27.91
BAT_089,1680,3.6824,0.9937,27.94
BAT_089,1700,3.6823,0.9951,28.01
BAT_089,1720,3.6835,1.0091,27.97
BAT_089,1740,3.6806,0.997,27.99
BAT_089,1760,3.6809,0.9907,28.02
BAT_089,1780,3.6814,0.9956,28.05
BAT_089,1800,3.6851,0.9983,28.05
BAT_089,1820,3.6797,0.9987,28.14
BAT_089,1840,3.6772,1.0004,28.14
BAT_089,1860,3.6783,1.0001,28.21
BAT_089,1880,3.678,1.0019,28.26
BAT_089,1900,3.6776,1.0009,28.19
BAT_089,1920,3.6819,0.9995,28.3
BAT_089,1940,3.6815,1.0084,28.35
BAT_089,1960,3.6783,1.0062,28.38
BAT_089,1980,3.6776,0.9916,28.38
BAT_089,2000,3.6796,1.008,28.41
BAT_090,0,4.0354,0.9907,24.09
BAT_090,20,4.0095,1.0082,24.24
BAT_090,40,3.9908,1.0056,24.18
BAT_090,60,3.972,0.9926,24.12
BAT_090,80,3.9579,0.9979,24.22
BAT_090,100,3.943,1.0015,24.18
BAT_090,120,3.927,0.9846,24.24
BAT_090,140,3.9164,1.0007,24.25
BAT_090,160,3.9048,0.9983,24.26
BAT_090,180,3.8927,1.0032,24.27
BAT_090,200,3.8826,0.9986,24.23
BAT_090,220,3.8736,1.0006,24.34
BAT_090,240,3.8672,1.0001,24.35
BAT_090,260,3.8645,0.9989,24.36
BAT_090,280,3.8567,0.9957,24.38
BAT_090,300,3.8487,0.9995,24.35
BAT_090,320,3.8464,0.993,24.37
BAT_090,340,3.8411,1.0098,24.36
BAT_090,360,3.833,0.9968,24.46
BAT_090,380,3.8286,0.9913,24.45
BAT_090,400,3.8253,1.0013,24.5
BAT_090,420,3.825,0.9973,24.62
BAT_090,440,3.8245,0.9937,24.51
BAT_090,460,3.8193,0.9953,24.58
BAT_090,480,3.8184,1.0084,24.6
BAT_090,500,3.8136,1.0007,24.64
BAT_090,520,3.8161,0.9932,24.69
BAT_090,540,3.8099,0.9954,24.56
BAT_090,560,3.8102,1.0021,24.76
BAT_090,580,3.807,0.9977,24.74
BAT_090,600,3.8069,0.9966,24.82
BAT_090,620,3.8056,1.0016,24.8
BAT_090,640,3.8041,1.01,24.83
BAT_090,660,3.8025,1.0006,24.79
BAT_090,680,3.8043,1.0011,24.7
BAT_090,700,3.8008,1.0115,24.89
BAT_090,720,3.8013,1.0052,24.92
BAT_090,740,3.8031,0.9992,24.79
BAT_090,760,3.8005,1.0043,24.92
BAT_090,780,3.7976,1.0029,24.92
BAT_090,800,3.7992,1.0016,24.93
BAT_090,820,3.7951,1.0004,25.03
BAT_090,840,3.7981,1.0101,25.04
BAT_090,860,3.7971,1.0013,25.09
BAT_090,880,3.7938,0.9989,25.07
BAT_090,900,3.7939,0.9974,25.03
BAT_090,920,3.7957,1.0064,25.14
BAT_090,940,3.7899,0.993,25.07
BAT_090,960,3.7928,0.9926,25.06
BAT_090,980,3.7909,0.9997,25.09
BAT_090,1000,3.7921,0.9867,25.22
BAT_090,1020,3.7905,0.9971,25.22
BAT_090,1040,3.7874,1.0045,25.29
BAT_090,1060,3.7921,0.9924,25.25
BAT_090,1080,3.7916,1.0027,25.22
BAT_090,1100,3.7925,0.9983,25.32
BAT_090,1120,3.7918,0.9996,25.22
BAT_090,1140,3.7912,0.9988,25.35
BAT_090,1160,3.7897,1.0025,25.38
BAT_090,1180,3.7892,1.0047,25.4
BAT_090,1200,3.7882,1.0059,25.42
BAT_090,1220,3.7884,0.9952,25.31
BAT_090,1240,3.7884,1.0032,25.48
BAT_090,1260,3.7889,1.0064,25.46
BAT_090,1280,3.7846,1.001,25.48
BAT_090,1300,3.7893,0.996,25.52
BAT_090,1320,3.7869,1.008,25.57
BAT_090,1340,3.7839,0.9915,25.45
BAT_090,1360,3.7864,0.9985,25.62
BAT_090,1380,3.7841,0.9977,25.62
BAT_090,1400,3.7874,1.0014,25.57
BAT_090,1420,3.7844,0.9985,25.68
BAT_090,1440,3.7816,0.9966,25.76
BAT_090,1460,3.7841,0.9953,25.73
BAT_090,1480,3.7842,1.0041,25.74
BAT_090,1500,3.7834,0.9913,25.74
BAT_090,1520,3.7869,0.9959,25.83
BAT_090,1540,3.7838,0.9949,25.77
BAT_090,1560,3.7861,1.0026,25.83
BAT_090,1580,3.7815,0.9989,25.73
BAT_090,1600,3.789,1.0025,25.81
BAT_090,1620,3.7844,0.9992,25.82
BAT_090,1640,3.7796,1.0001,25.88
BAT_090,1660,3.7774,0.9962,25.85
BAT_090,1680,3.7797,0.9978,25.84
BAT_090,1700,3.7832,0.9998,26.03
BAT_090,1720,3.7839,1.0037,25.98
BAT_090,1740,3.7826,0.997,26.01
BAT_090,1760,3.7815,1.0001,26.1
BAT_090,1780,3.7818,0.9979,26.04
BAT_090,1800,3.7809,0.994,26.09
BAT_090,1820,3.7809,0.9906,26.1
BAT_090,1840,3.7792,1.0011,26.07
BAT_090,1860,3.782,1.0031,26.21
BAT_090,1880,3.7771,0.9992,26.12
BAT_090,1900,3.7792,1.0031,26.2
BAT_090,1920,3.7807,1.0056,26.15
BAT_090,1940,3.7794,0.9929,26.2
BAT_090,1960,3.778,1.0029,26.3
BAT_090,1980,3.7783,1.0031,26.32
BAT_090,2000,3.7778,0.9941,26.34
BAT_091,0,4.0968,0.9899,24.04
BAT_091,20,4.0842,0.9972,24.06
BAT_091,40,4.0793,1.0005,24.11
BAT_091,60,4.0702,0.9931,24.1
BAT_091,80,4.0593,0.9998,24.16
BAT_091,100,4.0548,1.0051,24.04
BAT_091,120,4.0514,1.005,24.13
BAT_091,140,4.0422,0.9868,24.1
BAT_091,160,4.038,0.9961,24.14
BAT_091,180,4.0336,1.007,24.1
BAT_091,200,4.034,1.002,24.14
BAT_091,220,4.0265,0.9988,24.27
BAT_091,240,4.0239,0.9975,24.15
BAT_091,260,4.0236,1.0031,24.19
BAT_091,280,4.0139,1.0021,24.23
BAT_091,300,4.0174,0.9983,24.18
BAT_091,320,4.0101,1.0033,24.22
BAT_091,340,4.0125,0.9988,24.25
BAT_091,360,4.0084,0.9993,24.22
BAT_091,380,4.008,0.9942,24.28
BAT_091,400,4.0037,0.9968,24.29
BAT_091,420,4.0056,1.0013,24.3
BAT_091,440,4.0029,0.9982,24.26
BAT_091,460,4.0008,0.998,24.26
BAT_091,480,4.0012,1.0091,24.31
BAT_091,500,4.0012,0.9996,24.38
BAT_091,520,3.9999,1.007,24.29
BAT_091,540,3.9959,1.0025,24.33
BAT_091,560,4.0005,1.0026,24.39
BAT_091,580,3.9927,0.993,24.4
BAT_091,600,3.996,1.0051,24.36
BAT_091,620,3.9977,1.0025,24.45
BAT_091,640,3.9974,0.9933,24.51
BAT_091,660,3.9941,1.0066,24.38
BAT_091,680,3.9954,0.9933,24.48
BAT_091,700,3.9932,1.0012,24.44
BAT_091,720,3.9934,0.9968,24.55
BAT_091,740,3.9926,0.9958,24.43
BAT_091,760,3.9934,1.0028,24.55
BAT_091,780,3.9937,0.998,24.59
BAT_091,800,3.9906,0.9892,24.57
BAT_091,820,3.9949,1.005,24.54
BAT_091,840,3.9925,0.9988,24.54
BAT_091,860,3.9908,1.0013,24.58
BAT_091,880,3.994,0.9967,24.58
BAT_091,900,3.9897,0.9972,24.58
BAT_091,920,3.9909,1.0013,24.56
BAT_091,940,3.9937,0.9935,24.6
BAT_091,960,3.9895,1.0037,24.64
BAT_091,980,3.9896,0.9978,24.62
BAT_091,1000,3.9897,1.01,24.71
BAT_091,1020,3.9902,0.9918,24.63
BAT_091,1040,3.9875,1.0015,24.67
BAT_091,1060,3.9887,1.0028,24.7
BAT_091,1080,3.9894,1.0007,24.61
BAT_091,1100,3.9872,1.0031,24.68
BAT_091,1120,3.9862,1.0046,24.71
BAT_091,1140,3.9898,0.9971,24.69
BAT_091,1160,3.9881,1.008,24.72
BAT_091,1180,3.9884,1.0028,24.67
BAT_091,1200,3.9918,1.0079,24.73
BAT_091,1220,3.9865,1.0069,24.71
BAT_091,1240,3.9866,0.9937,24.75
BAT_091,1260,3.988,1.0013,24.7
BAT_091,1280,3.9915,1.0082,24.82
BAT_091,1300,3.9923,1.0087,24.75
BAT_091,1320,3.9855,1.0028,24.9
BAT_091,1340,3.9874,1.0014,24.82
BAT_091,1360,3.9865,1.0014,24.9
BAT_091,1380,3.9864,1.0005,24.88
BAT_091,1400,3.9896,0.9966,24.82
BAT_091,1420,3.9853,1.0033,24.93
BAT_091,1440,3.9864,1.0133,24.85
BAT_091,1460,3.9849,0.9931,24.91
BAT_091,1480,3.9847,1.0034,24.95
BAT_091,1500,3.9862,1.0069,24.91
BAT_091,1520,3.9879,0.9988,24.9
BAT_091,1540,3.9874,0.9937,24.92
BAT_091,1560,3.9836,0.9976,24.97
BAT_091,1580,3.9863,0.995,24.97
BAT_091,1600,3.983,1.004,25.06
BAT_091,1620,3.9863,0.9972,25.08
BAT_091,1640,3.9836,0.9985,24.97
BAT_091,1660,3.9861,1.0042,25.03
BAT_091,1680,3.984,0.9923,25.04
BAT_091,1700,3.9867,1.003,25.03
BAT_091,1720,3.9865,0.9949,24.99
BAT_091,1740,3.9898,0.9946,25.05
BAT_091,1760,3.9857,0.9972,25.03
BAT_091,1780,3.9878,1.0024,25.01
BAT_091,1800,3.9875,1.0054,25.14
BAT_091,1820,3.9871,1.0007,25.02
BAT_091,1840,3.9829,0.9919,25.18
BAT_091,1860,3.9823,1.0085,25.15
BAT_091,1880,3.9843,1.0066,25.07
BAT_091,1900,3.9832,1.0028,25.17
BAT_091,1920,3.9828,1.0063,25.22
BAT_091,1940,3.9853,1.0013,25.11
BAT_091,1960,3.9802,1.0059,25.14
BAT_091,1980,3.9879,1.0054,25.13
BAT_091,2000,3.9832,0.9989,25.24
BAT_092,0,4.1594,1.0029,24.77
BAT_092,20,4.1469,1.0042,24.71
BAT_092,40,4.1414,0.9994,24.69
BAT_092,60,4.1371,0.9964,24.84
BAT_092,80,4.1373,0.9983,24.76
BAT_092,100,4.1296,0.9955,24.69
BAT_092,120,4.1241,0.9994,24.85
BAT_092,140,4.1184,1.0004,24.63
BAT_092,160,4.1185,0.9983,24.79
BAT_092,180,4.1125,0.9956,24.69
BAT_092,200,4.1072,1.0011,24.8
BAT_092,220,4.1106,0.9976,24.76
BAT_092,240,4.1049,1.0095,24.8
BAT_092,260,4.1081,1.0,24.82
BAT_092,280,4.0995,0.9975,24.79
BAT_092,300,4.0982,1.0145,24.79
BAT_092,320,4.1026,0.9943,24.86
BAT_092,340,4.1001,0.9946,24.77
BAT_092,360,4.1008,1.0072,24.75
BAT_092,380,4.0946,1.0012,24.82
BAT_092,400,4.0939,0.9962,24.84
BAT_092,420,4.0971,0.9996,24.82
BAT_092,440,4.0943,0.9997,24.88
BAT_092,460,4.0942,1.004,24.89
BAT_092,480,4.0922,1.0002,24.88
BAT_092,500,4.0917,0.995,24.85
BAT_092,520,4.0957,0.9985,24.88
BAT_092,540,4.092,1.0022,24.87
BAT_092,560,4.0889,0.9965,24.85
BAT_092,580,4.0895,0.9981,24.79
BAT_092,600,4.0863,1.008,24.86
BAT_092,620,4.0911,1.0031,24.94
BAT_092,640,4.0902,0.997,24.95
BAT_092,660,4.0892,1.002,24.84
BAT_092,680,4.091,0.9981,24.88
BAT_092,700,4.0906,0.9975,24.9
BAT_092,720,4.0871,1.0033,24.85
BAT_092,740,4.089,0.9987,24.9
BAT_092,760,4.0882,0.9929,24.91
BAT_092,780,4.0875,1.0002,24.94
BAT_092,800,4.0885,0.9901,24.96
BAT_092,820,4.0869,1.003,24.97
BAT_092,840,4.0868,0.9987,24.89
BAT_092,860,4.0853,0.9974,24.94
BAT_092,880,4.0859,0.991,25.02
BAT_092,900,4.0875,1.0056,24.95
BAT_092,920,4.0831,1.0069,25.02
BAT_092,940,4.0828,0.996,24.89
BAT_092,960,4.0825,0.9999,25.0
BAT_092,980,4.0849,0.9996,24.98
BAT_092,1000,4.0839,1.0006,24.94
BAT_092,1020,4.084,1.0063,24.98
BAT_092,1040,4.0897,1.0046,25.01
BAT_092,1060,4.0841,0.9994,24.98
BAT_092,1080,4.0829,0.9933,25.0
BAT_092,1100,4.0884,1.0032,24.96
BAT_092,1120,4.089,0.9999,25.1
BAT_092,1140,4.0833,1.0033,25.06
BAT_092,1160,4.087,0.9997,25.06
BAT_092,1180,4.0804,0.9939,24.93
BAT_092,1200,4.0841,1.0011,25.01
BAT_092,1220,4.0811,0.9959,25.04
BAT_092,1240,4.0829,0.9978,25.0
BAT_092,1260,4.086,0.9913,24.96
BAT_092,1280,4.0876,1.0079,24.96
BAT_092,1300,4.0869,0.9991,24.97
BAT_092,1320,4.0846,0.9969,24.98
BAT_092,1340,4.0862,1.004,25.06
BAT_092,1360,4.0816,1.0051,25.09
BAT_092,1380,4.0813,0.9994,25.08
BAT_092,1400,4.0861,1.0066,25.03
BAT_092,1420,4.0838,0.9961,25.14
BAT_092,1440,4.0838,0.9979,25.01
BAT_092,1460,4.0838,1.0027,25.1
BAT_092,1480,4.0836,0.9945,25.03
BAT_092,1500,4.0835,1.0022,24.98
BAT_092,1520,4.0838,1.0088,25.05
BAT_092,1540,4.0815,0.9927,25.16
BAT_092,1560,4.0831,0.9973,25.08
BAT_092,1580,4.0802,1.0001,25.15
BAT_092,1600,4.082,0.9935,25.05
BAT_092,1620,4.0806,0.9971,25.14
BAT_092,1640,4.0815,0.9932,25.15
BAT_092,1660,4.0836,1.0035,25.07
BAT_092,1680,4.0822,1.0041,25.13
BAT_092,1700,4.0841,1.0039,25.23
BAT_092,1720,4.0847,1.0022,25.14
BAT_092,1740,4.0831,0.9996,25.16
BAT_092,1760,4.0807,1.0011,25.21
BAT_092,1780,4.078,0.9858,25.2
BAT_092,1800,4.0841,0.9957,25.19
BAT_092,1820,4.0815,0.9952,25.16
BAT_092,1840,4.0813,0.9976,25.17
BAT_092,1860,4.0827,0.9961,25.18
BAT_092,1880,4.0836,0.9997,25.28
BAT_092,1900,4.0834,1.0005,25.2
BAT_092,1920,4.0812,0.9971,25.19
BAT_092,1940,4.0807,0.9981,25.15
BAT_092,1960,4.0836,0.996,25.19
BAT_092,1980,4.0857,0.9987,25.26
BAT_092,2000,4.0803,0.9921,25.23
BAT_093,0,4.1713,0.9945,25.34
BAT_093,20,4.1657,1.0,25.26
BAT_093,40,4.1592,1.0035,25.44
BAT_093,60,4.1533,1.0029,25.41
BAT_093,80,4.1513,1.0021,25.31
BAT_093,100,4.1504,1.0008,25.32
BAT_093,120,4.1482,1.0028,25.24
BAT_093,140,4.1396,1.0005,25.34
BAT_093,160,4.1363,0.9998,25.39
BAT_093,180,4.1359,0.9888,25.37
BAT_093,200,4.1288,1.0057,25.28
BAT_093,220,4.1345,1.0018,25.26
BAT_093,240,4.1286,0.9917,25.28
BAT_093,260,4.1292,0.9987,25.29
BAT_093,280,4.1236,0.9985,25.35
BAT_093,300,4.1272,1.0017,25.26
BAT_093,320,4.1183,1.0034,25.44
BAT_093,340,4.1193,1.0057,25.35
BAT_093,360,4.1204,1.0057,25.32
BAT_093,380,4.1175,0.9963,25.39
BAT_093,400,4.1189,0.9993,25.34
BAT_093,420,4.115,0.9965,25.49
BAT_093,440,4.1174,0.9942,25.26
BAT_093,460,4.1201,0.9977,25.44
BAT_093,480,4.1123,1.0014,25.43
BAT_093,500,4.114,1.0019,25.37
BAT_093,520,4.1103,0.9962,25.42
BAT_093,540,4.1152,0.9993,25.38
BAT_093,560,4.1104,1.0036,25.51
BAT_093,580,4.1107,0.9948,25.41
BAT_093,600,4.1144,0.9989,25.41
BAT_093,620,4.1115,1.0014,25.37
BAT_093,640,4.112,1.0059,25.48
BAT_093,660,4.1101,1.0035,25.44
BAT_093,680,4.1102,1.0039,25.49
BAT_093,700,4.1116,0.9946,25.44
BAT_093,720,4.112,1.0071,25.45
BAT_093,740,4.1127,1.0028,25.48
BAT_093,760,4.1094,0.9989,25.48
BAT_093,780,4.1119,1.0017,25.46
BAT_093,800,4.1073,0.9928,25.43
BAT_093,820,4.1107,1.0081,25.51
BAT_093,840,4.1082,0.9998,25.43
BAT_093,860,4.11,1.0084,25.46
BAT_093,880,4.1087,0.9951,25.42
BAT_093,900,4.1066,1.0016,25.5
BAT_093,920,4.1094,1.0006,25.47
BAT_093,940,4.1075,0.9978,25.54
BAT_093,960,4.1078,0.9994,25.53
BAT_093,980,4.1067,1.0038,25.53
BAT_093,1000,4.1076,1.0035,25.49
BAT_093,1020,4.1085,0.9951,25.55
BAT_093,1040,4.1061,1.0018,25.52
BAT_093,1060,4.1035,1.0,25.49
BAT_093,1080,4.1072,1.0025,25.51
BAT_093,1100,4.1075,1.0043,25.58
BAT_093,1120,4.1065,1.0054,25.46
BAT_093,1140,4.1051,0.9966,25.55
BAT_093,1160,4.11,1.0016,25.52
BAT_093,1180,4.107,1.0009,25.69
BAT_093,1200,4.1093,0.9992,25.58
BAT_093,1220,4.1092,1.0003,25.57
BAT_093,1240,4.106,1.0027,25.55
BAT_093,1260,4.1082,0.9981,25.54
BAT_093,1280,4.1077,1.0031,25.6
BAT_093,1300,4.1051,1.001,25.61
BAT_093,1320,4.1077,0.9915,25.56
BAT_093,1340,4.1058,0.9886,25.67
BAT_093,1360,4.1034,0.9926,25.62
BAT_093,1380,4.1083,1.0046,25.64
BAT_093,1400,4.1052,1.0026,25.54
BAT_093,1420,4.1073,1.0017,25.6
BAT_093,1440,4.1074,1.0032,25.69
BAT_093,1460,4.1063,0.9887,25.7
BAT_093,1480,4.1052,1.0034,25.61
BAT_093,1500,4.1068,0.9981,25.66
BAT_093,1520,4.1059,1.0094,25.65
BAT_093,1540,4.11,0.9924,25.61
BAT_093,1560,4.1029,0.9918,25.64
BAT_093,1580,4.1059,0.9976,25.74
BAT_093,1600,4.1047,0.9956,25.59
BAT_093,1620,4.107,1.0031,25.67
BAT_093,1640,4.1061,0.9993,25.7
BAT_093,1660,4.1055,0.9979,25.72
BAT_093,1680,4.1087,1.0045,25.66
BAT_093,1700,4.105,0.9975,25.65
BAT_093,1720,4.1084,0.9897,25.64
BAT_093,1740,4.1024,0.9961,25.69
BAT_093,1760,4.1087,1.001,25.76
BAT_093,1780,4.1045,1.0049,25.81
BAT_093,1800,4.1071,1.0077,25.72
BAT_093,1820,4.1047,1.0029,25.68
BAT_093,1840,4.1057,0.9991,25.69
BAT_093,1860,4.1027,0.9993,25.65
BAT_093,1880,4.1043,0.9997,25.68
BAT_093,1900,4.1041,0.9904,25.78
BAT_093,1920,4.1048,0.9953,25.65
BAT_093,1940,4.1042,1.0057,25.77
BAT_093,1960,4.1044,1.0043,25.72
BAT_093,1980,4.1028,0.9921,25.7
BAT_093,2000,4.1036,0.9986,25.66
BAT_094,0,4.0756,1.0069,24.39
BAT_094,20,4.0569,1.002,24.38
BAT_094,40,4.0446,0.9915,24.57
BAT_094,60,4.0339,1.0013,24.47
BAT_094,80,4.0173,1.0008,24.43
BAT_094,100,4.009,1.0017,24.5
BAT_094,120,3.9993,1.0046,24.48
BAT_094,140,3.9927,0.9956,24.58
BAT_094,160,3.9818,1.0035,24.63
BAT_094,180,3.9769,0.9976,24.59
BAT_094,200,3.9685,1.0066,24.59
BAT_094,220,3.9586,1.0015,24.67
BAT_094,240,3.9525,1.0,24.59
BAT_094,260,3.9492,0.9995,24.62
BAT_094,280,3.9436,0.9992,24.64
BAT_094,300,3.939,1.0045,24.72
BAT_094,320,3.9368,0.9973,24.72
BAT_094,340,3.931,0.9868,24.75
BAT_094,360,3.9308,1.0093,24.6
BAT_094,380,3.93,1.0005,24.7
BAT_094,400,3.9256,0.9996,24.78
BAT_094,420,3.9203,0.9956,24.76
BAT_094,440,3.9231,1.0032,24.75
BAT_094,460,3.9198,0.9982,24.73
BAT_094,480,3.9176,1.0036,24.83
BAT_094,500,3.9163,1.0001,24.79
BAT_094,520,3.915,1.0034,24.9
BAT_094,540,3.9118,1.0034,24.78
BAT_094,560,3.9108,0.9959,24.82
BAT_094,580,3.9096,1.0084,24.86
BAT_094,600,3.9085,1.0036,24.84
BAT_094,620,3.9107,1.0012,24.93
BAT_094,640,3.9093,0.9942,24.89
BAT_094,660,3.905,1.0021,24.9
BAT_094,680,3.9091,0.9952,25.0
BAT_094,700,3.9057,1.0006,24.95
BAT_094,720,3.9063,1.0064,25.0
BAT_094,740,3.9059,0.9946,24.96
BAT_094,760,3.9028,1.0032,24.99
BAT_094,780,3.9041,1.005,24.96
BAT_094,800,3.9046,1.0011,25.03
BAT_094,820,3.9041,1.0013,25.09
BAT_094,840,3.9007,1.0025,25.05
BAT_094,860,3.9019,1.0038,25.05
BAT_094,880,3.9017,1.0039,25.14
BAT_094,900,3.9002,0.9974,25.17
BAT_094,920,3.9023,1.0005,25.1
BAT_094,940,3.8992,1.0016,25.16
BAT_094,960,3.9033,0.9975,25.18
BAT_094,980,3.9,0.9965,25.16
BAT_094,1000,3.9005,1.005,25.1
BAT_094,1020,3.8985,0.9972,25.12
BAT_094,1040,3.8981,1.0087,25.17
BAT_094,1060,3.8967,0.9892,25.18
BAT_094,1080,3.8981,0.9996,25.24
BAT_094,1100,3.8974,1.0054,25.19
BAT_094,1120,3.8978,1.0103,25.29
BAT_094,1140,3.8945,0.9946,25.29
BAT_094,1160,3.8967,1.0013,25.22
BAT_094,1180,3.8973,0.9995,25.36
BAT_094,1200,3.8959,1.0035,25.3
BAT_094,1220,3.8961,0.9944,25.31
BAT_094,1240,3.8954,1.0031,25.27
BAT_094,1260,3.8942,0.9964,25.32
BAT_094,1280,3.8952,1.001,25.4
BAT_094,1300,3.8956,0.999,25.42
BAT_094,1320,3.8976,0.9944,25.42
BAT_094,1340,3.8979,1.0035,25.43
BAT_094,1360,3.8921,0.9961,25.43
BAT_094,1380,3.8909,1.0119,25.53
BAT_094,1400,3.8933,0.993,25.54
BAT_094,1420,3.8964,1.0001,25.44
BAT_094,1440,3.8948,1.0025,25.44
BAT_094,1460,3.8911,1.0037,25.49
BAT_094,1480,3.8921,0.9946,25.46
BAT_094,1500,3.8949,0.9969,25.52
BAT_094,1520,3.8927,0.9892,25.53
BAT_094,1540,3.8975,0.9899,25.59
BAT_094,1560,3.8972,0.9908,25.6
BAT_094,1580,3.8936,1.0015,25.64
BAT_094,1600,3.8941,0.9972,25.55
BAT_094,1620,3.8956,1.0009,25.62
BAT_094,1640,3.896,0.9929,25.66
BAT_094,1660,3.8967,1.0018,25.7
BAT_094,1680,3.8929,0.9834,25.59
BAT_094,1700,3.8903,1.0041,25.65
BAT_094,1720,3.893,0.9914,25.68
BAT_094,1740,3.8931,1.0063,25.69
BAT_094,1760,3.8893,1.0028,25.76
BAT_094,1780,3.8918,0.999,25.82
BAT_094,1800,3.8915,0.9893,25.83
BAT_094,1820,3.8938,0.9957,25.8
BAT_094,1840,3.8912,0.9937,25.8
BAT_094,1860,3.891,1.0024,25.82
BAT_094,1880,3.8869,0.997,25.8
BAT_094,1900,3.892,0.9997,25.76
BAT_094,1920,3.8913,0.9937,25.76
BAT_094,1940,3.8895,1.0011,25.89
BAT_094,1960,3.8904,1.0,25.83
BAT_094,1980,3.8878,1.0027,25.9
BAT_094,2000,3.8891,0.9971,25.89
BAT_095,0,4.1293,1.0042,25.53
BAT_095,20,4.1173,1.0009,25.55
BAT_095,40,4.1069,0.9969,25.53
BAT_095,60,4.0961,0.9911,25.57
BAT_095,80,4.0921,1.0019,25.58
BAT_095,100,4.0817,1.0001,25.65
BAT_095,120,4.0794,1.0015,25.52
BAT_095,140,4.0722,0.9957,25.54
BAT_095,160,4.0655,1.0056,25.68
BAT_095,180,4.058,1.0035,25.64
BAT_095,200,4.0545,0.9964,25.55
BAT_095,220,4.049,0.9967,25.63
BAT_095,240,4.0428,1.0023,25.63
BAT_095,260,4.0436,1.0008,25.71
BAT_095,280,4.0384,0.9978,25.7
BAT_095,300,4.039,1.0081,25.62
BAT_095,320,4.0328,0.9999,25.77
BAT_095,340,4.0321,0.9955,25.7
BAT_095,360,4.0282,1.0038,25.71
BAT_095,380,4.0301,1.0027,25.72
BAT_095,400,4.0273,1.0009,25.75
BAT_095,420,4.0252,0.9984,25.76
BAT_095,440,4.0183,0.9985,25.77
BAT_095,460,4.0214,1.0018,25.8
BAT_095,480,4.0194,1.0095,25.79
BAT_095,500,4.0176,0.9914,25.87
BAT_095,520,4.0138,1.0093,25.9
BAT_095,540,4.0172,1.0091,25.92
BAT_095,560,4.0148,1.0015,25.92
BAT_095,580,4.0168,0.9875,25.97
BAT_095,600,4.0146,1.0018,25.87
BAT_095,620,4.0151,0.9925,25.86
BAT_095,640,4.0131,1.0047,25.96
BAT_095,660,4.0108,0.9927,25.96
BAT_095,680,4.0117,1.0022,25.97
BAT_095,700,4.0081,0.9903,25.95
BAT_095,720,4.0093,1.0019,26.01
BAT_095,740,4.0101,0.9986,26.01
BAT_095,760,4.0073,1.0043,25.97
BAT_095,780,4.0098,1.0058,26.05
BAT_095,800,4.0082,0.9954,26.13
BAT_095,820,4.0053,0.9996,26.01
BAT_095,840,4.0089,0.9943,26.07
BAT_095,860,4.0082,1.0007,25.95
BAT_095,880,4.0059,0.9912,26.04
BAT_095,900,4.0076,1.0015,26.04
BAT_095,920,4.0051,0.9902,26.09
BAT_095,940,4.0056,1.0042,25.99
BAT_095,960,4.0062,1.0103,26.14
BAT_095,980,4.0059,0.9947,26.15
BAT_095,1000,4.0085,0.9916,26.16
BAT_095,1020,4.0079,1.0038,26.17
BAT_095,1040,4.0066,0.9979,26.16
BAT_095,1060,4.0021,1.0009,26.23
BAT_095,1080,4.0056,1.0123,26.31
BAT_095,1100,4.0006,0.9949,26.19
BAT_095,1120,4.0026,1.0023,26.21
BAT_095,1140,4.0046,1.0014,26.26
BAT_095,1160,4.0043,0.9937,26.23
BAT_095,1180,4.0043,0.995,26.24
BAT_095,1200,4.003,1.0036,26.24
BAT_095,1220,4.0065,0.998,26.23
BAT_095,1240,4.0051,0.9993,26.31
BAT_095,1260,4.0037,0.9975,26.3
BAT_095,1280,4.0053,0.996,26.34
BAT_095,1300,4.0038,1.0023,26.34
BAT_095,1320,4.0035,1.0042,26.25
BAT_095,1340,4.0009,0.997,26.37
BAT_095,1360,4.003,1.0005,26.37
BAT_095,1380,4.0028,0.9977,26.42
BAT_095,1400,4.0015,1.0061,26.42
BAT_095,1420,4.0014,0.9945,26.38
BAT_095,1440,4.0008,0.991,26.43
BAT_095,1460,4.0002,0.9924,26.43
BAT_095,1480,4.003,0.9977,26.36
BAT_095,1500,4.0039,1.0043,26.49
BAT_095,1520,4.0003,0.998,26.5
BAT_095,1540,4.0042,0.9991,26.52
BAT_095,1560,4.0028,1.006,26.49
BAT_095,1580,4.0032,0.9954,26.45
BAT_095,1600,4.0031,1.0017,26.53
BAT_095,1620,4.0066,1.0001,26.57
BAT_095,1640,4.001,0.9982,26.59
BAT_095,1660,3.9998,1.0008,26.57
BAT_095,1680,4.0013,0.9993,26.48
BAT_095,1700,4.0018,0.997,26.6
BAT_095,1720,4.0048,0.9956,26.48
BAT_095,1740,4.004,1.0023,26.62
BAT_095,1760,4.0048,0.993,26.55
BAT_095,1780,4.0011,0.9971,26.69
BAT_095,1800,4.0016,0.9981,26.61
BAT_095,1820,4.0007,0.9961,26.7
BAT_095,1840,3.9995,1.0046,26.67
BAT_095,1860,3.9997,1.0056,26.66
BAT_095,1880,4.0006,0.9937,26.68
BAT_095,1900,4.0,0.9917,26.71
BAT_095,1920,4.0006,1.0031,26.71
BAT_095,1940,4.0004,0.9998,26.7
BAT_095,1960,3.9978,0.9958,26.74
BAT_095,1980,3.9967,1.0003,26.78
BAT_095,2000,3.9967,0.9973,26.66
BAT_096,0,4.0976,1.0013,24.23
BAT_096,20,4.0922,0.9984,24.26
BAT_096,40,4.0828,0.997,24.23
BAT_096,60,4.0741,0.9982,24.32
BAT_096,80,4.069,0.9932,24.29
BAT_096,100,4.0602,0.9934,24.36
BAT_096,120,4.053,1.0017,24.31
BAT_096,140,4.0491,0.9979,24.33
BAT_096,160,4.0476,1.0057,24.31
BAT_096,180,4.0392,0.9964,24.4
BAT_096,200,4.0384,0.9979,24.37
BAT_096,220,4.0378,1.002,24.31
BAT_096,240,4.0301,0.9975,24.45
BAT_096,260,4.0286,1.0091,24.36
BAT_096,280,4.0274,0.9971,24.33
BAT_096,300,4.0216,0.999,24.45
BAT_096,320,4.0236,0.9873,24.47
BAT_096,340,4.0208,1.0031,24.48
BAT_096,360,4.0181,1.0045,24.48
BAT_096,380,4.0167,0.9944,24.58
BAT_096,400,4.0135,1.0047,24.52
BAT_096,420,4.0142,1.0043,24.54
BAT_096,440,4.0102,0.9908,24.64
BAT_096,460,4.0119,1.0038,24.51
BAT_096,480,4.0103,1.0004,24.6
BAT_096,500,4.0086,0.999,24.54
BAT_096,520,4.0094,0.9994,24.57
BAT_096,540,4.0088,0.9931,24.48
BAT_096,560,4.0119,1.0007,24.57
BAT_096,580,4.0047,0.9997,24.57
BAT_096,600,4.0088,0.9979,24.5
BAT_096,620,4.0075,1.0009,24.6
BAT_096,640,4.0045,0.9978,24.68
BAT_096,660,4.0013,0.9994,24.54
BAT_096,680,4.0049,1.0008,24.6
BAT_096,700,4.0043,1.0003,24.63
BAT_096,720,4.0064,0.9993,24.69
BAT_096,740,4.0062,0.9975,24.69
BAT_096,760,3.9997,0.9931,24.73
BAT_096,780,4.004,1.0043,24.76
BAT_096,800,4.0006,1.0109,24.71
BAT_096,820,4.0043,0.9986,24.71
BAT_096,840,4.0053,0.9992,24.7
BAT_096,860,4.0013,1.0059,24.82
BAT_096,880,4.0036,1.0019,24.75
BAT_096,900,3.9992,1.0036,24.79
BAT_096,920,3.9998,1.0051,24.78
BAT_096,940,4.0008,1.0096,24.79
BAT_096,960,3.9972,0.9979,24.78
BAT_096,980,3.9983,0.9998,24.86
BAT_096,1000,3.9985,1.006,24.82
BAT_096,1020,4.0008,0.9958,24.77
BAT_096,1040,3.9991,1.0063,24.86
BAT_096,1060,3.9964,1.0136,24.86
BAT_096,1080,3.9999,1.0068,24.88
BAT_096,1100,3.9972,0.9941,24.92
BAT_096,1120,3.999,1.0019,24.92
BAT_096,1140,4.0009,0.9999,24.96
BAT_096,1160,3.9996,0.9917,24.85
BAT_096,1180,4.0006,1.0004,24.95
BAT_096,1200,4.0007,1.0027,25.0
BAT_096,1220,3.9977,0.9982,25.0
BAT_096,1240,3.9961,1.0039,24.93
BAT_096,1260,3.9988,0.9981,25.02
BAT_096,1280,4.0009,1.0017,25.13
BAT_096,1300,3.9992,1.0035,24.98
BAT_096,1320,3.9958,1.0113,25.01
BAT_096,1340,3.9943,0.9993,24.98
BAT_096,1360,4.0018,1.0043,24.92
BAT_096,1380,3.9947,1.0028,25.11
BAT_096,1400,3.9988,1.0063,25.08
BAT_096,1420,4.001,1.0039,25.07
BAT_096,1440,3.9994,1.0064,25.0
BAT_096,1460,3.9983,1.0027,25.05
BAT_096,1480,3.9979,1.0028,25.1
BAT_096,1500,3.9968,1.001,25.2
BAT_096,1520,4.0021,1.0032,25.14
BAT_096,1540,3.9944,0.9941,25.15
BAT_096,1560,3.9963,1.0063,25.19
BAT_096,1580,3.9956,1.0008,25.11
BAT_096,1600,3.9974,1.0043,25.13
BAT_096,1620,3.9982,1.0028,25.26
BAT_096,1640,3.9974,1.0033,25.19
BAT_096,1660,3.9972,0.9999,25.24
BAT_096,1680,3.9939,1.0081,25.22
BAT_096,1700,3.9989,0.9966,25.26
BAT_096,1720,3.9945,1.0074,25.24
BAT_096,1740,3.9964,1.0054,25.22
BAT_096,1760,3.9976,1.0057,25.31
BAT_096,1780,3.9928,1.0031,25.26
BAT_096,1800,3.9991,0.9958,25.29
BAT_096,1820,3.9954,0.9992,25.39
BAT_096,1840,3.9958,0.9973,25.3
BAT_096,1860,3.9956,0.9975,25.35
BAT_096,1880,3.9968,0.9992,25.29
BAT_096,1900,3.9953,1.0034,25.37
BAT_096,1920,3.9959,1.0052,25.41
BAT_096,1940,3.9927,0.9895,25.38
BAT_096,1960,3.9927,1.0024,25.48
BAT_096,1980,3.992,0.9981,25.41
BAT_096,2000,3.9932,1.0039,25.38
BAT_097,0,4.1338,1.0074,25.32
BAT_097,20,4.1255,0.9947,25.22
BAT_097,40,4.119,1.005,25.35
BAT_097,60,4.1084,0.9972,25.29
BAT_097,80,4.1011,0.9924,25.26
BAT_097,100,4.0969,1.0054,25.33
BAT_097,120,4.091,1.0023,25.28
BAT_097,140,4.0806,0.9944,25.38
BAT_097,160,4.0729,1.0053,25.37
BAT_097,180,4.0744,1.0012,25.31
BAT_097,200,4.0636,0.994,25.22
BAT_097,220,4.0654,1.0005,25.41
BAT_097,240,4.0612,1.0019,25.35
BAT_097,260,4.0593,1.0032,25.44
BAT_097,280,4.0524,0.9959,25.37
BAT_097,300,4.0531,1.0045,25.36
BAT_097,320,4.0486,1.0108,25.34
BAT_097,340,4.0467,0.99,25.41
BAT_097,360,4.0444,0.9977,25.46
BAT_097,380,4.0411,1.0036,25.41
BAT_097,400,4.0423,0.9977,25.39
BAT_097,420,4.0415,1.0027,25.36
BAT_097,440,4.0392,0.9931,25.42
BAT_097,460,4.0352,1.0013,25.53
BAT_097,480,4.039,1.0068,25.48
BAT_097,500,4.0353,1.001,25.42
BAT_097,520,4.0315,0.9956,25.43
BAT_097,540,4.0326,0.9989,25.49
BAT_097,560,4.0344,1.0071,25.51
BAT_097,580,4.0336,1.0059,25.51
BAT_097,600,4.0323,0.9977,25.46
BAT_097,620,4.0346,1.0019,25.54
BAT_097,640,4.0292,1.013,25.51
BAT_097,660,4.0331,1.0003,25.56
BAT_097,680,4.0308,1.0011,25.59
BAT_097,700,4.0258,1.0058,25.57
BAT_097,720,4.0307,1.0083,25.61
BAT_097,740,4.0268,1.004,25.51
BAT_097,760,4.0316,0.996,25.46
BAT_097,780,4.0273,0.9976,25.56
BAT_097,800,4.0257,0.9977,25.6
BAT_097,820,4.0255,0.9985,25.57
BAT_097,840,4.0316,0.9939,25.59
BAT_097,860,4.0277,0.9974,25.49
BAT_097,880,4.0264,1.001,25.51
BAT_097,900,4.0246,0.9995,25.6
BAT_097,920,4.0274,1.0031,25.63
BAT_097,940,4.0218,0.9957,25.57
BAT_097,960,4.0262,0.9962,25.58
BAT_097,980,4.0249,0.9983,25.67
BAT_097,1000,4.0224,0.9907,25.67
BAT_097,1020,4.0238,1.0058,25.63
BAT_097,1040,4.0242,0.9933,25.68
BAT_097,1060,4.0237,0.9992,25.69
BAT_097,1080,4.0262,0.9963,25.66
BAT_097,1100,4.0237,1.0016,25.6
BAT_097,1120,4.0255,1.0107,25.7
BAT_097,1140,4.026,1.0015,25.67
BAT_097,1160,4.0238,1.0014,25.74
BAT_097,1180,4.0212,0.9947,25.74
BAT_097,1200,4.0214,1.0024,25.78
BAT_097,1220,4.0265,0.9961,25.79
BAT_097,1240,4.021,1.0036,25.72
BAT_097,1260,4.0252,0.9994,25.79
BAT_097,1280,4.021,1.0026,25.77
BAT_097,1300,4.0225,0.9945,25.7
BAT_097,1320,4.0234,0.9926,25.83
BAT_097,1340,4.0216,0.9947,25.72
BAT_097,1360,4.0227,0.995,25.78
BAT_097,1380,4.0245,1.0023,25.9
BAT_097,1400,4.0209,0.9962,25.83
BAT_097,1420,4.0206,0.9978,25.84
BAT_097,1440,4.0244,0.9874,25.85
BAT_097,1460,4.0238,1.0044,25.86
BAT_097,1480,4.0191,0.9946,25.85
BAT_097,1500,4.0224,1.006,25.86
BAT_097,1520,4.0204,0.9976,25.84
BAT_097,1540,4.0207,0.9999,25.83
BAT_097,1560,4.0207,0.994,25.79
BAT_097,1580,4.0219,0.9984,25.89
BAT_097,1600,4.0228,0.9983,25.87
BAT_097,1620,4.0171,1.0033,25.95
BAT_097,1640,4.0198,1.0015,25.94
BAT_097,1660,4.0229,0.9981,26.01
BAT_097,1680,4.0262,0.9991,25.89
BAT_097,1700,4.0195,1.0012,25.83
BAT_097,1720,4.0242,0.995,25.89
BAT_097,1740,4.0205,0.9981,25.88
BAT_097,1760,4.0201,0.9983,26.05
BAT_097,1780,4.0148,1.0041,25.93
BAT_097,1800,4.0203,1.0008,25.93
BAT_097,1820,4.0199,0.9947,25.93
BAT_097,1840,4.0216,1.0084,25.92
BAT_097,1860,4.0195,0.9937,26.05
BAT_097,1880,4.0187,0.9984,26.0
BAT_097,1900,4.0193,1.0026,25.91
BAT_097,1920,4.0198,1.0019,26.01
BAT_097,1940,4.0165,1.0069,26.03
BAT_097,1960,4.0222,1.0054,26.0
BAT_097,1980,4.0169,0.9994,26.01
BAT_097,2000,4.0224,1.0109,25.95
BAT_098,0,4.1084,1.0059,25.37
BAT_098,20,4.0915,0.9965,25.37
BAT_098,40,4.0784,0.9946,25.47
BAT_098,60,4.0685,0.9993,25.36
BAT_098,80,4.0588,0.9987,25.39
BAT_098,100,4.0528,1.0014,25.42
BAT_098,120,4.0431,1.0037,25.39
BAT_098,140,4.0383,1.0016,25.46
BAT_098,160,4.0282,0.9974,25.45
BAT_098,180,4.0244,1.0017,25.35
BAT_098,200,4.0176,1.0054,25.44
BAT_098,220,4.0131,1.0016,25.48
BAT_098,240,4.0039,0.9995,25.49
BAT_098,260,4.0,0.9961,25.53
BAT_098,280,3.9976,0.9928,25.52
BAT_098,300,3.9968,0.9959,25.5
BAT_098,320,3.9879,1.0098,25.6
BAT_098,340,3.9907,0.9993,25.55
BAT_098,360,3.9899,0.9994,25.49
BAT_098,380,3.9875,0.9943,25.56
BAT_098,400,3.9837,0.9975,25.61
BAT_098,420,3.9815,1.0033,25.62
BAT_098,440,3.9825,0.993,25.59
BAT_098,460,3.9799,1.0003,25.62
BAT_098,480,3.978,1.0016,25.7
BAT_098,500,3.9771,0.9955,25.69
BAT_098,520,3.9778,0.9903,25.68
BAT_098,540,3.9725,0.9998,25.62
BAT_098,560,3.9733,1.0025,25.72
BAT_098,580,3.971,1.0007,25.69
BAT_098,600,3.9708,0.9922,25.72
BAT_098,620,3.9692,1.0045,25.61
BAT_098,640,3.973,0.9951,25.66
BAT_098,660,3.9703,0.9995,25.68
BAT_098,680,3.9707,1.0077,25.8
BAT_098,700,3.9685,0.9979,25.74
BAT_098,720,3.967,0.9974,25.8
BAT_098,740,3.9621,1.0028,25.75
BAT_098,760,3.9672,1.0048,25.82
BAT_098,780,3.9661,1.0072,25.8
BAT_098,800,3.965,1.0034,25.8
BAT_098,820,3.9656,0.9943,25.74
BAT_098,840,3.9617,0.9947,25.79
BAT_098,860,3.9648,1.0003,25.8
BAT_098,880,3.9615,1.0032,25.89
BAT_098,900,3.9624,0.9998,25.84
BAT_098,920,3.9627,1.0039,25.79
BAT_098,940,3.9657,0.9943,25.89
BAT_098,960,3.9636,0.9957,25.88
BAT_098,980,3.9635,0.9953,25.9
BAT_098,1000,3.9599,0.9992,25.86
BAT_098,1020,3.9583,0.9989,25.9
BAT_098,1040,3.9618,0.9976,25.97
BAT_098,1060,3.9629,1.0007,25.88
BAT_098,1080,3.9597,1.0,25.97
BAT_098,1100,3.9631,1.0008,25.85
BAT_098,1120,3.965,0.9938,25.92
BAT_098,1140,3.9615,1.0066,25.84
BAT_098,1160,3.9591,0.9971,26.03
BAT_098,1180,3.9627,1.004,25.98
BAT_098,1200,3.9607,0.9965,26.0
BAT_098,1220,3.963,1.0014,26.02
BAT_098,1240,3.9579,1.0038,25.97
BAT_098,1260,3.9572,1.002,26.06
BAT_098,1280,3.956,0.9917,26.06
BAT_098,1300,3.962,1.002,26.09
BAT_098,1320,3.9627,1.0048,26.09
BAT_098,1340,3.9584,1.0035,26.09
BAT_098,1360,3.9599,1.0029,26.08
BAT_098,1380,3.9595,0.9926,26.07
BAT_098,1400,3.9573,1.0001,26.05
BAT_098,1420,3.9565,1.0026,26.19
BAT_098,1440,3.9579,0.9956,26.16
BAT_098,1460,3.9596,1.0016,26.17
BAT_098,1480,3.9587,1.0061,26.16
BAT_098,1500,3.9581,1.002,26.21
BAT_098,1520,3.9611,1.0003,26.27
BAT_098,1540,3.9576,0.9924,26.11
BAT_098,1560,3.9549,1.0015,26.16
BAT_098,1580,3.9578,0.9955,26.2
BAT_098,1600,3.9561,0.9989,26.25
BAT_098,1620,3.9574,1.0033,26.15
BAT_098,1640,3.9534,1.0032,26.22
BAT_098,1660,3.9562,0.9901,26.21
BAT_098,1680,3.9567,1.0026,26.17
BAT_098,1700,3.9536,0.9987,26.24
BAT_098,1720,3.958,0.9997,26.27
BAT_098,1740,3.9555,0.9929,26.22
BAT_098,1760,3.961,1.0001,26.26
BAT_098,1780,3.9578,0.9995,26.29
BAT_098,1800,3.9582,1.0003,26.23
BAT_098,1820,3.9518,0.9958,26.23
BAT_098,1840,3.9564,0.9997,26.3
BAT_098,1860,3.953,1.0012,26.39
BAT_098,1880,3.9549,1.0023,26.35
BAT_098,1900,3.9543,1.005,26.34
BAT_098,1920,3.9545,1.01,26.39
BAT_098,1940,3.9552,1.0022,26.4
BAT_098,1960,3.9564,1.0027,26.43
BAT_098,1980,3.9569,0.9987,26.35
BAT_098,2000,3.9515,0.9945,26.51
BAT_099,0,4.0131,0.9973,25.01
BAT_099,20,3.9909,0.9988,25.11
BAT_099,40,3.9727,1.0093,25.07
BAT_099,60,3.9489,1.002,25.03
BAT_099,80,3.9327,1.0032,25.03
BAT_099,100,3.9141,0.9953,25.15
BAT_099,120,3.9029,1.0043,25.02
BAT_099,140,3.8882,0.9863,25.15
BAT_099,160,3.8765,0.9977,25.21
BAT_099,180,3.8587,0.9925,25.19
BAT_099,200,3.8548,0.9973,25.28
BAT_099,220,3.8485,0.9966,25.26
BAT_099,240,3.8462,1.0063,25.22
BAT_099,260,3.8299,1.0068,25.26
BAT_099,280,3.8274,1.0025,25.36
BAT_099,300,3.8197,0.9948,25.26
BAT_099,320,3.8136,0.9952,25.34
BAT_099,340,3.8094,1.0053,25.33
BAT_099,360,3.8039,1.007,25.4
BAT_099,380,3.8013,0.9984,25.4
BAT_099,400,3.7963,1.0108,25.45
BAT_099,420,3.7941,1.0046,25.44
BAT_099,440,3.7897,0.9968,25.44
BAT_099,460,3.7864,1.0017,25.44
BAT_099,480,3.7823,1.0017,25.56
BAT_099,500,3.7835,0.9952,25.55
BAT_099,520,3.7793,0.995,25.54
BAT_099,540,3.7808,0.9992,25.56
BAT_099,560,3.7791,1.0011,25.61
BAT_099,580,3.7783,1.0014,25.61
BAT_099,600,3.7723,1.0043,25.68
BAT_099,620,3.773,0.9989,25.67
BAT_099,640,3.7672,0.9935,25.78
BAT_099,660,3.7686,1.0007,25.65
BAT_099,680,3.7619,1.0029,25.71
BAT_099,700,3.7636,1.0002,25.73
BAT_099,720,3.7672,0.9974,25.81
BAT_099,740,3.7641,1.0035,25.78
BAT_099,760,3.7636,0.9981,25.76
BAT_099,780,3.7632,0.9983,25.8
BAT_099,800,3.7655,1.0039,25.83
BAT_099,820,3.7652,0.9926,25.84
BAT_099,840,3.7625,1.0009,26.0
BAT_099,860,3.761,0.9939,25.98
BAT_099,880,3.7601,0.9943,25.99
BAT_099,900,3.7589,1.0088,25.99
BAT_099,920,3.7583,0.9977,25.94
BAT_099,940,3.7596,0.9939,26.01
BAT_099,960,3.7548,0.9988,26.14
BAT_099,980,3.7589,0.9979,26.1
BAT_099,1000,3.7562,1.0113,26.09
BAT_099,1020,3.7569,0.9934,26.12
BAT_099,1040,3.7553,1.0013,26.1
BAT_099,1060,3.7571,0.9981,26.13
BAT_099,1080,3.7577,1.0092,26.26
BAT_099,1100,3.7593,0.9983,26.16
BAT_099,1120,3.7574,1.0029,26.23
BAT_099,1140,3.7547,0.995,26.29
BAT_099,1160,3.7558,1.0016,26.2
BAT_099,1180,3.7574,1.0065,26.3
BAT_099,1200,3.7566,0.9993,26.31
BAT_099,1220,3.752,1.0093,26.36
BAT_099,1240,3.7555,0.993,26.43
BAT_099,1260,3.7536,1.0028,26.32
BAT_099,1280,3.7516,1.0046,26.39
BAT_099,1300,3.7532,1.005,26.3
BAT_099,1320,3.7541,0.9996,26.4
BAT_099,1340,3.7502,1.0074,26.49
BAT_099,1360,3.7483,1.0127,26.51
BAT_099,1380,3.753,0.9999,26.47
BAT_099,1400,3.7553,0.9965,26.56
BAT_099,1420,3.7518,0.9933,26.54
BAT_099,1440,3.7534,0.9919,26.51
BAT_099,1460,3.7541,1.0025,26.67
BAT_099,1480,3.7471,1.0041,26.7
BAT_099,1500,3.7491,1.0045,26.69
BAT_099,1520,3.7499,1.0031,26.69
BAT_099,1540,3.7507,0.997,26.65
BAT_099,1560,3.7491,1.0056,26.71
BAT_099,1580,3.7498,1.0041,26.63
BAT_099,1600,3.7463,0.9921,26.78
BAT_099,1620,3.7493,0.9988,26.68
BAT_099,1640,3.7482,1.0015,26.71
BAT_099,1660,3.7462,1.0062,26.89
BAT_099,1680,3.7465,1.0008,26.86
BAT_099,1700,3.7478,0.9943,26.92
BAT_099,1720,3.7449,1.0001,26.92
BAT_099,1740,3.7461,0.9969,26.99
BAT_099,1760,3.7447,0.9868,26.93
BAT_099,1780,3.7475,0.9954,26.95
BAT_099,1800,3.7502,0.9974,26.98
BAT_099,1820,3.7444,0.9844,26.98
BAT_099,1840,3.7454,1.0046,27.02
BAT_099,1860,3.7497,1.002,27.16
BAT_099,1880,3.7465,0.9986,27.0
BAT_099,1900,3.7463,1.0022,27.11
BAT_099,1920,3.7435,1.0078,27.08
BAT_099,1940,3.7448,1.0058,27.18
BAT_099,1960,3.7435,1.0083,27.26
BAT_099,1980,3.7417,1.0013,27.16
BAT_099,2000,3.7472,0.9954,27.17
BAT_100,0,4.0713,0.9993,24.6
BAT_100,20,4.0487,0.9889,24.63
BAT_100,40,4.0368,1.001,24.64
BAT_100,60,4.0244,0.9984,24.57
BAT_100,80,4.0104,1.0027,24.58
BAT_100,100,3.9981,0.9965,24.7
BAT_100,120,3.9856,0.9948,24.66
BAT_100,140,3.971,0.998,24.67
BAT_100,160,3.9665,1.0007,24.72
BAT_100,180,3.9599,1.0021,24.69
BAT_100,200,3.9539,1.0036,24.75
BAT_100,220,3.9454,1.0002,24.62
BAT_100,240,3.9377,0.9969,24.71
BAT_100,260,3.9344,1.0057,24.81
BAT_100,280,3.9272,1.0008,24.82
BAT_100,300,3.9222,1.0012,24.92
BAT_100,320,3.9186,0.9951,24.83
BAT_100,340,3.9109,0.9949,24.87
BAT_100,360,3.9119,1.002,24.86
BAT_100,380,3.9101,1.0012,24.83
BAT_100,400,3.9046,0.9944,24.86
BAT_100,420,3.906,0.9971,25.0
BAT_100,440,3.9042,0.9978,24.9
BAT_100,460,3.8988,1.0054,24.87
BAT_100,480,3.8968,1.0077,24.97
BAT_100,500,3.8976,1.005,25.03
BAT_100,520,3.8957,1.0024,25.05
BAT_100,540,3.8902,1.0056,25.11
BAT_100,560,3.8908,0.9946,25.07
BAT_100,580,3.8905,1.0025,25.09
BAT_100,600,3.8894,0.9952,25.16
BAT_100,620,3.8879,1.0049,25.13
BAT_100,640,3.8846,1.0025,25.17
BAT_100,660,3.886,1.0002,25.13
BAT_100,680,3.8855,1.0019,25.15
BAT_100,700,3.8839,1.0043,25.15
BAT_100,720,3.8834,1.0088,25.26
BAT_100,740,3.8825,0.997,25.16
BAT_100,760,3.8843,1.0025,25.35
BAT_100,780,3.8822,1.0034,25.3
BAT_100,800,3.8804,1.0082,25.34
BAT_100,820,3.8836,0.9967,25.3
BAT_100,840,3.88,1.0009,25.35
BAT_100,860,3.8803,0.9932,25.38
BAT_100,880,3.8806,0.999,25.4
BAT_100,900,3.878,0.9993,25.42
BAT_100,920,3.8811,1.0018,25.37
BAT_100,940,3.8795,1.0003,25.4
BAT_100,960,3.8808,0.9926,25.43
BAT_100,980,3.8813,0.9878,25.52
BAT_100,1000,3.8793,1.0003,25.37
BAT_100,1020,3.8785,0.9984,25.49
BAT_100,1040,3.8784,0.9999,25.48
BAT_100,1060,3.8815,1.0082,25.51
BAT_100,1080,3.8786,1.0064,25.56
BAT_100,1100,3.8779,1.0048,25.57
BAT_100,1120,3.8781,0.9982,25.64
BAT_100,1140,3.8723,1.0059,25.54
BAT_100,1160,3.875,1.0054,25.7
BAT_100,1180,3.8759,1.0161,25.69
BAT_100,1200,3.8759,1.0034,25.67
BAT_100,1220,3.8745,1.001,25.73
BAT_100,1240,3.8748,1.0049,25.72
BAT_100,1260,3.8745,1.0012,25.78
BAT_100,1280,3.8755,0.9993,25.69
BAT_100,1300,3.8742,0.9976,25.85
BAT_100,1320,3.8739,0.9981,25.73
BAT_100,1340,3.874,0.9961,25.83
BAT_100,1360,3.8699,0.9968,25.75
BAT_100,1380,3.8718,1.0063,25.88
BAT_100,1400,3.8695,1.0049,25.9
BAT_100,1420,3.8729,1.0032,25.85
BAT_100,1440,3.8713,0.9987,25.86
BAT_100,1460,3.8737,1.0072,25.84
BAT_100,1480,3.8723,1.0041,25.99
BAT_100,1500,3.8733,0.9935,25.95
BAT_100,1520,3.8711,0.9992,25.93
BAT_100,1540,3.8723,1.0022,25.85
BAT_100,1560,3.8733,0.9948,25.96
BAT_100,1580,3.8699,1.0129,26.06
BAT_100,1600,3.8689,1.003,26.02
BAT_100,1620,3.8698,1.0026,26.06
BAT_100,1640,3.8685,0.998,26.05
BAT_100,1660,3.8697,1.0053,26.07
BAT_100,1680,3.8701,0.9989,26.17
BAT_100,1700,3.8713,0.9974,26.12
BAT_100,1720,3.8722,0.9972,26.13
BAT_100,1740,3.8676,1.0003,26.15
BAT_100,1760,3.8679,1.0082,26.16
BAT_100,1780,3.8696,1.0081,26.19
BAT_100,1800,3.8662,1.0031,26.18
BAT_100,1820,3.8681,1.0023,26.26
BAT_100,1840,3.8711,1.0078,26.28
BAT_100,1860,3.867,1.0067,26.32
BAT_100,1880,3.8682,1.0064,26.2
BAT_100,1900,3.8699,0.9956,26.21
BAT_100,1920,3.8673,0.9968,26.29
BAT_100,1940,3.8697,0.9951,26.3
BAT_100,1960,3.8652,0.9987,26.29
BAT_100,1980,3.8671,1.0023,26.32
BAT_100,2000,3.8691,1.0006,26.38
BAT_101,0,4.168,0.9956,25.16
BAT_101,20,4.1652,0.9937,25.18
BAT_101,40,4.1656,0.9963,25.18
BAT_101,60,4.1606,1.0041,25.2
BAT_101,80,4.1609,0.9937,25.23
BAT_101,100,4.1564,0.9995,25.25
BAT_101,120,4.1511,0.9989,25.32
BAT_101,140,4.1513,0.9909,25.35
BAT_101,160,4.1516,0.996,25.32
BAT_101,180,4.1551,1.0034,25.15
BAT_101,200,4.1503,1.0063,25.37
BAT_101,220,4.1484,0.9967,25.34
BAT_101,240,4.1505,0.9961,25.2
BAT_101,260,4.1452,0.9966,25.37
BAT_101,280,4.147,1.008,25.25
BAT_101,300,4.1419,1.005,25.28
BAT_101,320,4.1441,1.0008,25.33
BAT_101,340,4.145,0.998,25.36
BAT_101,360,4.1459,1.0002,25.4
BAT_101,380,4.1396,0.9991,25.25
BAT_101,400,4.1411,0.9937,25.38
BAT_101,420,4.1406,1.0019,25.33
BAT_101,440,4.146,0.9987,25.36
BAT_101,460,4.1426,1.012,25.25
BAT_101,480,4.1458,1.0046,25.22
BAT_101,500,4.1394,0.9962,25.26
BAT_101,520,4.14,0.9984,25.43
BAT_101,540,4.1362,0.9896,25.43
BAT_101,560,4.1402,1.0054,25.29
BAT_101,580,4.1381,1.0054,25.35
BAT_101,600,4.1377,0.9951,25.33
BAT_101,620,4.1404,1.0022,25.46
BAT_101,640,4.1371,1.006,25.34
BAT_101,660,4.1377,0.9908,25.42
BAT_101,680,4.1401,0.9945,25.34
BAT_101,700,4.138,1.0013,25.37
BAT_101,720,4.1381,1.0015,25.36
BAT_101,740,4.1419,0.998,25.41
BAT_101,760,4.1406,1.0006,25.39
BAT_101,780,4.1373,1.0036,25.48
BAT_101,800,4.1359,0.9965,25.4
BAT_101,820,4.1361,0.9947,25.41
BAT_101,840,4.1341,0.9978,25.43
BAT_101,860,4.1365,0.9982,25.47
BAT_101,880,4.1392,1.0121,25.44
BAT_101,900,4.1413,0.9997,25.45
BAT_101,920,4.1387,0.9988,25.47
BAT_101,940,4.1356,0.9966,25.51
BAT_101,960,4.1404,1.0008,25.37
BAT_101,980,4.1357,1.0005,25.41
BAT_101,1000,4.1365,0.9986,25.51
BAT_101,1020,4.1393,1.0045,25.54
BAT_101,1040,4.1349,0.9946,25.56
BAT_101,1060,4.1367,1.0048,25.52
BAT_101,1080,4.1397,0.9934,25.49
BAT_101,1100,4.137,0.9961,25.54
BAT_101,1120,4.1408,1.0058,25.54
BAT_101,1140,4.1388,0.9999,25.53
BAT_101,1160,4.1357,0.9899,25.48
BAT_101,1180,4.135,1.0022,25.51
BAT_101,1200,4.1329,1.0016,25.55
BAT_101,1220,4.1389,0.9971,25.47
BAT_101,1240,4.1345,0.9946,25.56
BAT_101,1260,4.1312,1.0018,25.46
BAT_101,1280,4.1379,0.983,25.49
BAT_101,1300,4.1362,0.999,25.56
BAT_101,1320,4.141,0.9916,25.54
BAT_101,1340,4.1357,1.005,25.55
BAT_101,1360,4.1358,1.007,25.61
BAT_101,1380,4.1368,1.0074,25.46
BAT_101,1400,4.1384,0.9976,25.5
BAT_101,1420,4.1361,0.9973,25.5
BAT_101,1440,4.137,1.0046,25.65
BAT_101,1460,4.1369,0.9995,25.59
BAT_101,1480,4.1395,0.9996,25.54
BAT_101,1500,4.1365,1.0016,25.62
BAT_101,1520,4.1344,1.0023,25.64
BAT_101,1540,4.1367,0.9956,25.62
BAT_101,1560,4.1363,0.9981,25.56
BAT_101,1580,4.1382,1.0012,25.52
BAT_101,1600,4.1351,0.996,25.66
BAT_101,1620,4.1392,0.9992,25.58
BAT_101,1640,4.1358,1.0037,25.63
BAT_101,1660,4.1348,0.9947,25.56
BAT_101,1680,4.136,0.9983,25.57
BAT_101,1700,4.1368,0.9955,25.62
BAT_101,1720,4.1343,0.9958,25.6
BAT_101,1740,4.1328,0.9903,25.56
BAT_101,1760,4.1365,0.9888,25.7
BAT_101,1780,4.1376,1.0071,25.61
BAT_101,1800,4.1323,0.9921,25.63
BAT_101,1820,4.1377,1.0058,25.64
BAT_101,1840,4.1382,1.0003,25.7
BAT_101,1860,4.135,0.9991,25.7
BAT_101,1880,4.1375,0.9935,25.67
BAT_101,1900,4.1301,1.0065,25.53
BAT_101,1920,4.1324,0.9979,25.75
BAT_101,1940,4.1372,0.9981,25.69
BAT_101,1960,4.135,1.0055,25.65
BAT_101,1980,4.1389,1.0033,25.68
BAT_101,2000,4.1363,1.005,25.69
BAT_102,0,4.0475,1.0058,25.25
BAT_102,20,4.0287,0.9954,25.27
BAT_102,40,4.0114,1.0061,25.33
BAT_102,60,3.996,0.9985,25.33
BAT_102,80,3.9837,0.9968,25.29
BAT_102,100,3.9724,0.9953,25.41
BAT_102,120,3.9585,1.0042,25.44
BAT_102,140,3.9497,0.9993,25.4
BAT_102,160,3.9386,1.0003,25.56
BAT_102,180,3.9295,0.9998,25.61
BAT_102,200,3.9242,0.9987,25.52
BAT_102,220,3.9217,0.9927,25.51
BAT_102,240,3.9091,1.0015,25.46
BAT_102,260,3.9071,1.0039,25.53
BAT_102,280,3.9,0.9941,25.48
BAT_102,300,3.8941,0.9933,25.52
BAT_102,320,3.8918,1.0052,25.57
BAT_102,340,3.8871,0.9957,25.64
BAT_102,360,3.8861,1.003,25.71
BAT_102,380,3.8799,0.9884,25.66
BAT_102,400,3.8759,1.0051,25.61
BAT_102,420,3.8748,0.9998,25.65
BAT_102,440,3.8759,1.0028,25.66
BAT_102,460,3.8703,0.9991,25.73
BAT_102,480,3.8664,1.0034,25.79
BAT_102,500,3.8676,0.9935,25.9
BAT_102,520,3.865,1.0026,25.82
BAT_102,540,3.8639,0.9955,25.65
BAT_102,560,3.8611,1.0057,25.89
BAT_102,580,3.8599,0.9888,25.85
BAT_102,600,3.8623,0.997,25.81
BAT_102,620,3.8553,0.9941,25.84
BAT_102,640,3.8586,1.0037,25.95
BAT_102,660,3.8552,0.9981,25.87
BAT_102,680,3.8523,0.9933,25.9
BAT_102,700,3.854,0.9856,25.95
BAT_102,720,3.8522,1.0048,25.98
BAT_102,740,3.8535,0.9978,25.98
BAT_102,760,3.8556,0.9976,26.08
BAT_102,780,3.852,1.0058,26.01
BAT_102,800,3.8525,1.0039,26.03
BAT_102,820,3.8502,1.0017,26.06
BAT_102,840,3.8485,0.9962,25.99
BAT_102,860,3.8462,0.9879,26.09
BAT_102,880,3.8482,1.0019,26.15
BAT_102,900,3.8531,0.9953,26.1
BAT_102,920,3.8466,0.9983,26.1
BAT_102,940,3.8453,1.0079,26.19
BAT_102,960,3.8474,0.9938,26.16
BAT_102,980,3.8497,1.0041,26.21
BAT_102,1000,3.8498,0.9981,26.23
BAT_102,1020,3.8425,1.007,26.2
BAT_102,1040,3.8488,0.9991,26.26
BAT_102,1060,3.8466,1.0031,26.28
BAT_102,1080,3.8444,0.9973,26.31
BAT_102,1100,3.8474,1.0001,26.34
BAT_102,1120,3.8442,1.0025,26.2
BAT_102,1140,3.8467,0.9916,26.29
BAT_102,1160,3.8465,0.9966,26.32
BAT_102,1180,3.8452,0.9931,26.39
BAT_102,1200,3.8449,1.0048,26.39
BAT_102,1220,3.8439,1.0124,26.47
BAT_102,1240,3.8443,0.9996,26.46
BAT_102,1260,3.8451,1.0011,26.42
BAT_102,1280,3.843,1.0127,26.53
BAT_102,1300,3.8443,0.9981,26.43
BAT_102,1320,3.8401,1.0044,26.49
BAT_102,1340,3.8461,0.9985,26.48
BAT_102,1360,3.8456,0.9988,26.49
BAT_102,1380,3.8395,0.9876,26.54
BAT_102,1400,3.8438,1.0023,26.53
BAT_102,1420,3.8446,0.9978,26.68
BAT_102,1440,3.8424,0.9977,26.57
BAT_102,1460,3.8405,1.004,26.63
BAT_102,1480,3.8384,0.9951,26.63
BAT_102,1500,3.8437,0.9975,26.67
BAT_102,1520,3.8412,0.9981,26.7
BAT_102,1540,3.8416,1.0012,26.73
BAT_102,1560,3.843,0.9965,26.63
BAT_102,1580,3.8414,1.0052,26.72
BAT_102,1600,3.84,1.0109,26.63
BAT_102,1620,3.8415,0.9901,26.75
BAT_102,1640,3.8413,0.996,26.74
BAT_102,1660,3.8376,0.9993,26.78
BAT_102,1680,3.8424,1.0057,26.88
BAT_102,1700,3.838,1.0065,26.8
BAT_102,1720,3.838,1.0036,26.83
BAT_102,1740,3.8408,1.0059,26.93
BAT_102,1760,3.8366,0.9977,26.9
BAT_102,1780,3.8375,1.0026,26.85
BAT_102,1800,3.8398,1.0007,27.0
BAT_102,1820,3.8381,0.9967,26.96
BAT_102,1840,3.838,1.0025,26.98
BAT_102,1860,3.8375,0.9927,26.99
BAT_102,1880,3.8349,0.9931,26.97
BAT_102,1900,3.8386,0.991,26.99
BAT_102,1920,3.8386,0.9976,26.95
BAT_102,1940,3.8379,0.9955,26.99
BAT_102,1960,3.8366,0.9947,27.04
BAT_102,1980,3.8393,0.9989,27.08
BAT_102,2000,3.8376,0.9984,27.05
BAT_103,0,4.0639,1.0006,25.76
BAT_103,20,4.0474,0.9956,25.79
BAT_103,40,4.0353,1.0083,25.84
BAT_103,60,4.0187,0.9995,25.81
BAT_103,80,4.0073,1.0018,25.75
BAT_103,100,3.9968,0.9975,25.93
BAT_103,120,3.9893,0.9995,25.83
BAT_103,140,3.9761,0.9992,25.91
BAT_103,160,3.973,0.994,25.89
BAT_103,180,3.9642,1.0024,25.84
BAT_103,200,3.9576,0.9998,25.93
BAT_103,220,3.95,1.0048,25.99
BAT_103,240,3.9467,0.9947,25.98
BAT_103,260,3.9394,1.0031,26.02
BAT_103,280,3.935,0.9937,25.99
BAT_103,300,3.9322,0.9945,26.0
BAT_103,320,3.927,1.0045,25.98
BAT_103,340,3.9233,0.9952,26.05
BAT_103,360,3.9227,1.0005,26.09
BAT_103,380,3.9176,0.9948,26.02
BAT_103,400,3.9161,1.0096,26.1
BAT_103,420,3.9143,1.0012,25.98
BAT_103,440,3.9138,1.0034,26.09
BAT_103,460,3.9124,1.001,26.17
BAT_103,480,3.9059,0.9991,26.12
BAT_103,500,3.9072,0.9921,26.14
BAT_103,520,3.9063,1.0048,26.16
BAT_103,540,3.9047,1.0038,26.23
BAT_103,560,3.9026,0.9954,26.23
BAT_103,580,3.8997,0.9973,26.13
BAT_103,600,3.9018,0.9959,26.21
BAT_103,620,3.8984,0.9969,26.24
BAT_103,640,3.8985,1.0033,26.24
BAT_103,660,3.899,1.0043,26.22
BAT_103,680,3.8963,0.9964,26.25
BAT_103,700,3.8919,1.0026,26.23
BAT_103,720,3.8977,1.0022,26.3
BAT_103,740,3.8945,0.9888,26.33
BAT_103,760,3.8946,1.0041,26.34
BAT_103,780,3.8912,0.9957,26.34
BAT_103,800,3.8922,0.9953,26.34
BAT_103,820,3.8903,0.9967,26.42
BAT_103,840,3.8919,0.9985,26.43
BAT_103,860,3.8945,1.0046,26.4
BAT_103,880,3.8923,1.0041,26.46
BAT_103,900,3.8958,0.9983,26.44
BAT_103,920,3.8915,0.9971,26.43
BAT_103,940,3.8891,1.0025,26.48
BAT_103,960,3.8897,1.0027,26.45
BAT_103,980,3.8934,0.9987,26.45
BAT_103,1000,3.8885,0.9992,26.54
BAT_103,1020,3.8885,0.9897,26.45
BAT_103,1040,3.8904,1.0076,26.66
BAT_103,1060,3.8897,0.9961,26.64
BAT_103,1080,3.8873,1.0117,26.54
BAT_103,1100,3.8871,1.002,26.59
BAT_103,1120,3.8888,1.0012,26.61
BAT_103,1140,3.8864,0.9882,26.65
BAT_103,1160,3.888,0.9958,26.64
BAT_103,1180,3.8902,0.9952,26.63
BAT_103,1200,3.8841,1.0012,26.6
BAT_103,1220,3.8856,0.9951,26.7
BAT_103,1240,3.8883,0.9976,26.63
BAT_103,1260,3.8884,0.9986,26.7
BAT_103,1280,3.8844,1.0016,26.77
BAT_103,1300,3.8833,1.0031,26.72
BAT_103,1320,3.8857,0.9892,26.86
BAT_103,1340,3.8845,0.995,26.66
BAT_103,1360,3.8854,1.0028,26.8
BAT_103,1380,3.8832,0.9966,26.76
BAT_103,1400,3.8898,0.9962,26.84
BAT_103,1420,3.883,1.0033,26.85
BAT_103,1440,3.8848,1.0012,26.87
BAT_103,1460,3.8842,1.0039,26.92
BAT_103,1480,3.8834,0.9982,26.95
BAT_103,1500,3.8811,1.0068,26.94
BAT_103,1520,3.8863,0.9937,26.95
BAT_103,1540,3.884,0.994,26.8
BAT_103,1560,3.885,1.0032,26.9
BAT_103,1580,3.8796,1.003,27.05
BAT_103,1600,3.8815,0.9954,26.92
BAT_103,1620,3.8834,0.9932,27.12
BAT_103,1640,3.8838,1.0014,26.92
BAT_103,1660,3.8844,1.0048,27.07
BAT_103,1680,3.8817,0.9955,26.98
BAT_103,1700,3.8826,0.9845,27.1
BAT_103,1720,3.8827,1.0054,27.13
BAT_103,1740,3.8814,1.0058,27.09
BAT_103,1760,3.8853,1.0052,27.04
BAT_103,1780,3.8829,1.0021,27.12
BAT_103,1800,3.8792,1.0066,27.16
BAT_103,1820,3.8843,1.0006,27.11
BAT_103,1840,3.8794,1.0019,27.18
BAT_103,1860,3.8805,1.0002,27.15
BAT_103,1880,3.8823,1.0042,27.21
BAT_103,1900,3.8797,1.001,27.22
BAT_103,1920,3.8796,1.0056,27.2
BAT_103,1940,3.8804,0.9969,27.31
BAT_103,1960,3.8841,1.0022,27.25
BAT_103,1980,3.8774,0.9924,27.23
BAT_103,2000,3.8796,0.9986,27.22
BAT_104,0,4.1092,0.9967,24.1
BAT_104,20,4.0922,1.0065,24.1
BAT_104,40,4.0788,1.0014,24.03
BAT_104,60,4.0659,1.001,24.14
BAT_104,80,4.0552,1.0031,24.14
BAT_104,100,4.0455,0.9993,24.11
BAT_104,120,4.0374,1.0061,24.08
BAT_104,140,4.0299,1.0056,24.17
BAT_104,160,4.0182,1.0077,24.21
BAT_104,180,4.0137,1.0039,24.16
BAT_104,200,4.0076,0.9989,24.22
BAT_104,220,4.003,1.0009,24.25
BAT_104,240,3.9961,0.9987,24.13
BAT_104,260,3.9928,1.0025,24.18
BAT_104,280,3.9897,0.9999,24.27
BAT_104,300,3.9852,0.9944,24.22
BAT_104,320,3.9811,1.0057,24.23
BAT_104,340,3.9811,0.9925,24.26
BAT_104,360,3.9739,1.0013,24.29
BAT_104,380,3.9736,1.0029,24.31
BAT_104,400,3.9686,1.0031,24.32
BAT_104,420,3.9636,0.9978,24.33
BAT_104,440,3.9667,0.9909,24.36
BAT_104,460,3.9649,0.9951,24.29
BAT_104,480,3.9613,1.0055,24.46
BAT_104,500,3.9627,0.997,24.3
BAT_104,520,3.9576,1.0031,24.36
BAT_104,540,3.9587,1.0026,24.44
BAT_104,560,3.9562,1.0046,24.44
BAT_104,580,3.9549,0.9991,24.37
BAT_104,600,3.9573,0.995,24.41
BAT_104,620,3.9543,1.0059,24.47
BAT_104,640,3.9538,1.0022,24.48
BAT_104,660,3.9526,1.0031,24.44
BAT_104,680,3.9513,0.9993,24.5
BAT_104,700,3.951,0.9955,24.44
BAT_104,720,3.9521,0.9984,24.57
BAT_104,740,3.9504,1.0028,24.58
BAT_104,760,3.9512,1.003,24.52
BAT_104,780,3.9502,1.0097,24.56
BAT_104,800,3.9462,1.003,24.49
BAT_104,820,3.9529,1.0084,24.68
BAT_104,840,3.9448,1.0008,24.43
BAT_104,860,3.9522,1.0044,24.55
BAT_104,880,3.9506,0.9927,24.64
BAT_104,900,3.9497,1.0071,24.63
BAT_104,920,3.9476,1.0015,24.66
BAT_104,940,3.9468,1.0036,24.7
BAT_104,960,3.9481,0.9972,24.73
BAT_104,980,3.9449,0.9967,24.7
BAT_104,1000,3.9435,1.001,24.76
BAT_104,1020,3.9466,0.9941,24.71
BAT_104,1040,3.9456,0.9971,24.69
BAT_104,1060,3.9473,1.0042,24.73
BAT_104,1080,3.9458,0.9994,24.77
BAT_104,1100,3.9437,1.0075,24.79
BAT_104,1120,3.9458,0.9949,24.8
BAT_104,1140,3.9451,0.9909,24.74
BAT_104,1160,3.944,0.9938,24.76
BAT_104,1180,3.9465,1.0084,24.84
BAT_104,1200,3.9425,0.9951,24.81
BAT_104,1220,3.9438,0.9946,24.83
BAT_104,1240,3.944,0.9986,24.82
BAT_104,1260,3.9459,0.9993,24.86
BAT_104,1280,3.9404,1.0025,24.79
BAT_104,1300,3.9434,0.9915,24.89
BAT_104,1320,3.9422,0.9998,24.83
BAT_104,1340,3.9439,0.996,24.83
BAT_104,1360,3.9444,1.0023,24.99
BAT_104,1380,3.9409,0.9959,24.94
BAT_104,1400,3.9453,1.006,24.96
BAT_104,1420,3.9433,0.9977,24.93
BAT_104,1440,3.9421,0.9979,24.95
BAT_104,1460,3.9411,0.9977,24.92
BAT_104,1480,3.9404,0.9934,25.03
BAT_104,1500,3.9358,0.998,24.98
BAT_104,1520,3.9391,1.0024,24.99
BAT_104,1540,3.9448,0.9926,25.09
BAT_104,1560,3.9417,1.002,25.02
BAT_104,1580,3.9373,0.9978,25.05
BAT_104,1600,3.9383,1.0051,25.01
BAT_104,1620,3.9385,0.998,25.09
BAT_104,1640,3.9386,0.9994,25.17
BAT_104,1660,3.9412,1.0014,25.05
BAT_104,1680,3.9421,1.0,25.17
BAT_104,1700,3.9391,0.9952,25.18
BAT_104,1720,3.9377,0.9999,25.18
BAT_104,1740,3.9403,0.9925,25.17
BAT_104,1760,3.9427,1.0046,25.12
BAT_104,1780,3.9424,1.0016,25.12
BAT_104,1800,3.9422,0.9965,25.24
BAT_104,1820,3.9407,1.0033,25.2
BAT_104,1840,3.9404,0.9948,25.22
BAT_104,1860,3.9348,1.0035,25.17
BAT_104,1880,3.9414,0.9945,25.19
BAT_104,1900,3.9372,1.006,25.28
BAT_104,1920,3.9389,1.0069,25.2
BAT_104,1940,3.9396,1.0009,25.19
BAT_104,1960,3.936,1.0045,25.23
BAT_104,1980,3.938,0.9981,25.25
BAT_104,2000,3.9356,0.993,25.29
BAT_105,0,4.0182,1.003,24.27
BAT_105,20,4.0023,0.9984,24.29
BAT_105,40,3.9856,0.9996,24.31
BAT_105,60,3.969,0.9986,24.37
BAT_105,80,3.9501,0.999,24.31
BAT_105,100,3.9426,0.9927,24.42
BAT_105,120,3.9288,0.9973,24.42
BAT_105,140,3.9223,0.9947,24.46
BAT_105,160,3.9139,0.9971,24.43
BAT_105,180,3.9043,1.0013,24.47
BAT_105,200,3.8962,1.005,24.48
BAT_105,220,3.8929,1.0033,24.55
BAT_105,240,3.8883,0.9914,24.53
BAT_105,260,3.8715,0.9958,24.58
BAT_105,280,3.8726,0.9951,24.62
BAT_105,300,3.8683,0.9982,24.62
BAT_105,320,3.8618,1.0078,24.61
BAT_105,340,3.86,0.9967,24.63
BAT_105,360,3.8568,0.9983,24.66
BAT_105,380,3.8548,1.0023,24.72
BAT_105,400,3.8492,0.9932,24.75
BAT_105,420,3.8435,1.0006,24.73
BAT_105,440,3.8451,1.0086,24.65
BAT_105,460,3.8447,1.0045,24.72
BAT_105,480,3.8399,1.0,24.79
BAT_105,500,3.8374,1.004,24.82
BAT_105,520,3.8381,0.9984,24.88
BAT_105,540,3.8336,0.9969,24.77
BAT_105,560,3.835,0.9947,24.96
BAT_105,580,3.8302,1.0092,24.95
BAT_105,600,3.8316,1.0017,24.97
BAT_105,620,3.8298,1.0004,24.98
BAT_105,640,3.8287,1.0062,24.94
BAT_105,660,3.8269,0.9953,24.99
BAT_105,680,3.8266,1.0073,24.97
BAT_105,700,3.8262,0.9968,25.01
BAT_105,720,3.8272,1.0029,25.01
BAT_105,740,3.8242,1.0105,25.11
BAT_105,760,3.8209,0.9941,25.02
BAT_105,780,3.8256,1.0078,25.14
BAT_105,800,3.823,0.9898,25.04
BAT_105,820,3.8231,0.9937,25.14
BAT_105,840,3.8173,0.9992,25.24
BAT_105,860,3.8233,1.0056,25.21
BAT_105,880,3.8218,0.9987,25.15
BAT_105,900,3.8167,0.9944,25.26
BAT_105,920,3.8219,0.9922,25.25
BAT_105,940,3.8208,1.0068,25.26
BAT_105,960,3.8218,1.003,25.29
BAT_105,980,3.8217,0.9937,25.29
BAT_105,1000,3.818,1.0071,25.35
BAT_105,1020,3.82,1.0026,25.34
BAT_105,1040,3.8182,1.0045,25.3
BAT_105,1060,3.8172,0.9908,25.41
BAT_105,1080,3.8198,1.0,25.42
BAT_105,1100,3.8178,0.9977,25.47
BAT_105,1120,3.8156,1.001,25.41
BAT_105,1140,3.818,1.0109,25.44
BAT_105,1160,3.8163,1.0029,25.53
BAT_105,1180,3.8169,1.0019,25.58
BAT_105,1200,3.816,0.9956,25.52
BAT_105,1220,3.8152,1.0012,25.52
BAT_105,1240,3.815,1.002,25.64
BAT_105,1260,3.8145,0.9963,25.56
BAT_105,1280,3.8145,0.9988,25.56
BAT_105,1300,3.8131,0.9948,25.62
BAT_105,1320,3.8149,0.9971,25.67
BAT_105,1340,3.8147,1.0074,25.66
BAT_105,1360,3.8179,1.006,25.68
BAT_105,1380,3.8131,1.0035,25.72
BAT_105,1400,3.8125,1.0004,25.75
BAT_105,1420,3.8119,1.005,25.73
BAT_105,1440,3.811,1.0018,25.79
BAT_105,1460,3.8113,1.0041,25.76
BAT_105,1480,3.8104,0.9926,25.9
BAT_105,1500,3.813,1.0015,25.79
BAT_105,1520,3.8149,1.0018,25.92
BAT_105,1540,3.8107,1.0047,25.9
BAT_105,1560,3.8133,1.0007,25.91
BAT_105,1580,3.8113,0.9975,25.82
BAT_105,1600,3.8132,1.0068,25.91
BAT_105,1620,3.8094,1.0043,25.9
BAT_105,1640,3.8115,0.9983,26.02
BAT_105,1660,3.8128,0.9896,26.03
BAT_105,1680,3.8141,0.9935,25.98
BAT_105,1700,3.8064,0.9939,26.09
BAT_105,1720,3.8103,1.0065,26.0
BAT_105,1740,3.8102,1.0003,26.09
BAT_105,1760,3.8077,0.991,26.08
BAT_105,1780,3.8087,0.9976,26.11
BAT_105,1800,3.8085,0.9923,26.08
BAT_105,1820,3.8082,0.9953,26.18
BAT_105,1840,3.8109,0.999,26.29
BAT_105,1860,3.8049,1.0079,26.14
BAT_105,1880,3.8081,0.9967,26.25
BAT_105,1900,3.8074,1.003,26.23
BAT_105,1920,3.8079,0.9953,26.21
BAT_105,1940,3.8071,1.0045,26.19
BAT_105,1960,3.8077,1.0073,26.37
BAT_105,1980,3.8091,0.9924,26.29
BAT_105,2000,3.8057,1.0069,26.34
BAT_106,0,4.0021,0.9999,24.28
BAT_106,20,3.9842,0.9982,24.2
BAT_106,40,3.9641,0.9982,24.31
BAT_106,60,3.9584,1.0039,24.33
BAT_106,80,3.942,1.0042,24.26
BAT_106,100,3.9323,0.9971,24.29
BAT_106,120,3.9205,1.0054,24.4
BAT_106,140,3.9129,0.9937,24.35
BAT_106,160,3.9016,0.9947,24.42
BAT_106,180,3.8961,0.9885,24.59
BAT_106,200,3.8923,0.9994,24.56
BAT_106,220,3.8816,1.0015,24.44
BAT_106,240,3.8799,1.0049,24.49
BAT_106,260,3.8739,1.0013,24.52
BAT_106,280,3.8713,0.9931,24.52
BAT_106,300,3.865,0.996,24.65
BAT_106,320,3.8635,1.0031,24.57
BAT_106,340,3.856,1.002,24.59
BAT_106,360,3.855,1.0105,24.62
BAT_106,380,3.8526,0.9973,24.62
BAT_106,400,3.849,1.007,24.61
BAT_106,420,3.8487,1.0035,24.67
BAT_106,440,3.8445,0.9942,24.69
BAT_106,460,3.8436,1.002,24.73
BAT_106,480,3.8411,1.0014,24.59
BAT_106,500,3.8372,0.992,24.73
BAT_106,520,3.8357,1.0037,24.83
BAT_106,540,3.8361,1.007,24.87
BAT_106,560,3.8372,1.0054,24.71
BAT_106,580,3.8361,0.9979,24.87
BAT_106,600,3.8329,0.9954,24.86
BAT_106,620,3.8327,0.9954,24.86
BAT_106,640,3.8317,1.0107,24.94
BAT_106,660,3.8314,1.0,24.99
BAT_106,680,3.8279,1.007,25.0
BAT_106,700,3.8314,0.9921,25.0
BAT_106,720,3.8311,0.9942,25.03
BAT_106,740,3.8291,0.9955,24.96
BAT_106,760,3.8262,1.004,24.99
BAT_106,780,3.8258,0.9935,24.94
BAT_106,800,3.8271,1.0021,25.07
BAT_106,820,3.8235,0.9928,25.05
BAT_106,840,3.826,0.9974,25.08
BAT_106,860,3.8284,0.9964,25.2
BAT_106,880,3.8222,0.9991,25.18
BAT_106,900,3.8238,1.005,25.15
BAT_106,920,3.8255,0.9923,25.26
BAT_106,940,3.8231,1.0034,25.19
BAT_106,960,3.8198,0.9911,25.25
BAT_106,980,3.823,1.0037,25.18
BAT_106,1000,3.8214,0.9903,25.35
BAT_106,1020,3.8184,1.0034,25.21
BAT_106,1040,3.8203,0.9928,25.31
BAT_106,1060,3.8225,1.0052,25.3
BAT_106,1080,3.8231,0.9964,25.38
BAT_106,1100,3.8226,0.997,25.46
BAT_106,1120,3.8213,1.0069,25.35
BAT_106,1140,3.8205,0.9995,25.5
BAT_106,1160,3.8212,0.9947,25.56
BAT_106,1180,3.8209,0.9971,25.52
BAT_106,1200,3.8218,1.0041,25.59
BAT_106,1220,3.8197,0.994,25.55
BAT_106,1240,3.8209,0.997,25.46
BAT_106,1260,3.8165,0.9998,25.69
BAT_106,1280,3.8185,1.0005,25.59
BAT_106,1300,3.8192,0.9948,25.56
BAT_106,1320,3.8177,1.0083,25.58
BAT_106,1340,3.817,0.9997,25.61
BAT_106,1360,3.817,1.0057,25.7
BAT_106,1380,3.8193,1.0023,25.73
BAT_106,1400,3.8173,1.0056,25.75
BAT_106,1420,3.8174,1.0013,25.74
BAT_106,1440,3.8175,0.9922,25.71
BAT_106,1460,3.817,1.0025,25.74
BAT_106,1480,3.8196,0.9934,25.72
BAT_106,1500,3.817,0.996,25.82
BAT_106,1520,3.818,0.9978,25.83
BAT_106,1540,3.8146,1.0021,25.81
BAT_106,1560,3.8144,0.9951,25.88
BAT_106,1580,3.8154,1.0044,25.86
BAT_106,1600,3.8192,1.0041,25.93
BAT_106,1620,3.8151,1.0006,25.93
BAT_106,1640,3.8135,1.0039,25.94
BAT_106,1660,3.8113,1.001,25.89
BAT_106,1680,3.8145,0.9895,25.97
BAT_106,1700,3.813,1.0085,25.97
BAT_106,1720,3.8115,1.0108,26.05
BAT_106,1740,3.813,1.0016,26.09
BAT_106,1760,3.8156,0.9992,26.08
BAT_106,1780,3.8101,1.0084,26.03
BAT_106,1800,3.8154,1.0022,26.09
BAT_106,1820,3.8111,1.0042,26.07
BAT_106,1840,3.8123,1.0021,26.22
BAT_106,1860,3.813,1.0,26.25
BAT_106,1880,3.8074,0.9963,26.26
BAT_106,1900,3.8136,1.0004,26.28
BAT_106,1920,3.8104,1.0004,26.16
BAT_106,1940,3.8135,0.9916,26.28
BAT_106,1960,3.8112,0.9971,26.36
BAT_106,1980,3.8117,1.002,26.27
BAT_106,2000,3.8138,1.0012,26.33
BAT_107,0,4.0353,0.9905,25.07
BAT_107,20,4.016,1.0046,25.05
BAT_107,40,4.0014,1.0032,25.15
BAT_107,60,3.9909,1.0024,25.11
BAT_107,80,3.977,1.0036,25.17
BAT_107,100,3.9689,1.0033,25.22
BAT_107,120,3.9558,0.995,25.32
BAT_107,140,3.9456,0.9974,25.25
BAT_107,160,3.9324,0.9924,25.22
BAT_107,180,3.9269,1.0002,25.24
BAT_107,200,3.9223,1.0028,25.27
BAT_107,220,3.9174,1.0003,25.26
BAT_107,240,3.9112,1.0021,25.32
BAT_107,260,3.9069,0.9992,25.31
BAT_107,280,3.8985,0.9914,25.41
BAT_107,300,3.8979,1.0049,25.4
BAT_107,320,3.8877,1.0012,25.42
BAT_107,340,3.8891,0.9885,25.42
BAT_107,360,3.8855,1.0002,25.4
BAT_107,380,3.882,0.9973,25.52
BAT_107,400,3.8783,0.9925,25.47
BAT_107,420,3.8777,0.9966,25.44
BAT_107,440,3.8747,0.9988,25.61
BAT_107,460,3.8722,0.9993,25.62
BAT_107,480,3.8705,0.9982,25.6
BAT_107,500,3.8716,0.9933,25.53
BAT_107,520,3.8687,0.9929,25.62
BAT_107,540,3.8652,1.0185,25.56
BAT_107,560,3.8625,1.0065,25.62
BAT_107,580,3.8634,0.9998,25.66
BAT_107,600,3.8631,0.9992,25.72
BAT_107,620,3.8585,0.9998,25.66
BAT_107,640,3.8645,1.0065,25.82
BAT_107,660,3.8592,1.0027,25.75
BAT_107,680,3.8619,0.9977,25.69
BAT_107,700,3.8596,0.9997,25.78
BAT_107,720,3.8603,1.0037,25.78
BAT_107,740,3.8588,0.9928,25.89
BAT_107,760,3.8563,1.0182,25.9
BAT_107,780,3.8562,0.9988,25.93
BAT_107,800,3.8539,0.9952,25.92
BAT_107,820,3.8559,0.996,25.93
BAT_107,840,3.8543,1.0067,25.95
BAT_107,860,3.8556,1.0021,26.0
BAT_107,880,3.8541,0.9944,25.96
BAT_107,900,3.8581,0.9923,26.05
BAT_107,920,3.8541,1.0025,26.03
BAT_107,940,3.8551,0.9989,26.01
BAT_107,960,3.8496,1.0045,26.1
BAT_107,980,3.8514,1.0062,26.14
BAT_107,1000,3.8526,1.0064,26.16
BAT_107,1020,3.8491,1.0051,26.22
BAT_107,1040,3.8505,1.0,26.18
BAT_107,1060,3.8485,0.9973,26.24
BAT_107,1080,3.8522,1.0039,26.3
BAT_107,1100,3.8506,1.0046,26.23
BAT_107,1120,3.8476,0.9967,26.26
BAT_107,1140,3.8502,1.0012,26.27
BAT_107,1160,3.8511,0.993,26.32
BAT_107,1180,3.8489,1.004,26.32
BAT_107,1200,3.8481,0.9924,26.38
BAT_107,1220,3.8477,0.9938,26.35
BAT_107,1240,3.8518,1.0047,26.32
BAT_107,1260,3.8473,0.9997,26.42
BAT_107,1280,3.849,0.997,26.46
BAT_107,1300,3.846,0.994,26.46
BAT_107,1320,3.8455,0.9993,26.48
BAT_107,1340,3.846,1.0,26.47
BAT_107,1360,3.8478,1.0038,26.46
BAT_107,1380,3.85,1.007,26.5
BAT_107,1400,3.8459,0.9974,26.52
BAT_107,1420,3.8485,0.9988,26.7
BAT_107,1440,3.8415,1.0027,26.52
BAT_107,1460,3.8479,0.9934,26.53
BAT_107,1480,3.846,1.0021,26.59
BAT_107,1500,3.8456,0.9986,26.62
BAT_107,1520,3.8444,1.0017,26.63
BAT_107,1540,3.8492,0.9932,26.66
BAT_107,1560,3.8442,1.0041,26.69
BAT_107,1580,3.844,1.002,26.7
BAT_107,1600,3.8463,1.0024,26.75
BAT_107,1620,3.8439,1.0019,26.82
BAT_107,1640,3.8441,1.0022,26.73
BAT_107,1660,3.845,0.9963,26.81
BAT_107,1680,3.8436,0.9994,26.9
BAT_107,1700,3.8464,1.0026,26.9
BAT_107,1720,3.8427,1.0012,26.92
BAT_107,1740,3.8428,0.9991,26.95
BAT_107,1760,3.8447,1.0054,26.99
BAT_107,1780,3.843,1.0064,26.89
BAT_107,1800,3.844,0.9948,26.94
BAT_107,1820,3.8479,1.0017,26.97
BAT_107,1840,3.8436,1.0043,27.04
BAT_107,1860,3.8443,1.0089,26.96
BAT_107,1880,3.846,0.9949,27.07
BAT_107,1900,3.8433,1.0042,26.99
BAT_107,1920,3.8427,0.9895,27.07
BAT_107,1940,3.8418,0.9934,27.16
BAT_107,1960,3.8437,1.0007,27.18
BAT_107,1980,3.8412,0.9962,27.08
BAT_107,2000,3.8426,1.0006,27.28
BAT_108,0,4.1323,1.0002,24.88
BAT_108,20,4.121,1.006,25.03
BAT_108,40,4.1151,1.0015,25.04
BAT_108,60,4.11,0.9985,25.0
BAT_108,80,4.1026,0.9995,24.9
BAT_108,100,4.0931,0.9906,25.01
BAT_108,120,4.089,1.0062,25.01
BAT_108,140,4.084,1.0003,25.02
BAT_108,160,4.0796,0.9897,25.0
BAT_108,180,4.0788,1.0034,25.09
BAT_108,200,4.0748,1.0043,25.02
BAT_108,220,4.0684,1.0025,25.11
BAT_108,240,4.0654,0.9996,25.11
BAT_108,260,4.0585,0.9975,25.08
BAT_108,280,4.058,1.0041,25.11
BAT_108,300,4.0607,0.9942,25.14
BAT_108,320,4.054,0.9958,25.06
BAT_108,340,4.0524,1.007,25.11
BAT_108,360,4.0521,0.9935,25.15
BAT_108,380,4.0523,1.0034,25.16
BAT_108,400,4.045,0.9993,25.16
BAT_108,420,4.0457,1.0022,25.09
BAT_108,440,4.0432,0.9896,25.32
BAT_108,460,4.0418,0.9951,25.19
BAT_108,480,4.0396,0.9953,25.23
BAT_108,500,4.0442,0.9976,25.2
BAT_108,520,4.0443,0.996,25.17
BAT_108,540,4.0402,0.995,25.2
BAT_108,560,4.0385,0.9955,25.31
BAT_108,580,4.0391,0.9958,25.23
BAT_108,600,4.0365,1.0067,25.33
BAT_108,620,4.0389,1.0025,25.34
BAT_108,640,4.0407,0.9888,25.32
BAT_108,660,4.0346,0.9988,25.32
BAT_108,680,4.034,1.0007,25.35
BAT_108,700,4.0348,1.003,25.37
BAT_108,720,4.0369,1.0032,25.34
BAT_108,740,4.0346,0.999,25.32
BAT_108,760,4.0324,1.0061,25.33
BAT_108,780,4.0324,1.006,25.25
BAT_108,800,4.0359,0.9996,25.43
BAT_108,820,4.034,0.9881,25.45
BAT_108,840,4.0327,0.9958,25.41
BAT_108,860,4.0354,0.9976,25.46
BAT_108,880,4.0314,0.9928,25.47
BAT_108,900,4.0325,0.9992,25.52
BAT_108,920,4.0337,1.0016,25.51
BAT_108,940,4.0356,0.9975,25.47
BAT_108,960,4.0345,0.9957,25.5
BAT_108,980,4.0314,1.0049,25.53
BAT_108,1000,4.0297,1.0045,25.6
BAT_108,1020,4.0303,0.9881,25.48
BAT_108,1040,4.0312,1.0048,25.55
BAT_108,1060,4.0297,1.003,25.62
BAT_108,1080,4.0318,1.0053,25.56
BAT_108,1100,4.0279,0.9965,25.62
BAT_108,1120,4.0344,0.9933,25.63
BAT_108,1140,4.0324,1.0066,25.57
BAT_108,1160,4.031,0.9946,25.7
BAT_108,1180,4.0337,0.9977,25.62
BAT_108,1200,4.0313,0.999,25.68
BAT_108,1220,4.0279,0.9993,25.67
BAT_108,1240,4.0283,1.0007,25.65
BAT_108,1260,4.0298,1.0067,25.62
BAT_108,1280,4.028,1.0086,25.62
BAT_108,1300,4.0304,0.9942,25.73
BAT_108,1320,4.0302,1.0005,25.71
BAT_108,1340,4.0309,1.003,25.67
BAT_108,1360,4.0279,1.0023,25.67
BAT_108,1380,4.0284,1.0026,25.75
BAT_108,1400,4.0279,1.0044,25.74
BAT_108,1420,4.0302,0.9925,25.72
BAT_108,1440,4.0318,0.9986,25.73
BAT_108,1460,4.0314,1.0008,25.81
BAT_108,1480,4.0292,1.0017,25.9
BAT_108,1500,4.0286,1.002,25.83
BAT_108,1520,4.0316,1.0044,25.78
BAT_108,1540,4.0284,0.9975,25.92
BAT_108,1560,4.0251,0.9961,25.87
BAT_108,1580,4.0283,0.9885,25.83
BAT_108,1600,4.0313,0.9992,25.88
BAT_108,1620,4.0323,1.0023,25.92
BAT_108,1640,4.0294,1.0026,25.88
BAT_108,1660,4.03,0.9949,25.96
BAT_108,1680,4.0319,1.0008,25.9
BAT_108,1700,4.0299,0.9951,25.98
BAT_108,1720,4.0268,1.0041,25.92
BAT_108,1740,4.0291,1.0076,26.06
BAT_108,1760,4.0279,0.9972,25.93
BAT_108,1780,4.0282,0.9995,26.11
BAT_108,1800,4.0257,1.0063,25.94
BAT_108,1820,4.0305,0.9915,26.0
BAT_108,1840,4.03,0.9955,26.02
BAT_108,1860,4.0278,0.9908,26.01
BAT_108,1880,4.0271,1.0024,26.06
BAT_108,1900,4.0291,0.9946,26.0
BAT_108,1920,4.0258,1.0025,26.08
BAT_108,1940,4.0253,1.0025,26.1
BAT_108,1960,4.0254,0.9934,26.06
BAT_108,1980,4.0307,1.0023,26.14
BAT_108,2000,4.0225,0.9926,26.07
BAT_109,0,3.9933,1.0083,24.42
BAT_109,20,3.9746,1.0078,24.54
BAT_109,40,3.9567,0.9953,24.56
BAT_109,60,3.9421,0.9989,24.58
BAT_109,80,3.9277,0.9939,24.54
BAT_109,100,3.9139,1.0034,24.51
BAT_109,120,3.9051,1.0023,24.63
BAT_109,140,3.8943,1.0011,24.63
BAT_109,160,3.8828,0.9989,24.67
BAT_109,180,3.8789,0.9966,24.67
BAT_109,200,3.8678,1.0094,24.63
BAT_109,220,3.8588,0.9942,24.77
BAT_109,240,3.8562,1.0036,24.8
BAT_109,260,3.8447,1.0049,24.84
BAT_109,280,3.8435,0.994,24.84
BAT_109,300,3.8375,1.0019,24.95
BAT_109,320,3.8316,1.0041,24.81
BAT_109,340,3.8291,0.9943,24.9
BAT_109,360,3.8248,1.0025,24.85
BAT_109,380,3.8217,0.9949,24.96
BAT_109,400,3.8198,0.9975,24.94
BAT_109,420,3.8191,0.9999,24.94
BAT_109,440,3.8145,0.9865,25.01
BAT_109,460,3.8141,0.9901,25.03
BAT_109,480,3.81,1.0084,25.07
BAT_109,500,3.8085,1.0052,25.14
BAT_109,520,3.8064,0.9976,25.1
BAT_109,540,3.8055,1.001,25.09
BAT_109,560,3.8046,0.9931,25.15
BAT_109,580,3.8018,1.0023,25.16
BAT_109,600,3.7989,0.9953,25.1
BAT_109,620,3.8022,1.0021,25.24
BAT_109,640,3.798,1.007,25.2
BAT_109,660,3.7934,0.9929,25.26
BAT_109,680,3.7944,1.0038,25.3
BAT_109,700,3.7979,1.0017,25.33
BAT_109,720,3.795,1.008,25.35
BAT_109,740,3.7947,1.0063,25.26
BAT_109,760,3.7922,0.9989,25.49
BAT_109,780,3.7942,0.996,25.38
BAT_109,800,3.7942,0.995,25.38
BAT_109,820,3.7966,0.996,25.45
BAT_109,840,3.7913,1.006,25.52
BAT_109,860,3.7916,0.9965,25.49
BAT_109,880,3.795,0.9976,25.51
BAT_109,900,3.7892,0.9956,25.63
BAT_109,920,3.7928,1.0028,25.51
BAT_109,940,3.7896,1.0019,25.58
BAT_109,960,3.7934,1.0026,25.7
BAT_109,980,3.7911,0.9963,25.63
BAT_109,1000,3.7877,0.9954,25.6
BAT_109,1020,3.7877,1.0033,25.69
BAT_109,1040,3.7863,1.0064,25.76
BAT_109,1060,3.7858,1.0028,25.72
BAT_109,1080,3.7889,1.0012,25.77
BAT_109,1100,3.7891,0.9949,25.8
BAT_109,1120,3.7864,1.0011,25.93
BAT_109,1140,3.7879,1.0079,25.8
BAT_109,1160,3.7861,0.9947,25.82
BAT_109,1180,3.7868,0.9972,25.92
BAT_109,1200,3.7835,0.9951,25.89
BAT_109,1220,3.789,0.987,25.95
BAT_109,1240,3.7869,1.0024,25.95
BAT_109,1260,3.784,0.9962,25.97
BAT_109,1280,3.7841,0.9959,25.94
BAT_109,1300,3.7841,0.9962,25.99
BAT_109,1320,3.7789,0.9958,26.02
BAT_109,1340,3.7831,0.9937,26.14
BAT_109,1360,3.7828,1.0088,26.12
BAT_109,1380,3.7841,1.0072,26.17
BAT_109,1400,3.7849,0.9995,26.13
BAT_109,1420,3.7841,0.9953,26.1
BAT_109,1440,3.7847,0.9939,26.26
BAT_109,1460,3.784,1.005,26.13
BAT_109,1480,3.7826,1.0041,26.33
BAT_109,1500,3.7807,0.9904,26.32
BAT_109,1520,3.784,1.0043,26.32
BAT_109,1540,3.7815,1.0055,26.35
BAT_109,1560,3.7826,1.0015,26.33
BAT_109,1580,3.7806,1.0038,26.38
BAT_109,1600,3.7819,1.0037,26.32
BAT_109,1620,3.7795,0.9992,26.39
BAT_109,1640,3.7809,1.0021,26.49
BAT_109,1660,3.7818,0.9993,26.5
BAT_109,1680,3.78,1.0019,26.47
BAT_109,1700,3.7821,0.9922,26.51
BAT_109,1720,3.7812,1.0084,26.49
BAT_109,1740,3.7814,1.0019,26.45
BAT_109,1760,3.7809,1.0035,26.66
BAT_109,1780,3.7808,1.0038,26.61
BAT_109,1800,3.7772,1.0003,26.58
BAT_109,1820,3.7792,1.0024,26.64
BAT_109,1840,3.7775,1.0014,26.61
BAT_109,1860,3.7799,0.9912,26.73
BAT_109,1880,3.777,0.9977,26.72
BAT_109,1900,3.7787,0.9968,26.68
BAT_109,1920,3.7787,0.9984,26.73
BAT_109,1940,3.7775,1.0034,26.75
BAT_109,1960,3.7764,0.9941,26.88
BAT_109,1980,3.7796,0.9929,26.88
BAT_109,2000,3.7758,1.0126,26.88
BAT_110,0,4.0505,1.0018,25.91
BAT_110,20,4.0359,0.9889,25.8
BAT_110,40,4.0283,0.9952,25.86
BAT_110,60,4.0137,0.998,25.94
BAT_110,80,4.009,1.0021,25.93
BAT_110,100,3.9967,0.9953,25.96
BAT_110,120,3.9906,0.995,26.0
BAT_110,140,3.9846,0.996,25.98
BAT_110,160,3.9774,0.9977,25.95
BAT_110,180,3.9726,0.995,26.04
BAT_110,200,3.9641,1.0076,26.04
BAT_110,220,3.9592,0.9969,25.99
BAT_110,240,3.9554,1.001,25.95
BAT_110,260,3.9517,0.9925,26.08
BAT_110,280,3.9464,0.9936,26.11
BAT_110,300,3.9476,1.0031,26.07
BAT_110,320,3.942,0.9955,26.17
BAT_110,340,3.936,0.9969,26.18
BAT_110,360,3.9404,0.9998,26.12
BAT_110,380,3.9382,1.0031,26.24
BAT_110,400,3.9354,0.9923,26.24
BAT_110,420,3.9311,1.0138,26.2
BAT_110,440,3.9281,0.9958,26.28
BAT_110,460,3.9253,0.9955,26.18
BAT_110,480,3.9264,1.0036,26.14
BAT_110,500,3.9253,1.0046,26.2
BAT_110,520,3.922,0.9977,26.14
BAT_110,540,3.9223,0.9938,26.33
BAT_110,560,3.9235,0.9957,26.33
BAT_110,580,3.9191,0.992,26.32
BAT_110,600,3.9223,0.9963,26.37
BAT_110,620,3.92,1.0054,26.36
BAT_110,640,3.9213,1.0007,26.4
BAT_110,660,3.9205,0.9976,26.37
BAT_110,680,3.9188,0.9958,26.44
BAT_110,700,3.9174,0.9998,26.44
BAT_110,720,3.9154,0.9972,26.38
BAT_110,740,3.9176,1.0118,26.54
BAT_110,760,3.9204,1.0014,26.54
BAT_110,780,3.9164,1.0028,26.58
BAT_110,800,3.9144,1.0007,26.49
BAT_110,820,3.9164,0.9996,26.54
BAT_110,840,3.915,1.0043,26.55
BAT_110,860,3.9165,0.9869,26.54
BAT_110,880,3.9146,0.9986,26.6
BAT_110,900,3.9153,1.0093,26.64
BAT_110,920,3.9129,1.0061,26.61
BAT_110,940,3.9116,0.9997,26.62
BAT_110,960,3.9164,0.994,26.68
BAT_110,980,3.9109,1.0045,26.68
BAT_110,1000,3.9076,0.9982,26.64
BAT_110,1020,3.9086,0.9955,26.68
BAT_110,1040,3.9131,0.9921,26.72
BAT_110,1060,3.912,1.005,26.78
BAT_110,1080,3.9083,1.0032,26.76
BAT_110,1100,3.9074,1.0006,26.82
BAT_110,1120,3.9128,0.9932,26.78
BAT_110,1140,3.9132,0.9978,26.86
BAT_110,1160,3.9096,0.9985,26.83
BAT_110,1180,3.9105,1.0004,26.93
BAT_110,1200,3.9074,1.0024,26.95
BAT_110,1220,3.9085,0.9977,26.78
BAT_110,1240,3.9087,0.9919,26.96
BAT_110,1260,3.9107,1.0012,26.95
BAT_110,1280,3.9063,0.9995,26.98
BAT_110,1300,3.9053,0.9996,26.91
BAT_110,1320,3.9088,1.0059,26.98
BAT_110,1340,3.911,1.0068,27.05
BAT_110,1360,3.9072,0.9989,26.99
BAT_110,1380,3.9082,1.0076,27.03
BAT_110,1400,3.9072,0.9957,27.1
BAT_110,1420,3.9075,0.9937,27.02
BAT_110,1440,3.9096,1.002,27.02
BAT_110,1460,3.91,1.0026,27.18
BAT_110,1480,3.9065,1.0013,27.18
BAT_110,1500,3.9085,0.9849,27.08
BAT_110,1520,3.9052,1.0042,27.17
BAT_110,1540,3.9067,0.9952,27.21
BAT_110,1560,3.9105,1.0069,27.14
BAT_110,1580,3.9053,0.9957,27.18
BAT_110,1600,3.9068,0.9963,27.15
BAT_110,1620,3.906,1.0011,27.28
BAT_110,1640,3.9047,1.0032,27.22
BAT_110,1660,3.9058,1.0018,27.21
BAT_110,1680,3.9053,0.9982,27.32
BAT_110,1700,3.9076,1.0095,27.32
BAT_110,1720,3.9028,0.996,27.3
BAT_110,1740,3.9026,1.0005,27.34
BAT_110,1760,3.9054,1.013,27.37
BAT_110,1780,3.9051,1.0051,27.42
BAT_110,1800,3.9023,1.0017,27.45
BAT_110,1820,3.907,1.0022,27.37
BAT_110,1840,3.908,1.0065,27.45
BAT_110,1860,3.9028,1.0029,27.46
BAT_110,1880,3.9072,1.0056,27.43
BAT_110,1900,3.9051,1.0052,27.49
BAT_110,1920,3.9072,0.9881,27.6
BAT_110,1940,3.9072,1.0003,27.48
BAT_110,1960,3.905,1.0005,27.65
BAT_110,1980,3.9014,1.0053,27.48
BAT_110,2000,3.9049,1.0024,27.55
BAT_111,0,4.0719,0.9968,25.09
BAT_111,20,4.0551,1.0037,25.08
BAT_111,40,4.0407,0.9958,25.09
BAT_111,60,4.0259,0.9995,25.16
BAT_111,80,4.0157,1.0026,25.14
BAT_111,100,4.0083,0.998,25.12
BAT_111,120,3.9968,0.9966,25.13
BAT_111,140,3.9874,1.0053,25.2
BAT_111,160,3.9756,1.0108,25.16
BAT_111,180,3.973,1.0035,25.19
BAT_111,200,3.9662,1.0069,25.17
BAT_111,220,3.9624,1.0076,25.32
BAT_111,240,3.9495,0.9902,25.24
BAT_111,260,3.9506,1.0006,25.31
BAT_111,280,3.9408,1.008,25.32
BAT_111,300,3.9409,0.9885,25.23
BAT_111,320,3.9381,0.9996,25.27
BAT_111,340,3.9329,1.0048,25.52
BAT_111,360,3.9302,1.0121,25.33
BAT_111,380,3.9259,1.0039,25.3
BAT_111,400,3.9277,0.9848,25.3
BAT_111,420,3.9222,0.9973,25.46
BAT_111,440,3.9227,1.0018,25.42
BAT_111,460,3.9171,0.999,25.44
BAT_111,480,3.9186,0.9958,25.47
BAT_111,500,3.9145,1.0015,25.43
BAT_111,520,3.9151,1.0029,25.5
BAT_111,540,3.9133,0.9972,25.5
BAT_111,560,3.9125,1.0024,25.54
BAT_111,580,3.9074,0.9982,25.54
BAT_111,600,3.9085,1.006,25.57
BAT_111,620,3.9088,1.002,25.54
BAT_111,640,3.9076,1.0048,25.64
BAT_111,660,3.9072,0.9996,25.54
BAT_111,680,3.9035,0.9961,25.69
BAT_111,700,3.9062,1.0054,25.67
BAT_111,720,3.9031,0.9952,25.69
BAT_111,740,3.9055,1.0026,25.75
BAT_111,760,3.9028,0.9986,25.7
BAT_111,780,3.902,1.0048,25.81
BAT_111,800,3.906,1.0005,25.77
BAT_111,820,3.9044,1.0011,25.85
BAT_111,840,3.9004,1.0009,25.78
BAT_111,860,3.9009,0.9958,25.83
BAT_111,880,3.9038,0.9981,25.88
BAT_111,900,3.8978,1.0,25.82
BAT_111,920,3.9002,1.0011,25.98
BAT_111,940,3.9001,1.0055,25.8
BAT_111,960,3.8981,0.996,25.94
BAT_111,980,3.9015,0.9963,25.91
BAT_111,1000,3.8989,1.0072,25.96
BAT_111,1020,3.9012,0.9907,26.1
BAT_111,1040,3.8992,0.9967,26.07
BAT_111,1060,3.8967,0.9914,26.08
BAT_111,1080,3.8982,0.9926,26.04
BAT_111,1100,3.8998,1.0103,26.12
BAT_111,1120,3.8981,1.0026,26.14
BAT_111,1140,3.8968,1.0027,26.03
BAT_111,1160,3.8961,0.9911,26.08
BAT_111,1180,3.897,0.9964,26.16
BAT_111,1200,3.8958,0.9995,26.14
BAT_111,1220,3.8941,1.0085,26.18
BAT_111,1240,3.898,1.0031,26.19
BAT_111,1260,3.893,0.9938,26.11
BAT_111,1280,3.8964,0.9981,26.17
BAT_111,1300,3.8942,0.9988,26.24
BAT_111,1320,3.8944,1.0028,26.26
BAT_111,1340,3.8927,1.0031,26.36
BAT_111,1360,3.8928,1.0038,26.29
BAT_111,1380,3.8968,0.9936,26.32
BAT_111,1400,3.8963,1.0008,26.42
BAT_111,1420,3.8946,0.9998,26.38
BAT_111,1440,3.8947,1.0024,26.37
BAT_111,1460,3.8949,1.0031,26.35
BAT_111,1480,3.8959,1.0063,26.43
BAT_111,1500,3.8939,0.9987,26.43
BAT_111,1520,3.8926,0.9953,26.43
BAT_111,1540,3.8918,1.012,26.52
BAT_111,1560,3.8932,1.0043,26.51
BAT_111,1580,3.894,0.9966,26.46
BAT_111,1600,3.8926,0.997,26.54
BAT_111,1620,3.8937,0.9987,26.65
BAT_111,1640,3.8939,1.0072,26.53
BAT_111,1660,3.8946,0.9973,26.56
BAT_111,1680,3.8948,0.9972,26.54
BAT_111,1700,3.892,1.0038,26.6
BAT_111,1720,3.8925,1.0026,26.63
BAT_111,1740,3.8952,1.0038,26.63
BAT_111,1760,3.8884,0.9939,26.57
BAT_111,1780,3.8907,0.9994,26.65
BAT_111,1800,3.8928,0.9946,26.69
BAT_111,1820,3.8926,0.997,26.65
BAT_111,1840,3.887,0.996,26.68
BAT_111,1860,3.8899,0.9969,26.85
BAT_111,1880,3.8893,1.0085,26.85
BAT_111,1900,3.8922,0.9991,26.8
BAT_111,1920,3.8883,0.9978,26.84
BAT_111,1940,3.8895,0.9901,26.91
BAT_111,1960,3.8899,0.9969,26.92
BAT_111,1980,3.8864,1.0013,26.94
BAT_111,2000,3.8917,1.003,26.94
BAT_112,0,4.169,1.0023,25.78
BAT_112,20,4.1629,0.9977,25.68
BAT_112,40,4.1588,1.0061,25.69
BAT_112,60,4.1488,1.0058,25.68
BAT_112,80,4.1466,1.0072,25.69
BAT_112,100,4.1416,1.0072,25.67
BAT_112,120,4.1417,1.0003,25.71
BAT_112,140,4.1378,0.9976,25.64
BAT_112,160,4.1333,0.9938,25.7
BAT_112,180,4.1329,0.9955,25.73
BAT_112,200,4.1297,1.0077,25.64
BAT_112,220,4.1285,1.0021,25.82
BAT_112,240,4.1272,0.9967,25.67
BAT_112,260,4.1204,1.0012,25.71
BAT_112,280,4.1211,0.9998,25.65
BAT_112,300,4.1228,1.0019,25.8
BAT_112,320,4.1204,1.0008,25.66
BAT_112,340,4.1169,1.0061,25.81
BAT_112,360,4.1165,0.9955,25.74
BAT_112,380,4.1163,1.0006,25.81
BAT_112,400,4.1122,0.992,25.87
BAT_112,420,4.1113,1.0019,25.84
BAT_112,440,4.1124,0.996,25.77
BAT_112,460,4.1133,1.0037,25.75
BAT_112,480,4.1092,0.9987,25.76
BAT_112,500,4.1126,0.9979,25.9
BAT_112,520,4.1072,1.0043,25.85
BAT_112,540,4.1084,1.0065,25.84
BAT_112,560,4.1094,0.9987,25.82
BAT_112,580,4.1086,0.9921,25.87
BAT_112,600,4.1057,1.0024,25.82
BAT_112,620,4.1086,1.0041,25.82
BAT_112,640,4.1056,1.0025,25.87
BAT_112,660,4.1098,1.0053,25.82
BAT_112,680,4.1071,1.0097,25.86
BAT_112,700,4.1062,1.0062,25.88
BAT_112,720,4.1093,0.9988,25.82
BAT_112,740,4.1051,0.9962,25.89
BAT_112,760,4.1036,1.004,25.94
BAT_112,780,4.1058,1.009,25.9
BAT_112,800,4.1053,1.0025,25.88
BAT_112,820,4.1048,1.0049,25.99
BAT_112,840,4.1055,0.9998,25.96
BAT_112,860,4.1044,1.0055,25.93
BAT_112,880,4.1047,0.9952,25.93
BAT_112,900,4.1024,1.0001,26.02
BAT_112,920,4.101,1.0062,25.96
BAT_112,940,4.1048,1.0095,25.94
BAT_112,960,4.102,1.0016,26.02
BAT_112,980,4.1022,0.9937,26.0
BAT_112,1000,4.1007,1.0002,26.04
BAT_112,1020,4.1036,0.9902,25.98
BAT_112,1040,4.0997,1.0034,26.03
BAT_112,1060,4.0989,1.0065,25.98
BAT_112,1080,4.1029,0.9996,26.03
BAT_112,1100,4.1019,1.0059,26.06
BAT_112,1120,4.1001,1.001,26.11
BAT_112,1140,4.1056,0.9966,26.05
BAT_112,1160,4.1052,1.0032,26.02
BAT_112,1180,4.1007,1.0002,26.09
BAT_112,1200,4.1042,0.9944,26.04
BAT_112,1220,4.1026,1.0031,25.99
BAT_112,1240,4.1059,0.9963,26.14
BAT_112,1260,4.1023,0.999,26.07
BAT_112,1280,4.1009,0.9954,26.1
BAT_112,1300,4.0987,0.999,26.05
BAT_112,1320,4.0992,1.005,26.05
BAT_112,1340,4.1021,1.0051,26.12
BAT_112,1360,4.1019,0.9994,26.06
BAT_112,1380,4.1002,1.001,26.11
BAT_112,1400,4.1007,1.0041,26.13
BAT_112,1420,4.099,0.9975,26.13
BAT_112,1440,4.1014,1.0045,26.15
BAT_112,1460,4.1015,0.9941,26.15
BAT_112,1480,4.098,0.9996,26.16
BAT_112,1500,4.1025,0.9989,26.1
BAT_112,1520,4.0989,0.9948,26.16
BAT_112,1540,4.0996,1.0018,26.2
BAT_112,1560,4.1019,0.997,26.12
BAT_112,1580,4.0999,1.0074,26.16
BAT_112,1600,4.1018,0.9985,26.19
BAT_112,1620,4.1038,0.9973,26.15
BAT_112,1640,4.1001,0.9937,26.22
BAT_112,1660,4.0994,1.0055,26.18
BAT_112,1680,4.1022,1.0064,26.17
BAT_112,1700,4.1013,1.0034,26.26
BAT_112,1720,4.1051,1.0083,26.24
BAT_112,1740,4.1008,0.9959,26.27
BAT_112,1760,4.1028,1.0007,26.26
BAT_112,1780,4.0976,1.0037,26.25
BAT_112,1800,4.099,0.9978,26.21
BAT_112,1820,4.0988,0.9927,26.27
BAT_112,1840,4.0988,1.0069,26.22
BAT_112,1860,4.1008,0.9951,26.31
BAT_112,1880,4.101,0.9956,26.29
BAT_112,1900,4.0999,0.9921,26.27
BAT_112,1920,4.0987,0.9923,26.34
BAT_112,1940,4.0994,0.9983,26.26
BAT_112,1960,4.1002,0.992,26.37
BAT_112,1980,4.0982,0.9943,26.35
BAT_112,2000,4.1014,0.9968,26.4
BAT_113,0,4.091,1.0033,25.53
BAT_113,20,4.0826,0.9981,25.47
BAT_113,40,4.0751,1.0041,25.45
BAT_113,60,4.0715,1.0018,25.48
BAT_113,80,4.0602,0.9981,25.6
BAT_113,100,4.0531,1.0021,25.55
BAT_113,120,4.0486,0.9961,25.55
BAT_113,140,4.047,0.9996,25.47
BAT_113,160,4.0413,0.9961,25.6
BAT_113,180,4.0356,1.0003,25.6
BAT_113,200,4.0339,1.0052,25.57
BAT_113,220,4.0271,1.0012,25.57
BAT_113,240,4.0287,0.9945,25.67
BAT_113,260,4.0255,0.9876,25.68
BAT_113,280,4.0219,0.996,25.6
BAT_113,300,4.0219,0.9927,25.69
BAT_113,320,4.0179,0.9987,25.71
BAT_113,340,4.0165,1.0044,25.65
BAT_113,360,4.017,1.001,25.77
BAT_113,380,4.0143,0.9994,25.69
BAT_113,400,4.0125,1.0098,25.81
BAT_113,420,4.0088,0.9983,25.72
BAT_113,440,4.0145,1.0011,25.8
BAT_113,460,4.0074,0.9943,25.82
BAT_113,480,4.0119,1.0004,25.75
BAT_113,500,4.0077,0.9999,25.86
BAT_113,520,4.0049,1.0009,25.86
BAT_113,540,4.0052,0.9962,25.91
BAT_113,560,4.004,0.9982,25.83
BAT_113,580,4.0047,1.0071,25.81
BAT_113,600,4.0069,0.9862,25.84
BAT_113,620,4.0031,0.999,25.88
BAT_113,640,4.0028,1.0019,25.91
BAT_113,660,4.0051,0.9983,25.84
BAT_113,680,4.0032,1.0067,25.93
BAT_113,700,4.0043,1.0018,25.93
BAT_113,720,4.0024,1.0027,25.87
BAT_113,740,4.0027,1.0103,25.96
BAT_113,760,3.9997,0.9979,26.04
BAT_113,780,3.9995,0.9993,25.99
BAT_113,800,4.0033,0.9974,25.99
BAT_113,820,4.0005,1.0055,25.92
BAT_113,840,3.9993,0.9932,26.06
BAT_113,860,3.9962,1.0026,26.06
BAT_113,880,3.9978,0.9977,25.98
BAT_113,900,3.9951,1.0009,26.09
BAT_113,920,3.9974,0.9941,26.0
BAT_113,940,3.9995,1.0014,25.99
BAT_113,960,3.9997,1.0018,26.06
BAT_113,980,3.9964,0.9954,26.09
BAT_113,1000,4.0018,0.9998,26.11
BAT_113,1020,3.9957,1.0058,26.2
BAT_113,1040,3.9968,0.9966,26.16
BAT_113,1060,4.0008,0.9937,26.16
BAT_113,1080,3.9949,0.9998,26.14
BAT_113,1100,3.9929,1.0002,26.21
BAT_113,1120,3.9962,0.9903,26.18
BAT_113,1140,3.9935,1.0016,26.09
BAT_113,1160,3.997,0.9979,26.22
BAT_113,1180,3.9984,1.0038,26.16
BAT_113,1200,3.9957,1.0033,26.26
BAT_113,1220,3.9985,1.0031,26.28
BAT_113,1240,3.997,0.9992,26.31
BAT_113,1260,3.9946,1.0094,26.36
BAT_113,1280,3.9968,1.009,26.28
BAT_113,1300,3.9985,1.0002,26.35
BAT_113,1320,3.9949,1.0009,26.27
BAT_113,1340,3.9971,0.9977,26.34
BAT_113,1360,3.9995,0.9977,26.33
BAT_113,1380,3.9939,0.9951,26.4
BAT_113,1400,3.9926,0.9985,26.37
BAT_113,1420,3.9972,1.0035,26.36
BAT_113,1440,3.9953,0.9895,26.4
BAT_113,1460,3.9985,0.9991,26.41
BAT_113,1480,3.995,0.9979,26.56
BAT_113,1500,3.9949,0.9977,26.42
BAT_113,1520,3.9938,1.0029,26.5
BAT_113,1540,3.9994,0.9943,26.48
BAT_113,1560,3.9942,0.998,26.35
BAT_113,1580,3.9952,1.0045,26.49
BAT_113,1600,3.9949,1.0093,26.49
BAT_113,1620,3.9959,0.999,26.49
BAT_113,1640,3.9948,1.0008,26.62
BAT_113,1660,3.9931,0.9959,26.63
BAT_113,1680,3.9986,0.9951,26.5
BAT_113,1700,3.994,0.9924,26.47
BAT_113,1720,3.9937,1.0003,26.55
BAT_113,1740,3.9939,1.0064,26.5
BAT_113,1760,3.9931,0.9902,26.67
BAT_113,1780,3.9927,0.9907,26.61
BAT_113,1800,3.9945,0.9964,26.62
BAT_113,1820,3.9972,0.9951,26.63
BAT_113,1840,3.9957,0.9982,26.58
BAT_113,1860,3.993,1.0052,26.64
BAT_113,1880,3.9931,0.9985,26.69
BAT_113,1900,3.9909,1.0004,26.76
BAT_113,1920,3.9942,1.0044,26.73
BAT_113,1940,3.9918,0.9985,26.71
BAT_113,1960,3.993,0.9977,26.61
BAT_113,1980,3.9951,0.9935,26.74
BAT_113,2000,3.9925,1.0007,26.71
BAT_114,0,3.986,0.9967,24.31
BAT_114,20,3.9663,0.9981,24.32
BAT_114,40,3.9429,0.991,24.41
BAT_114,60,3.9278,1.0087,24.37
BAT_114,80,3.9121,0.9949,24.46
BAT_114,100,3.8981,1.0025,24.4
BAT_114,120,3.8816,1.0017,24.45
BAT_114,140,3.869,0.9952,24.54
BAT_114,160,3.8589,1.0062,24.54
BAT_114,180,3.8523,0.9958,24.59
BAT_114,200,3.8385,1.0011,24.55
BAT_114,220,3.8379,1.0029,24.54
BAT_114,240,3.8256,0.9929,24.57
BAT_114,260,3.8197,0.9992,24.61
BAT_114,280,3.8137,0.9972,24.69
BAT_114,300,3.8114,1.0027,24.77
BAT_114,320,3.8052,1.0065,24.69
BAT_114,340,3.7976,1.0001,24.74
BAT_114,360,3.7963,0.9894,24.72
BAT_114,380,3.7941,0.9899,24.8
BAT_114,400,3.7888,1.0003,24.81
BAT_114,420,3.785,1.0012,24.91
BAT_114,440,3.7767,1.0013,24.79
BAT_114,460,3.7826,0.9984,24.94
BAT_114,480,3.7765,1.0014,24.83
BAT_114,500,3.7788,0.9991,24.9
BAT_114,520,3.7731,0.9894,24.94
BAT_114,540,3.7758,0.9917,25.01
BAT_114,560,3.7717,0.984,24.93
BAT_114,580,3.7738,1.0083,24.93
BAT_114,600,3.7706,0.9947,25.11
BAT_114,620,3.7673,1.0006,25.0
BAT_114,640,3.7642,0.996,25.11
BAT_114,660,3.7653,0.9974,25.05
BAT_114,680,3.7635,1.0057,25.16
BAT_114,700,3.762,0.9954,25.21
BAT_114,720,3.7655,1.0066,25.18
BAT_114,740,3.7571,1.003,25.3
BAT_114,760,3.7606,0.9969,25.25
BAT_114,780,3.7613,1.0026,25.3
BAT_114,800,3.7557,0.9977,25.34
BAT_114,820,3.7583,1.0021,25.25
BAT_114,840,3.7579,1.0027,25.37
BAT_114,860,3.7581,1.001,25.32
BAT_114,880,3.757,1.0151,25.33
BAT_114,900,3.7562,0.9904,25.43
BAT_114,920,3.7592,1.0071,25.57
BAT_114,940,3.7561,0.9948,25.47
BAT_114,960,3.7528,0.9952,25.45
BAT_114,980,3.7544,1.0016,25.52
BAT_114,1000,3.759,1.0023,25.52
BAT_114,1020,3.7544,0.9992,25.6
BAT_114,1040,3.7519,1.0056,25.6
BAT_114,1060,3.7535,1.0048,25.7
BAT_114,1080,3.7514,1.0035,25.62
BAT_114,1100,3.7504,0.9997,25.76
BAT_114,1120,3.7503,1.0041,25.66
BAT_114,1140,3.7523,0.9954,25.64
BAT_114,1160,3.7529,0.9889,25.78
BAT_114,1180,3.7521,1.0082,25.71
BAT_114,1200,3.7509,1.0008,25.7
BAT_114,1220,3.7495,1.0003,25.79
BAT_114,1240,3.7479,1.0068,25.89
BAT_114,1260,3.7532,1.002,25.91
BAT_114,1280,3.7527,1.0066,25.9
BAT_114,1300,3.7494,0.997,25.83
BAT_114,1320,3.7514,1.001,25.88
BAT_114,1340,3.7527,1.0013,25.96
BAT_114,1360,3.7497,1.0029,25.9
BAT_114,1380,3.7445,0.9962,26.05
BAT_114,1400,3.7488,0.9907,25.97
BAT_114,1420,3.7485,0.9905,26.0
BAT_114,1440,3.7485,1.0062,26.14
BAT_114,1460,3.7464,0.9886,26.1
BAT_114,1480,3.747,0.993,26.12
BAT_114,1500,3.7416,1.0078,26.14
BAT_114,1520,3.7459,0.9992,26.22
BAT_114,1540,3.7466,0.9992,26.21
BAT_114,1560,3.7452,0.9984,26.23
BAT_114,1580,3.7429,0.9991,26.21
BAT_114,1600,3.7471,0.994,26.33
BAT_114,1620,3.7463,1.0026,26.24
BAT_114,1640,3.7429,1.0016,26.36
BAT_114,1660,3.7458,1.0022,26.34
BAT_114,1680,3.7427,0.9969,26.41
BAT_114,1700,3.7479,1.0043,26.47
BAT_114,1720,3.7421,1.0019,26.44
BAT_114,1740,3.7465,0.9873,26.46
BAT_114,1760,3.7479,0.9992,26.52
BAT_114,1780,3.7429,0.9895,26.55
BAT_114,1800,3.7436,1.0055,26.45
BAT_114,1820,3.7418,1.0054,26.57
BAT_114,1840,3.7425,1.0089,26.54
BAT_114,1860,3.7447,1.0078,26.71
BAT_114,1880,3.7438,0.9986,26.55
BAT_114,1900,3.745,1.0028,26.69
BAT_114,1920,3.7464,0.999,26.77
BAT_114,1940,3.7464,0.9926,26.67
BAT_114,1960,3.7419,0.9959,26.72
BAT_114,1980,3.7437,1.0037,26.74
BAT_114,2000,3.7427,1.0124,26.79
BAT_115,0,4.0203,0.9962,25.55
BAT_115,20,3.9982,1.0001,25.6
BAT_115,40,3.9837,1.0021,25.56
BAT_115,60,3.9684,0.9947,25.65
BAT_115,80,3.9507,0.9986,25.62
BAT_115,100,3.9368,1.0033,25.65
BAT_115,120,3.9296,0.9965,25.6
BAT_115,140,3.913,0.9951,25.61
BAT_115,160,3.9047,0.9965,25.8
BAT_115,180,3.8959,0.9977,25.68
BAT_115,200,3.8854,0.9978,25.65
BAT_115,220,3.8785,1.0086,25.81
BAT_115,240,3.8745,0.9954,25.79
BAT_115,260,3.8665,1.0053,25.84
BAT_115,280,3.8592,0.9969,25.89
BAT_115,300,3.8532,1.001,26.02
BAT_115,320,3.852,0.9993,25.86
BAT_115,340,3.8492,1.0084,25.92
BAT_115,360,3.8443,1.0013,25.94
BAT_115,380,3.8396,0.9945,26.02
BAT_115,400,3.8377,0.9993,26.07
BAT_115,420,3.838,1.0095,25.83
BAT_115,440,3.8332,0.9966,25.99
BAT_115,460,3.8308,0.9994,26.08
BAT_115,480,3.8277,1.0019,26.06
BAT_115,500,3.8278,0.998,26.06
BAT_115,520,3.8266,1.0006,26.13
BAT_115,540,3.8249,1.0066,26.21
BAT_115,560,3.8186,1.0012,26.22
BAT_115,580,3.8158,0.9992,26.1
BAT_115,600,3.816,0.999,26.19
BAT_115,620,3.8172,0.9843,26.28
BAT_115,640,3.8176,0.9985,26.19
BAT_115,660,3.8161,1.0066,26.35
BAT_115,680,3.8172,0.9957,26.32
BAT_115,700,3.8154,0.9965,26.3
BAT_115,720,3.813,0.9977,26.34
BAT_115,740,3.8099,0.9956,26.35
BAT_115,760,3.8106,1.0015,26.43
BAT_115,780,3.8139,0.9975,26.34
BAT_115,800,3.8064,0.9943,26.39
BAT_115,820,3.8104,1.012,26.46
BAT_115,840,3.8081,0.994,26.46
BAT_115,860,3.809,0.992,26.43
BAT_115,880,3.8071,1.0075,26.5
BAT_115,900,3.8103,1.0027,26.44
BAT_115,920,3.8092,0.9959,26.62
BAT_115,940,3.8079,1.0087,26.59
BAT_115,960,3.8076,0.9983,26.55
BAT_115,980,3.8032,1.0032,26.56
BAT_115,1000,3.8082,1.0052,26.62
BAT_115,1020,3.8067,1.003,26.68
BAT_115,1040,3.8039,0.998,26.69
BAT_115,1060,3.8055,0.999,26.72
BAT_115,1080,3.8067,1.0033,26.69
BAT_115,1100,3.8027,1.0026,26.71
BAT_115,1120,3.8051,1.0047,26.75
BAT_115,1140,3.8032,1.0045,26.81
BAT_115,1160,3.8011,1.0068,26.72
BAT_115,1180,3.8009,1.0067,26.72
BAT_115,1200,3.8054,0.9981,26.87
BAT_115,1220,3.8025,1.0014,26.83
BAT_115,1240,3.8021,1.0061,26.94
BAT_115,1260,3.799,0.9879,26.94
BAT_115,1280,3.8043,0.9988,26.92
BAT_115,1300,3.8012,1.0046,26.87
BAT_115,1320,3.7983,1.0011,27.02
BAT_115,1340,3.8031,0.9984,27.07
BAT_115,1360,3.8008,1.0026,27.06
BAT_115,1380,3.805,1.0056,27.02
BAT_115,1400,3.8017,1.0044,27.02
BAT_115,1420,3.8009,0.9975,27.11
BAT_115,1440,3.8008,1.0029,27.12
BAT_115,1460,3.7991,0.9981,27.13
BAT_115,1480,3.7985,0.9952,27.11
BAT_115,1500,3.8028,1.0077,27.24
BAT_115,1520,3.798,1.0014,27.2
BAT_115,1540,3.7979,1.0007,27.22
BAT_115,1560,3.7965,1.0012,27.19
BAT_115,1580,3.802,1.0066,27.2
BAT_115,1600,3.7985,0.9991,27.17
BAT_115,1620,3.7979,1.0058,27.3
BAT_115,1640,3.7992,0.9966,27.3
BAT_115,1660,3.8004,0.993,27.28
BAT_115,1680,3.7977,1.0,27.31
BAT_115,1700,3.7976,1.0005,27.45
BAT_115,1720,3.7974,1.0015,27.43
BAT_115,1740,3.7973,1.0025,27.45
BAT_115,1760,3.7963,0.994,27.42
BAT_115,1780,3.7986,0.9973,27.49
BAT_115,1800,3.7935,0.9996,27.47
BAT_115,1820,3.797,1.0005,27.52
BAT_115,1840,3.7938,1.0118,27.56
BAT_115,1860,3.7956,1.0048,27.51
BAT_115,1880,3.7923,0.9981,27.52
BAT_115,1900,3.7981,0.9968,27.69
BAT_115,1920,3.7981,1.002,27.67
BAT_115,1940,3.7956,0.9959,27.6
BAT_115,1960,3.796,1.0014,27.71
BAT_115,1980,3.7949,1.0014,27.74
BAT_115,2000,3.795,0.9998,27.69
BAT_116,0,3.9832,1.0064,24.51
BAT_116,20,3.9617,1.0048,24.54
BAT_116,40,3.9387,0.9909,24.49
BAT_116,60,3.9211,0.9988,24.55
BAT_116,80,3.9026,1.0033,24.48
BAT_116,100,3.8864,1.0047,24.61
BAT_116,120,3.8724,0.9963,24.62
BAT_116,140,3.8584,1.0059,24.63
BAT_116,160,3.8439,0.9961,24.71
BAT_116,180,3.8339,1.0045,24.68
BAT_116,200,3.827,1.0031,24.73
BAT_116,220,3.814,1.0048,24.78
BAT_116,240,3.8084,1.0049,24.75
BAT_116,260,3.8018,1.0049,24.76
BAT_116,280,3.7956,1.0009,24.77
BAT_116,300,3.7863,1.0025,24.87
BAT_116,320,3.784,0.9974,24.86
BAT_116,340,3.7787,1.0005,24.95
BAT_116,360,3.7758,1.0047,24.93
BAT_116,380,3.7676,1.008,25.02
BAT_116,400,3.7652,0.9985,25.02
BAT_116,420,3.7611,1.0052,25.09
BAT_116,440,3.76,1.0035,25.03
BAT_116,460,3.7514,1.0076,25.02
BAT_116,480,3.752,1.0013,25.12
BAT_116,500,3.7517,1.0015,25.14
BAT_116,520,3.7471,0.9999,25.2
BAT_116,540,3.7436,1.001,25.26
BAT_116,560,3.748,1.0029,25.11
BAT_116,580,3.7431,1.0043,25.28
BAT_116,600,3.7413,0.9956,25.34
BAT_116,620,3.7404,0.9961,25.28
BAT_116,640,3.7369,0.9988,25.29
BAT_116,660,3.7373,0.9973,25.38
BAT_116,680,3.7384,0.9995,25.33
BAT_116,700,3.7328,0.9998,25.45
BAT_116,720,3.7321,1.0075,25.43
BAT_116,740,3.7357,0.9998,25.48
BAT_116,760,3.7333,0.9973,25.55
BAT_116,780,3.7288,0.9894,25.52
BAT_116,800,3.729,0.9983,25.53
BAT_116,820,3.7294,1.0048,25.47
BAT_116,840,3.729,0.9958,25.68
BAT_116,860,3.7276,1.0044,25.71
BAT_116,880,3.7253,1.0053,25.65
BAT_116,900,3.7268,1.0065,25.69
BAT_116,920,3.7274,0.9956,25.65
BAT_116,940,3.7249,0.9959,25.77
BAT_116,960,3.724,0.996,25.77
BAT_116,980,3.7272,0.9995,25.8
BAT_116,1000,3.7252,0.998,25.9
BAT_116,1020,3.7248,0.9956,25.82
BAT_116,1040,3.7263,1.0045,25.8
BAT_116,1060,3.7242,0.991,25.9
BAT_116,1080,3.7257,1.0063,25.83
BAT_116,1100,3.7203,1.0056,25.92
BAT_116,1120,3.7255,1.0033,25.99
BAT_116,1140,3.7234,1.004,26.07
BAT_116,1160,3.7197,0.9915,26.0
BAT_116,1180,3.7223,1.0071,26.09
BAT_116,1200,3.7204,1.0093,26.01
BAT_116,1220,3.72,1.0017,26.11
BAT_116,1240,3.7256,1.0064,26.17
BAT_116,1260,3.7207,1.0021,26.22
BAT_116,1280,3.7214,0.9991,26.15
BAT_116,1300,3.7165,1.0037,26.27
BAT_116,1320,3.7169,1.006,26.32
BAT_116,1340,3.7165,1.0004,26.25
BAT_116,1360,3.7186,0.9976,26.32
BAT_116,1380,3.7192,0.9997,26.44
BAT_116,1400,3.7189,1.0033,26.41
BAT_116,1420,3.7164,0.9959,26.43
BAT_116,1440,3.7182,1.0,26.37
BAT_116,1460,3.7168,0.997,26.44
BAT_116,1480,3.7186,0.9928,26.37
BAT_116,1500,3.7199,1.0063,26.37
BAT_116,1520,3.7195,1.0004,26.51
BAT_116,1540,3.7157,1.0061,26.54
BAT_116,1560,3.7152,0.9976,26.56
BAT_116,1580,3.7171,1.0105,26.55
BAT_116,1600,3.7171,0.9951,26.68
BAT_116,1620,3.7188,1.0001,26.7
BAT_116,1640,3.7135,1.0015,26.64
BAT_116,1660,3.7149,1.0054,26.71
BAT_116,1680,3.717,0.9979,26.83
BAT_116,1700,3.7169,0.9943,26.78
BAT_116,1720,3.7151,1.0013,26.73
BAT_116,1740,3.715,0.999,26.86
BAT_116,1760,3.715,0.997,26.75
BAT_116,1780,3.715,0.9973,26.9
BAT_116,1800,3.7132,1.012,26.93
BAT_116,1820,3.7107,1.0045,26.88
BAT_116,1840,3.7135,1.0046,26.96
BAT_116,1860,3.7147,1.0062,26.87
BAT_116,1880,3.7134,0.9893,26.98
BAT_116,1900,3.7121,0.999,27.03
BAT_116,1920,3.7082,1.0081,27.03
BAT_116,1940,3.7112,0.9946,27.08
BAT_116,1960,3.7145,0.9955,27.12
BAT_116,1980,3.7082,0.9998,27.09
BAT_116,2000,3.7088,0.9955,27.16
BAT_117,0,4.0446,0.9996,24.82
BAT_117,20,4.0247,0.9988,24.8
BAT_117,40,4.0109,0.9981,24.91
BAT_117,60,3.9963,1.0004,24.84
BAT_117,80,3.9856,0.995,24.89
BAT_117,100,3.9729,1.0035,24.94
BAT_117,120,3.9672,0.9924,24.9
BAT_117,140,3.952,0.9972,24.89
BAT_117,160,3.9484,0.9982,24.99
BAT_117,180,3.9408,0.9955,25.02
BAT_117,200,3.9352,1.0017,24.95
BAT_117,220,3.9278,0.9984,25.04
BAT_117,240,3.9179,0.9959,25.11
BAT_117,260,3.9167,0.9967,24.98
BAT_117,280,3.9105,0.9987,25.07
BAT_117,300,3.9042,1.0119,25.1
BAT_117,320,3.9065,1.0109,25.17
BAT_117,340,3.9017,1.0067,25.12
BAT_117,360,3.8956,0.9942,25.1
BAT_117,380,3.894,1.0,25.24
BAT_117,400,3.8896,0.9993,25.24
BAT_117,420,3.8879,1.005,25.25
BAT_117,440,3.8875,0.9964,25.27
BAT_117,460,3.8836,1.0071,25.13
BAT_117,480,3.8818,1.0068,25.3
BAT_117,500,3.8838,1.0008,25.36
BAT_117,520,3.8773,0.9928,25.28
BAT_117,540,3.8753,0.9943,25.37
BAT_117,560,3.8756,1.003,25.3
BAT_117,580,3.8734,0.9916,25.42
BAT_117,600,3.8727,1.007,25.5
BAT_117,620,3.8727,1.0052,25.37
BAT_117,640,3.8699,1.0044,25.46
BAT_117,660,3.8705,1.0081,25.51
BAT_117,680,3.871,0.9977,25.57
BAT_117,700,3.8692,1.0004,25.47
BAT_117,720,3.8691,0.997,25.58
BAT_117,740,3.8701,1.0015,25.58
BAT_117,760,3.8706,0.9981,25.58
BAT_117,780,3.8707,1.0019,25.62
BAT_117,800,3.866,1.0044,25.59
BAT_117,820,3.8624,0.9961,25.62
BAT_117,840,3.8682,0.9991,25.65
BAT_117,860,3.8649,1.0054,25.73
BAT_117,880,3.8648,0.9922,25.76
BAT_117,900,3.8669,1.0032,25.73
BAT_117,920,3.865,1.0007,25.77
BAT_117,940,3.8632,0.9999,25.71
BAT_117,960,3.8639,1.0018,25.79
BAT_117,980,3.8629,0.9941,25.87
BAT_117,1000,3.8626,0.9999,25.78
BAT_117,1020,3.8615,0.9954,25.88
BAT_117,1040,3.8618,0.9919,25.97
BAT_117,1060,3.8633,1.0029,25.86
BAT_117,1080,3.8621,1.0064,25.84
BAT_117,1100,3.8623,1.0011,25.89
BAT_117,1120,3.8649,0.9911,25.94
BAT_117,1140,3.8599,0.999,26.06
BAT_117,1160,3.8582,1.0024,26.06
BAT_117,1180,3.8589,1.0114,26.03
BAT_117,1200,3.8593,1.0017,26.02
BAT_117,1220,3.8591,1.0038,26.05
BAT_117,1240,3.862,1.0046,26.05
BAT_117,1260,3.8558,0.9949,26.17
BAT_117,1280,3.8593,1.0057,26.06
BAT_117,1300,3.8628,0.9991,26.22
BAT_117,1320,3.8604,1.0041,26.14
BAT_117,1340,3.8567,1.0023,26.22
BAT_117,1360,3.8562,1.0005,26.27
BAT_117,1380,3.8616,1.0039,26.28
BAT_117,1400,3.8558,0.9948,26.25
BAT_117,1420,3.8552,0.9969,26.3
BAT_117,1440,3.8606,0.9991,26.29
BAT_117,1460,3.8589,0.9954,26.3
BAT_117,1480,3.8578,0.9991,26.44
BAT_117,1500,3.8584,0.997,26.44
BAT_117,1520,3.8595,1.0017,26.38
BAT_117,1540,3.8591,1.0015,26.46
BAT_117,1560,3.8578,0.9978,26.47
BAT_117,1580,3.8577,1.0021,26.5
BAT_117,1600,3.8537,0.997,26.53
BAT_117,1620,3.8558,1.0004,26.59
BAT_117,1640,3.8607,1.0076,26.57
BAT_117,1660,3.8585,1.0023,26.66
BAT_117,1680,3.8566,0.9915,26.54
BAT_117,1700,3.8544,0.9902,26.61
BAT_117,1720,3.8539,1.0034,26.69
BAT_117,1740,3.8528,1.0046,26.7
BAT_117,1760,3.8537,0.9922,26.76
BAT_117,1780,3.8556,1.0011,26.72
BAT_117,1800,3.8552,0.9947,26.72
BAT_117,1820,3.8591,0.9995,26.8
BAT_117,1840,3.8547,1.0007,26.73
BAT_117,1860,3.8524,1.0078,26.72
BAT_117,1880,3.8557,0.9909,26.79
BAT_117,1900,3.8543,0.999,26.8
BAT_117,1920,3.855,0.9913,26.88
BAT_117,1940,3.8539,1.0003,26.82
BAT_117,1960,3.8533,0.9993,26.92
BAT_117,1980,3.8558,1.0,26.9
BAT_117,2000,3.8546,1.0,26.91
BAT_118,0,4.0389,0.9929,24.31
BAT_118,20,4.021,0.9978,24.16
BAT_118,40,4.0061,0.9943,24.31
BAT_118,60,3.9901,0.9987,24.3
BAT_118,80,3.9782,0.9956,24.42
BAT_118,100,3.9636,1.005,24.37
BAT_118,120,3.9539,1.0026,24.36
BAT_118,140,3.947,0.9985,24.41
BAT_118,160,3.9371,0.9957,24.51
BAT_118,180,3.927,0.9992,24.44
BAT_118,200,3.9178,0.9965,24.48
BAT_118,220,3.9139,1.0002,24.51
BAT_118,240,3.9125,0.9921,24.54
BAT_118,260,3.8978,0.9959,24.47
BAT_118,280,3.8948,0.9932,24.69
BAT_118,300,3.8916,0.9979,24.61
BAT_118,320,3.8862,1.0016,24.53
BAT_118,340,3.8911,0.9982,24.58
BAT_118,360,3.8803,1.0063,24.71
BAT_118,380,3.882,1.0022,24.66
BAT_118,400,3.8745,1.0021,24.74
BAT_118,420,3.8774,1.0054,24.73
BAT_118,440,3.8734,0.9975,24.65
BAT_118,460,3.8708,0.9854,24.78
BAT_118,480,3.867,1.0071,24.7
BAT_118,500,3.8655,0.9909,24.72
BAT_118,520,3.8616,0.9982,24.8
BAT_118,540,3.8627,0.9946,24.81
BAT_118,560,3.8592,1.0091,24.79
BAT_118,580,3.8607,0.9998,24.9
BAT_118,600,3.8592,1.0,24.92
BAT_118,620,3.8577,0.9998,24.88
BAT_118,640,3.8568,1.0023,24.92
BAT_118,660,3.8561,0.998,25.0
BAT_118,680,3.855,1.0062,24.98
BAT_118,700,3.855,0.9998,25.0
BAT_118,720,3.852,1.0047,24.95
BAT_118,740,3.8518,1.0025,25.15
BAT_118,760,3.8519,1.0022,25.1
BAT_118,780,3.8493,1.0021,25.15
BAT_118,800,3.8542,1.0012,25.08
BAT_118,820,3.8507,1.003,25.02
BAT_118,840,3.8512,1.0004,25.14
BAT_118,860,3.8488,1.0107,25.13
BAT_118,880,3.8507,1.0009,25.19
BAT_118,900,3.8508,1.0072,25.18
BAT_118,920,3.847,0.9981,25.25
BAT_118,940,3.8453,0.9978,25.29
BAT_118,960,3.8449,1.0026,25.28
BAT_118,980,3.8481,1.0051,25.25
BAT_118,1000,3.8474,1.0036,25.3
BAT_118,1020,3.8443,0.9976,25.27
BAT_118,1040,3.8463,0.996,25.31
BAT_118,1060,3.8463,0.9995,25.25
BAT_118,1080,3.8458,0.9999,25.39
BAT_118,1100,3.8459,0.9956,25.34
BAT_118,1120,3.843,0.9995,25.44
BAT_118,1140,3.8414,0.9992,25.4
BAT_118,1160,3.844,0.9992,25.42
BAT_118,1180,3.8473,0.9936,25.52
BAT_118,1200,3.8464,1.0083,25.5
BAT_118,1220,3.8485,0.9982,25.52
BAT_118,1240,3.8456,0.9959,25.53
BAT_118,1260,3.8438,1.0028,25.57
BAT_118,1280,3.8451,1.0008,25.61
BAT_118,1300,3.8452,1.0101,25.69
BAT_118,1320,3.8446,1.0035,25.54
BAT_118,1340,3.8437,1.0062,25.65
BAT_118,1360,3.8461,1.0007,25.62
BAT_118,1380,3.8455,1.0064,25.67
BAT_118,1400,3.8441,1.0006,25.7
BAT_118,1420,3.8432,1.0016,25.8
BAT_118,1440,3.8431,1.0014,25.77
BAT_118,1460,3.8394,0.9969,25.64
BAT_118,1480,3.8412,1.003,25.75
BAT_118,1500,3.8395,1.0049,25.74
BAT_118,1520,3.8396,0.9971,25.81
BAT_118,1540,3.8421,1.0032,25.8
BAT_118,1560,3.8405,1.0026,25.83
BAT_118,1580,3.8417,1.0037,25.93
BAT_118,1600,3.8409,0.9893,25.92
BAT_118,1620,3.8438,1.0004,25.82
BAT_118,1640,3.842,0.998,25.96
BAT_118,1660,3.8406,0.9965,25.95
BAT_118,1680,3.8405,1.0043,25.94
BAT_118,1700,3.8429,1.0034,26.05
BAT_118,1720,3.8391,1.0056,26.06
BAT_118,1740,3.8379,1.0009,25.98
BAT_118,1760,3.8384,1.0036,26.05
BAT_118,1780,3.8449,1.005,26.17
BAT_118,1800,3.8405,0.9952,26.01
BAT_118,1820,3.8387,1.0015,26.14
BAT_118,1840,3.8358,1.0013,26.06
BAT_118,1860,3.8392,1.006,26.08
BAT_118,1880,3.8384,1.002,26.18
BAT_118,1900,3.8363,1.0093,26.24
BAT_118,1920,3.8361,1.0058,26.17
BAT_118,1940,3.836,1.0022,26.2
BAT_118,1960,3.838,1.0043,26.19
BAT_118,1980,3.8405,0.9958,26.29
BAT_118,2000,3.8381,1.0075,26.18
BAT_119,0,4.1446,0.9966,25.2
BAT_119,20,4.1396,0.9964,25.09
BAT_119,40,4.1323,1.0057,25.11
BAT_119,60,4.125,0.9998,25.14
BAT_119,80,4.1174,1.0015,25.14
BAT_119,100,4.1149,0.9959,25.17
BAT_119,120,4.1076,0.9956,25.16
BAT_119,140,4.1059,0.9958,25.21
BAT_119,160,4.1,1.0007,25.28
BAT_119,180,4.0993,1.0028,25.15
BAT_119,200,4.0903,0.9995,25.17
BAT_119,220,4.0886,1.0046,25.17
BAT_119,240,4.0859,1.0048,25.22
BAT_119,260,4.0863,1.0056,25.14
BAT_119,280,4.0839,0.9974,25.28
BAT_119,300,4.0834,0.9993,25.14
BAT_119,320,4.0803,1.0062,25.25
BAT_119,340,4.0809,1.0075,25.27
BAT_119,360,4.0766,0.9971,25.26
BAT_119,380,4.0766,1.0027,25.24
BAT_119,400,4.0732,0.9913,25.32
BAT_119,420,4.0707,1.0005,25.26
BAT_119,440,4.0698,0.9978,25.26
BAT_119,460,4.0696,1.0068,25.32
BAT_119,480,4.0664,0.9973,25.26
BAT_119,500,4.0684,0.9971,25.27
BAT_119,520,4.068,1.004,25.37
BAT_119,540,4.0676,0.9958,25.36
BAT_119,560,4.069,1.0012,25.4
BAT_119,580,4.0668,0.9954,25.36
BAT_119,600,4.068,1.0093,25.37
BAT_119,620,4.0684,1.0001,25.36
BAT_119,640,4.0639,1.0033,25.43
BAT_119,660,4.0651,1.003,25.45
BAT_119,680,4.066,1.0062,25.39
BAT_119,700,4.0633,1.0004,25.39
BAT_119,720,4.0626,1.0039,25.45
BAT_119,740,4.0625,0.9996,25.46
BAT_119,760,4.0654,0.9998,25.46
BAT_119,780,4.0609,1.0035,25.43
BAT_119,800,4.0637,1.0024,25.44
BAT_119,820,4.0599,1.0021,25.33
BAT_119,840,4.0604,0.997,25.43
BAT_119,860,4.0574,1.0009,25.38
BAT_119,880,4.062,0.9922,25.44
BAT_119,900,4.0621,0.9969,25.51
BAT_119,920,4.0639,1.0052,25.52
BAT_119,940,4.0599,1.0114,25.51
BAT_119,960,4.0625,0.9967,25.51
BAT_119,980,4.06,1.0012,25.51
BAT_119,1000,4.058,1.0032,25.49
BAT_119,1020,4.0592,1.0092,25.42
BAT_119,1040,4.0604,0.9905,25.51
BAT_119,1060,4.0593,0.9987,25.59
BAT_119,1080,4.0585,0.9927,25.52
BAT_119,1100,4.0566,0.9998,25.59
BAT_119,1120,4.0558,0.9993,25.57
BAT_119,1140,4.0593,0.9925,25.65
BAT_119,1160,4.0586,1.005,25.55
BAT_119,1180,4.0569,1.0048,25.65
BAT_119,1200,4.059,0.992,25.51
BAT_119,1220,4.0602,1.0067,25.6
BAT_119,1240,4.0587,1.0062,25.65
BAT_119,1260,4.0583,1.003,25.68
BAT_119,1280,4.0611,1.004,25.64
BAT_119,1300,4.0585,1.0005,25.6
BAT_119,1320,4.0593,0.991,25.67
BAT_119,1340,4.0583,1.0017,25.65
BAT_119,1360,4.0593,1.009,25.57
BAT_119,1380,4.0624,0.9988,25.76
BAT_119,1400,4.0602,1.0092,25.69
BAT_119,1420,4.0585,1.0109,25.67
BAT_119,1440,4.0589,1.0046,25.67
BAT_119,1460,4.0624,1.0073,25.83
BAT_119,1480,4.0597,1.0062,25.72
BAT_119,1500,4.0562,1.0061,25.7
BAT_119,1520,4.0572,1.0023,25.71
BAT_119,1540,4.0566,0.9874,25.75
BAT_119,1560,4.0568,0.9914,25.68
BAT_119,1580,4.0538,0.9948,25.75
BAT_119,1600,4.0567,0.9996,25.79
BAT_119,1620,4.0551,1.0041,25.76
BAT_119,1640,4.0529,0.9933,25.78
BAT_119,1660,4.0579,0.9932,25.77
BAT_119,1680,4.0547,0.9973,25.81
BAT_119,1700,4.0581,0.9993,25.8
BAT_119,1720,4.0559,1.0,25.87
BAT_119,1740,4.0579,1.0095,25.82
BAT_119,1760,4.0552,1.0102,25.86
BAT_119,1780,4.0584,1.0033,25.86
BAT_119,1800,4.0551,1.0078,25.89
BAT_119,1820,4.0551,1.0021,25.92
BAT_119,1840,4.0576,1.0015,25.83
BAT_119,1860,4.0588,1.0015,25.88
BAT_119,1880,4.0576,1.0047,25.93
BAT_119,1900,4.0578,1.0033,25.84
BAT_119,1920,4.0564,1.0042,25.84
BAT_119,1940,4.0538,1.0042,25.88
BAT_119,1960,4.0527,1.0058,25.86
BAT_119,1980,4.0589,1.0002,25.91
BAT_119,2000,4.0568,0.9966,25.96
BAT_120,0,4.0401,1.007,25.88
BAT_120,20,4.0264,1.0074,25.87
BAT_120,40,4.0159,1.0036,25.86
BAT_120,60,4.0018,1.0048,25.89
BAT_120,80,3.9885,0.9901,26.02
BAT_120,100,3.9797,1.0028,26.0
BAT_120,120,3.9696,0.9964,25.89
BAT_120,140,3.9625,1.0017,25.93
BAT_120,160,3.9548,0.9975,26.02
BAT_120,180,3.9487,1.0054,26.04
BAT_120,200,3.9417,1.0025,26.17
BAT_120,220,3.9375,1.0005,26.11
BAT_120,240,3.9339,0.9995,26.13
BAT_120,260,3.9283,1.0093,26.1
BAT_120,280,3.9213,1.0034,26.05
BAT_120,300,3.9183,0.9978,26.16
BAT_120,320,3.9141,1.0027,26.15
BAT_120,340,3.9085,1.0064,26.13
BAT_120,360,3.9125,0.9908,26.25
BAT_120,380,3.9065,1.0073,26.23
BAT_120,400,3.9055,1.0031,26.28
BAT_120,420,3.9039,1.0044,26.24
BAT_120,440,3.8998,0.9995,26.25
BAT_120,460,3.897,0.9997,26.34
BAT_120,480,3.8955,0.9959,26.34
BAT_120,500,3.8952,1.0021,26.32
BAT_120,520,3.894,0.9999,26.24
BAT_120,540,3.8937,0.9969,26.34
BAT_120,560,3.8914,0.999,26.42
BAT_120,580,3.8925,1.0021,26.38
BAT_120,600,3.8857,1.0015,26.4
BAT_120,620,3.8865,0.9986,26.3
BAT_120,640,3.8903,0.9964,26.49
BAT_120,660,3.8863,0.9963,26.43
BAT_120,680,3.8853,0.9986,26.52
BAT_120,700,3.8889,0.9957,26.46
BAT_120,720,3.891,0.9992,26.57
BAT_120,740,3.8861,0.9967,26.55
BAT_120,760,3.883,1.0021,26.67
BAT_120,780,3.8843,1.0029,26.6
BAT_120,800,3.8823,0.9937,26.61
BAT_120,820,3.8819,0.9985,26.63
BAT_120,840,3.8813,0.9942,26.72
BAT_120,860,3.8808,1.0033,26.72
BAT_120,880,3.8835,0.9992,26.71
BAT_120,900,3.8795,1.0043,26.7
BAT_120,920,3.8826,0.9973,26.67
BAT_120,940,3.881,1.004,26.68
BAT_120,960,3.8796,0.9965,26.8
BAT_120,980,3.8797,1.004,26.81
BAT_120,1000,3.8791,1.0022,26.77
BAT_120,1020,3.8806,0.9982,26.86
BAT_120,1040,3.8797,1.0014,26.79
BAT_120,1060,3.8773,1.0007,26.91
BAT_120,1080,3.8798,1.0057,26.86
BAT_120,1100,3.8807,0.996,26.87
BAT_120,1120,3.8767,0.9954,26.94
BAT_120,1140,3.878,1.0017,26.87
BAT_120,1160,3.8783,0.9999,26.93
BAT_120,1180,3.8775,0.993,26.86
BAT_120,1200,3.8804,1.0061,27.05
BAT_120,1220,3.8792,0.9972,27.06
BAT_120,1240,3.8766,0.9916,26.98
BAT_120,1260,3.8798,1.0018,27.04
BAT_120,1280,3.8709,1.0024,26.97
BAT_120,1300,3.8775,0.9993,27.11
BAT_120,1320,3.8755,1.0,27.15
BAT_120,1340,3.873,1.0048,27.02
BAT_120,1360,3.8769,0.9995,27.17
BAT_120,1380,3.8731,1.0033,27.08
BAT_120,1400,3.8752,1.0024,27.25
BAT_120,1420,3.8757,1.0011,27.17
BAT_120,1440,3.8732,1.0039,27.22
BAT_120,1460,3.874,1.0073,27.16
BAT_120,1480,3.8771,0.9932,27.25
BAT_120,1500,3.8747,0.9998,27.25
BAT_120,1520,3.8743,1.0011,27.21
BAT_120,1540,3.8729,1.0001,27.35
BAT_120,1560,3.8739,0.9981,27.34
BAT_120,1580,3.8753,0.9957,27.37
BAT_120,1600,3.8756,0.9955,27.32
BAT_120,1620,3.8749,0.9994,27.49
BAT_120,1640,3.87,0.9928,27.34
BAT_120,1660,3.8724,0.9958,27.43
BAT_120,1680,3.8708,0.9992,27.5
BAT_120,1700,3.8735,0.9891,27.48
BAT_120,1720,3.8718,1.0044,27.46
BAT_120,1740,3.8731,1.0007,27.54
BAT_120,1760,3.8749,0.9981,27.44
BAT_120,1780,3.8716,0.9974,27.44
BAT_120,1800,3.8703,0.9941,27.54
BAT_120,1820,3.8703,1.0059,27.52
BAT_120,1840,3.8728,0.9947,27.62
BAT_120,1860,3.8712,0.9974,27.6
BAT_120,1880,3.8734,1.0061,27.54
BAT_120,1900,3.8702,0.9948,27.78
BAT_120,1920,3.8727,1.0087,27.66
BAT_120,1940,3.8716,1.0025,27.69
BAT_120,1960,3.87,1.0054,27.75
BAT_120,1980,3.8725,0.9982,27.7
BAT_120,2000,3.8731,0.9965,27.74
BAT_121,0,4.1626,1.0043,24.52
BAT_121,20,4.1504,0.9944,24.47
BAT_121,40,4.145,0.9982,24.51
BAT_121,60,4.143,0.9925,24.6
BAT_121,80,4.132,0.9942,24.55
BAT_121,100,4.1285,1.0045,24.5
BAT_121,120,4.1193,1.0041,24.55
BAT_121,140,4.1164,0.9956,24.57
BAT_121,160,4.113,1.0027,24.59
BAT_121,180,4.1071,1.0039,24.56
BAT_121,200,4.1088,1.0021,24.57
BAT_121,220,4.1011,1.0023,24.52
BAT_121,240,4.1007,1.0061,24.64
BAT_121,260,4.1012,1.0033,24.62
BAT_121,280,4.0994,1.0019,24.69
BAT_121,300,4.095,0.9963,24.61
BAT_121,320,4.0956,0.9916,24.67
BAT_121,340,4.0929,1.0065,24.54
BAT_121,360,4.093,0.9904,24.61
BAT_121,380,4.0876,1.0044,24.72
BAT_121,400,4.0849,0.9952,24.79
BAT_121,420,4.0879,1.0054,24.69
BAT_121,440,4.0817,0.9965,24.62
BAT_121,460,4.0859,0.9891,24.65
BAT_121,480,4.0828,1.0042,24.75
BAT_121,500,4.0819,0.99,24.66
BAT_121,520,4.0826,0.9942,24.72
BAT_121,540,4.0842,0.9885,24.61
BAT_121,560,4.0789,0.9978,24.68
BAT_121,580,4.0793,1.0019,24.72
BAT_121,600,4.082,1.0012,24.72
BAT_121,620,4.0824,1.0113,24.76
BAT_121,640,4.082,0.9977,24.7
BAT_121,660,4.0781,1.0014,24.62
BAT_121,680,4.0805,1.0011,24.74
BAT_121,700,4.0774,0.9951,24.81
BAT_121,720,4.0778,1.0019,24.7
BAT_121,740,4.0784,1.0035,24.71
BAT_121,760,4.0775,1.004,24.82
BAT_121,780,4.0801,0.9973,24.71
BAT_121,800,4.0717,0.9991,24.86
BAT_121,820,4.0794,0.9982,24.82
BAT_121,840,4.0793,0.9948,24.8
BAT_121,860,4.0762,1.0011,24.88
BAT_121,880,4.077,1.0022,24.86
BAT_121,900,4.0784,1.0019,24.85
BAT_121,920,4.077,1.0031,24.86
BAT_121,940,4.0776,1.0058,24.83
BAT_121,960,4.0786,1.0002,24.85
BAT_121,980,4.0763,1.0072,24.84
BAT_121,1000,4.0736,1.001,24.77
BAT_121,1020,4.0745,1.0023,24.87
BAT_121,1040,4.0758,1.0013,24.77
BAT_121,1060,4.0741,1.003,24.89
BAT_121,1080,4.0733,1.0069,24.9
BAT_121,1100,4.0763,0.9966,24.93
BAT_121,1120,4.0754,1.0096,24.89
BAT_121,1140,4.0734,0.998,25.01
BAT_121,1160,4.074,0.9952,24.81
BAT_121,1180,4.0734,0.9961,24.92
BAT_121,1200,4.0757,0.9999,25.01
BAT_121,1220,4.0762,1.0052,24.98
BAT_121,1240,4.0748,1.0056,24.94
BAT_121,1260,4.0745,0.9991,24.91
BAT_121,1280,4.074,0.9961,24.99
BAT_121,1300,4.0773,0.995,25.04
BAT_121,1320,4.0734,1.0053,24.97
BAT_121,1340,4.0747,0.9952,24.95
BAT_121,1360,4.0724,0.9989,24.96
BAT_121,1380,4.0716,0.9983,24.92
BAT_121,1400,4.0747,1.0045,24.88
BAT_121,1420,4.0744,1.0015,24.96
BAT_121,1440,4.0749,0.9953,25.03
BAT_121,1460,4.0725,1.0031,24.99
BAT_121,1480,4.074,1.0017,25.09
BAT_121,1500,4.0755,1.005,24.98
BAT_121,1520,4.0722,1.0115,24.96
BAT_121,1540,4.0734,0.9987,25.12
BAT_121,1560,4.0717,1.0067,24.97
BAT_121,1580,4.0711,0.996,25.0
BAT_121,1600,4.0716,0.9926,25.07
BAT_121,1620,4.0699,1.0057,25.09
BAT_121,1640,4.0742,0.9917,25.15
BAT_121,1660,4.0679,0.9934,24.98
BAT_121,1680,4.072,0.9914,25.06
BAT_121,1700,4.0707,0.9933,25.11
BAT_121,1720,4.0713,1.004,25.05
BAT_121,1740,4.0699,0.9975,25.19
BAT_121,1760,4.0699,0.9966,25.14
BAT_121,1780,4.0695,0.9874,25.1
BAT_121,1800,4.0711,0.9948,25.09
BAT_121,1820,4.0722,0.9914,25.15
BAT_121,1840,4.0733,0.9985,25.08
BAT_121,1860,4.0721,1.0064,25.13
BAT_121,1880,4.0721,1.0047,25.23
BAT_121,1900,4.0733,0.9957,25.09
BAT_121,1920,4.0713,1.0057,25.15
BAT_121,1940,4.0712,0.9995,25.17
BAT_121,1960,4.0689,1.0009,25.23
BAT_121,1980,4.0694,1.0058,25.1
BAT_121,2000,4.0683,0.9968,25.24
BAT_122,0,4.1464,1.0068,25.7
BAT_122,20,4.1395,0.9969,25.73
BAT_122,40,4.1295,1.0048,25.75
BAT_122,60,4.1219,1.0033,25.8
BAT_122,80,4.1143,0.998,25.71
BAT_122,100,4.114,0.9905,25.78
BAT_122,120,4.1051,1.0012,25.75
BAT_122,140,4.099,1.0073,25.85
BAT_122,160,4.0915,0.9986,25.72
BAT_122,180,4.0912,0.9969,25.83
BAT_122,200,4.0873,1.0039,25.83
BAT_122,220,4.0845,1.0064,25.8
BAT_122,240,4.0796,1.0038,25.78
BAT_122,260,4.076,1.0084,25.89
BAT_122,280,4.0748,1.0028,25.8
BAT_122,300,4.0705,1.0051,25.91
BAT_122,320,4.0695,0.999,25.96
BAT_122,340,4.0683,0.9936,25.86
BAT_122,360,4.0661,0.9977,25.9
BAT_122,380,4.0628,1.002,25.85
BAT_122,400,4.0642,0.995,25.89
BAT_122,420,4.0627,0.9932,25.92
BAT_122,440,4.0595,1.0009,26.05
BAT_122,460,4.0583,0.994,25.9
BAT_122,480,4.0604,1.0004,25.94
BAT_122,500,4.0587,0.9991,25.95
BAT_122,520,4.058,0.9944,25.91
BAT_122,540,4.053,1.0071,26.0
BAT_122,560,4.0545,1.0022,25.85
BAT_122,580,4.0531,1.0003,25.96
BAT_122,600,4.056,0.9943,25.86
BAT_122,620,4.0509,1.0063,25.98
BAT_122,640,4.0522,1.0008,26.0
BAT_122,660,4.0522,1.0057,26.09
BAT_122,680,4.0542,0.9987,26.03
BAT_122,700,4.0559,1.0082,26.12
BAT_122,720,4.0512,1.0004,26.1
BAT_122,740,4.0479,1.0084,26.01
BAT_122,760,4.0498,0.9946,26.08
BAT_122,780,4.053,1.0015,26.07
BAT_122,800,4.0485,0.9991,26.13
BAT_122,820,4.0452,1.0028,26.07
BAT_122,840,4.047,0.9881,26.22
BAT_122,860,4.0471,1.0028,26.17
BAT_122,880,4.0505,0.9986,26.05
BAT_122,900,4.0461,0.9997,26.18
BAT_122,920,4.0489,1.0032,26.15
BAT_122,940,4.047,0.9912,26.15
BAT_122,960,4.0511,1.0029,26.14
BAT_122,980,4.0485,0.9976,26.12
BAT_122,1000,4.0469,0.9995,26.02
BAT_122,1020,4.0473,1.0023,26.14
BAT_122,1040,4.0517,1.0081,26.25
BAT_122,1060,4.0457,0.998,26.22
BAT_122,1080,4.045,0.9981,26.19
BAT_122,1100,4.0476,0.9977,26.24
BAT_122,1120,4.0444,1.0016,26.28
BAT_122,1140,4.0462,0.9941,26.29
BAT_122,1160,4.0483,0.9967,26.37
BAT_122,1180,4.0491,0.9937,26.31
BAT_122,1200,4.0477,0.9979,26.23
BAT_122,1220,4.0437,1.0,26.39
BAT_122,1240,4.0468,0.9948,26.27
BAT_122,1260,4.0457,1.0013,26.34
BAT_122,1280,4.0471,1.001,26.36
BAT_122,1300,4.051,1.0004,26.32
BAT_122,1320,4.0458,1.0014,26.39
BAT_122,1340,4.0433,0.9965,26.38
BAT_122,1360,4.0454,1.0095,26.34
BAT_122,1380,4.0463,1.0061,26.39
BAT_122,1400,4.0475,0.9996,26.24
BAT_122,1420,4.046,1.0041,26.38
BAT_122,1440,4.042,0.9976,26.4
BAT_122,1460,4.0456,1.0093,26.34
BAT_122,1480,4.0474,0.9971,26.37
BAT_122,1500,4.0386,0.9988,26.39
BAT_122,1520,4.046,1.0018,26.38
BAT_122,1540,4.0457,1.0025,26.43
BAT_122,1560,4.0453,1.0001,26.39
BAT_122,1580,4.0465,0.9979,26.4
BAT_122,1600,4.0465,0.9942,26.44
BAT_122,1620,4.0471,0.9925,26.46
BAT_122,1640,4.0447,1.003,26.48
BAT_122,1660,4.0438,1.0059,26.54
BAT_122,1680,4.0437,1.0022,26.55
BAT_122,1700,4.0445,1.0006,26.49
BAT_122,1720,4.044,1.0086,26.55
BAT_122,1740,4.0413,1.014,26.6
BAT_122,1760,4.0428,1.0012,26.44
BAT_122,1780,4.04,0.9972,26.5
BAT_122,1800,4.0447,1.0052,26.53
BAT_122,1820,4.046,1.003,26.46
BAT_122,1840,4.0454,1.0012,26.56
BAT_122,1860,4.0457,0.9922,26.58
BAT_122,1880,4.0449,1.0009,26.62
BAT_122,1900,4.0441,0.996,26.57
BAT_122,1920,4.047,0.9914,26.56
BAT_122,1940,4.0468,1.0029,26.6
BAT_122,1960,4.0428,0.9985,26.61
BAT_122,1980,4.0434,0.9882,26.67
BAT_122,2000,4.0412,0.9899,26.6
BAT_123,0,3.9601,0.997,25.97
BAT_123,20,3.9364,0.9976,25.97
BAT_123,40,3.9061,1.0043,25.98
BAT_123,60,3.8827,1.004,25.98
BAT_123,80,3.8634,0.9945,25.99
BAT_123,100,3.8399,1.0028,26.05
BAT_123,120,3.822,0.9982,26.09
BAT_123,140,3.81,1.0024,26.05
BAT_123,160,3.7929,1.0022,26.13
BAT_123,180,3.7809,0.9981,26.16
BAT_123,200,3.7658,1.0053,26.14
BAT_123,220,3.7561,1.0011,26.2
BAT_123,240,3.7479,0.9974,26.34
BAT_123,260,3.7421,1.0011,26.39
BAT_123,280,3.7314,0.9928,26.33
BAT_123,300,3.7265,1.0037,26.34
BAT_123,320,3.715,0.9953,26.33
BAT_123,340,3.7121,0.9943,26.4
BAT_123,360,3.7021,0.9952,26.49
BAT_123,380,3.7016,0.9945,26.58
BAT_123,400,3.6944,0.999,26.46
BAT_123,420,3.6904,0.9993,26.47
BAT_123,440,3.6876,0.996,26.54
BAT_123,460,3.6832,1.0021,26.59
BAT_123,480,3.682,0.9963,26.63
BAT_123,500,3.6801,0.999,26.66
BAT_123,520,3.6761,0.9948,26.7
BAT_123,540,3.676,0.9919,26.69
BAT_123,560,3.672,0.9978,26.72
BAT_123,580,3.6665,1.0013,26.79
BAT_123,600,3.6666,0.989,26.86
BAT_123,620,3.663,1.0015,26.73
BAT_123,640,3.665,1.0063,26.87
BAT_123,660,3.662,1.0006,26.95
BAT_123,680,3.6611,1.0108,26.93
BAT_123,700,3.6585,0.9914,26.9
BAT_123,720,3.6585,1.0007,27.03
BAT_123,740,3.6555,1.0042,26.99
BAT_123,760,3.6594,1.0048,26.96
BAT_123,780,3.6538,0.9924,26.99
BAT_123,800,3.6572,0.9963,27.18
BAT_123,820,3.652,1.0026,27.2
BAT_123,840,3.6534,1.0087,27.11
BAT_123,860,3.654,1.0029,27.2
BAT_123,880,3.6478,1.0082,27.21
BAT_123,900,3.654,1.0079,27.23
BAT_123,920,3.6488,0.9969,27.34
BAT_123,940,3.6478,1.0002,27.26
BAT_123,960,3.6465,0.9966,27.33
BAT_123,980,3.6522,0.9942,27.38
BAT_123,1000,3.6458,0.9989,27.4
BAT_123,1020,3.6487,0.9922,27.56
BAT_123,1040,3.6457,0.9951,27.38
BAT_123,1060,3.6449,1.0078,27.45
BAT_123,1080,3.6465,1.0046,27.51
BAT_123,1100,3.648,1.0063,27.46
BAT_123,1120,3.6455,0.9943,27.65
BAT_123,1140,3.6435,1.0012,27.64
BAT_123,1160,3.6439,0.992,27.63
BAT_123,1180,3.6443,1.0012,27.67
BAT_123,1200,3.6435,0.9947,27.77
BAT_123,1220,3.6421,0.992,27.71
BAT_123,1240,3.644,0.995,27.72
BAT_123,1260,3.6397,1.0102,27.71
BAT_123,1280,3.641,0.9998,27.82
BAT_123,1300,3.6414,0.9892,27.75
BAT_123,1320,3.6409,1.003,27.87
BAT_123,1340,3.6419,1.0033,27.92
BAT_123,1360,3.6475,0.9977,27.98
BAT_123,1380,3.6363,0.9928,27.94
BAT_123,1400,3.6394,1.004,27.91
BAT_123,1420,3.6401,0.9936,28.09
BAT_123,1440,3.6391,0.9962,28.11
BAT_123,1460,3.6395,0.9987,28.12
BAT_123,1480,3.6386,0.9985,28.04
BAT_123,1500,3.6377,1.0135,28.19
BAT_123,1520,3.6391,0.9998,28.16
BAT_123,1540,3.6365,0.9979,28.24
BAT_123,1560,3.6388,1.0023,28.23
BAT_123,1580,3.6348,0.9983,28.21
BAT_123,1600,3.6369,0.9975,28.38
BAT_123,1620,3.6398,0.9993,28.37
BAT_123,1640,3.6373,0.991,28.35
BAT_123,1660,3.637,0.9986,28.4
BAT_123,1680,3.6343,1.0079,28.4
BAT_123,1700,3.634,0.9993,28.44
BAT_123,1720,3.6359,1.0041,28.36
BAT_123,1740,3.6353,1.0032,28.44
BAT_123,1760,3.6324,1.0054,28.65
BAT_123,1780,3.635,0.9925,28.6
BAT_123,1800,3.633,1.0034,28.59
BAT_123,1820,3.6324,0.9966,28.62
BAT_123,1840,3.6335,0.9989,28.58
BAT_123,1860,3.6349,0.9938,28.71
BAT_123,1880,3.6307,0.9995,28.78
BAT_123,1900,3.6338,1.004,28.78
BAT_123,1920,3.6295,1.0026,28.85
BAT_123,1940,3.6335,1.0047,28.78
BAT_123,1960,3.634,0.995,28.78
BAT_123,1980,3.6298,1.0065,28.84
BAT_123,2000,3.6315,1.0009,28.92
BAT_124,0,4.0483,0.9979,24.08
BAT_124,20,4.0346,0.9986,24.13
BAT_124,40,4.0189,0.9877,24.1
BAT_124,60,4.0107,0.9942,24.11
BAT_124,80,3.9967,1.003,24.2
BAT_124,100,3.9851,0.9964,24.19
BAT_124,120,3.9793,1.0019,24.2
BAT_124,140,3.975,0.9955,24.16
BAT_124,160,3.961,1.005,24.23
BAT_124,180,3.9562,1.0,24.28
BAT_124,200,3.9485,0.9925,24.31
BAT_124,220,3.9454,0.9966,24.32
BAT_124,240,3.9404,0.9959,24.29
BAT_124,260,3.9363,1.0023,24.27
BAT_124,280,3.9318,0.9963,24.44
BAT_124,300,3.9282,1.0052,24.41
BAT_124,320,3.9246,1.0044,24.4
BAT_124,340,3.9229,0.9941,24.4
BAT_124,360,3.9209,1.0016,24.44
BAT_124,380,3.9146,1.0015,24.5
BAT_124,400,3.9082,0.9998,24.38
BAT_124,420,3.9124,1.0061,24.45
BAT_124,440,3.9058,1.0078,24.47
BAT_124,460,3.9046,1.0,24.43
BAT_124,480,3.904,1.001,24.54
BAT_124,500,3.9069,0.9986,24.5
BAT_124,520,3.9036,1.0088,24.56
BAT_124,540,3.9041,1.0049,24.58
BAT_124,560,3.9034,1.0044,24.67
BAT_124,580,3.8975,0.9938,24.58
BAT_124,600,3.8981,0.9993,24.66
BAT_124,620,3.9007,1.0005,24.81
BAT_124,640,3.8971,0.9971,24.78
BAT_124,660,3.8992,0.997,24.72
BAT_124,680,3.8963,1.008,24.84
BAT_124,700,3.8932,1.0042,24.76
BAT_124,720,3.8941,1.002,24.8
BAT_124,740,3.8945,1.0003,24.82
BAT_124,760,3.8938,0.9935,24.83
BAT_124,780,3.8911,1.0031,24.89
BAT_124,800,3.8944,1.0008,24.87
BAT_124,820,3.8911,1.0041,24.96
BAT_124,840,3.8927,1.0018,24.91
BAT_124,860,3.8919,1.0061,24.97
BAT_124,880,3.8927,1.0029,24.98
BAT_124,900,3.8884,1.008,24.99
BAT_124,920,3.8894,0.9984,25.0
BAT_124,940,3.89,0.9861,24.94
BAT_124,960,3.8913,0.9982,25.04
BAT_124,980,3.8881,0.9931,25.04
BAT_124,1000,3.8884,0.9923,25.12
BAT_124,1020,3.89,1.0141,25.14
BAT_124,1040,3.8878,0.9999,25.06
BAT_124,1060,3.8885,1.0054,25.18
BAT_124,1080,3.8912,1.0026,25.08
BAT_124,1100,3.8893,0.9984,25.14
BAT_124,1120,3.8891,1.0007,25.15
BAT_124,1140,3.8905,1.0003,25.25
BAT_124,1160,3.8857,0.9955,25.3
BAT_124,1180,3.8871,0.9961,25.14
BAT_124,1200,3.8859,1.0076,25.27
BAT_124,1220,3.8859,0.9921,25.29
BAT_124,1240,3.8857,1.0071,25.39
BAT_124,1260,3.8858,1.0046,25.28
BAT_124,1280,3.885,1.0025,25.39
BAT_124,1300,3.8827,0.9901,25.37
BAT_124,1320,3.8863,0.9986,25.39
BAT_124,1340,3.8828,1.0029,25.38
BAT_124,1360,3.884,1.0032,25.45
BAT_124,1380,3.8828,1.0003,25.51
BAT_124,1400,3.8851,1.0039,25.42
BAT_124,1420,3.8867,1.0084,25.44
BAT_124,1440,3.8873,0.998,25.55
BAT_124,1460,3.8867,0.9988,25.51
BAT_124,1480,3.8842,1.0016,25.54
BAT_124,1500,3.8804,0.9991,25.56
BAT_124,1520,3.8843,1.0045,25.53
BAT_124,1540,3.8838,0.9972,25.63
BAT_124,1560,3.883,0.9929,25.57
BAT_124,1580,3.8875,0.9965,25.7
BAT_124,1600,3.8856,0.9976,25.6
BAT_124,1620,3.8849,1.0085,25.74
BAT_124,1640,3.8839,0.9954,25.69
BAT_124,1660,3.8812,1.0011,25.75
BAT_124,1680,3.8834,0.9992,25.68
BAT_124,1700,3.883,0.9952,25.74
BAT_124,1720,3.883,1.001,25.75
BAT_124,1740,3.8821,1.0099,25.7
BAT_124,1760,3.8845,0.9962,25.81
BAT_124,1780,3.8827,0.9995,25.73
BAT_124,1800,3.8826,1.0083,25.82
BAT_124,1820,3.8795,0.9959,25.78
BAT_124,1840,3.8834,0.9993,25.89
BAT_124,1860,3.8806,0.991,25.92
BAT_124,1880,3.8814,1.002,25.98
BAT_124,1900,3.8819,1.0089,26.01
BAT_124,1920,3.8794,1.0075,26.11
BAT_124,1940,3.8764,1.0028,26.0
BAT_124,1960,3.8766,1.0035,26.07
BAT_124,1980,3.8792,1.0022,26.01
BAT_124,2000,3.8819,1.0023,26.12
BAT_125,0,4.1454,1.0025,24.32
BAT_125,20,4.1339,0.9946,24.3
BAT_125,40,4.1296,0.9966,24.22
BAT_125,60,4.1224,1.0123,24.38
BAT_125,80,4.1125,1.0055,24.33
BAT_125,100,4.1074,0.9969,24.36
BAT_125,120,4.1041,1.0045,24.27
BAT_125,140,4.0982,1.003,24.35
BAT_125,160,4.0931,1.0054,24.41
BAT_125,180,4.0905,0.9974,24.36
BAT_125,200,4.0856,1.0088,24.4
BAT_125,220,4.0815,0.9951,24.39
BAT_125,240,4.0761,1.0008,24.43
BAT_125,260,4.08,1.0014,24.32
BAT_125,280,4.0719,1.0035,24.45
BAT_125,300,4.0714,1.0058,24.23
BAT_125,320,4.0713,0.9984,24.41
BAT_125,340,4.0669,0.9944,24.37
BAT_125,360,4.0654,1.0041,24.45
BAT_125,380,4.0665,0.9975,24.44
BAT_125,400,4.0628,1.0028,24.49
BAT_125,420,4.0635,1.0073,24.54
BAT_125,440,4.0593,1.0044,24.59
BAT_125,460,4.0621,1.0028,24.44
BAT_125,480,4.0604,1.0064,24.45
BAT_125,500,4.0582,0.9992,24.47
BAT_125,520,4.0576,0.9925,24.5
BAT_125,540,4.0563,1.0063,24.69
BAT_125,560,4.0549,0.9995,24.49
BAT_125,580,4.056,0.9995,24.53
BAT_125,600,4.0587,1.0002,24.58
BAT_125,620,4.0528,1.0093,24.51
BAT_125,640,4.0553,0.9985,24.52
BAT_125,660,4.0566,1.0032,24.47
BAT_125,680,4.0521,0.9955,24.61
BAT_125,700,4.0515,1.0071,24.59
BAT_125,720,4.0481,1.0008,24.62
BAT_125,740,4.0508,0.9959,24.55
BAT_125,760,4.0516,1.0012,24.66
BAT_125,780,4.0508,0.9991,24.6
BAT_125,800,4.0509,0.9943,24.63
BAT_125,820,4.0521,1.0019,24.58
BAT_125,840,4.0517,0.9988,24.68
BAT_125,860,4.0544,1.0053,24.65
BAT_125,880,4.053,1.002,24.64
BAT_125,900,4.0553,1.0059,24.72
BAT_125,920,4.0503,0.9997,24.72
BAT_125,940,4.0523,0.9985,24.7
BAT_125,960,4.0527,0.9972,24.78
BAT_125,980,4.0522,0.997,24.6
BAT_125,1000,4.0525,1.0013,24.68
BAT_125,1020,4.0523,0.9962,24.69
BAT_125,1040,4.0516,0.994,24.79
BAT_125,1060,4.0487,0.9936,24.63
BAT_125,1080,4.0465,1.0061,24.75
BAT_125,1100,4.0468,1.0082,24.81
BAT_125,1120,4.049,1.0002,24.81
BAT_125,1140,4.0497,1.0002,24.82
BAT_125,1160,4.0464,1.0044,24.75
BAT_125,1180,4.046,0.9951,24.79
BAT_125,1200,4.0486,0.9972,24.9
BAT_125,1220,4.0466,1.0098,24.82
BAT_125,1240,4.0455,1.0043,24.76
BAT_125,1260,4.0474,1.0107,24.9
BAT_125,1280,4.0531,1.0048,24.79
BAT_125,1300,4.0443,1.0035,24.97
BAT_125,1320,4.0451,1.0004,24.86
BAT_125,1340,4.048,1.0011,24.85
BAT_125,1360,4.0487,1.0025,24.8
BAT_125,1380,4.0461,0.9978,24.95
BAT_125,1400,4.0491,1.0061,24.86
BAT_125,1420,4.048,1.0038,24.94
BAT_125,1440,4.0491,1.0108,24.83
BAT_125,1460,4.0457,1.0108,24.86
BAT_125,1480,4.0474,0.9913,24.98
BAT_125,1500,4.0511,1.0062,25.0
BAT_125,1520,4.0461,0.9954,24.97
BAT_125,1540,4.0473,0.9871,24.89
BAT_125,1560,4.0468,1.0014,24.96
BAT_125,1580,4.045,0.9889,24.98
BAT_125,1600,4.0494,0.9965,25.03
BAT_125,1620,4.0466,0.993,25.01
BAT_125,1640,4.0471,1.0019,25.13
BAT_125,1660,4.0493,1.003,25.09
BAT_125,1680,4.0471,1.0027,25.07
BAT_125,1700,4.0495,1.0044,25.06
BAT_125,1720,4.0466,1.0074,25.05
BAT_125,1740,4.046,0.9955,25.06
BAT_125,1760,4.0494,1.0077,25.08
BAT_125,1780,4.0477,1.0042,25.07
BAT_125,1800,4.0473,0.9989,25.1
BAT_125,1820,4.0454,0.9886,25.12
BAT_125,1840,4.0427,1.0041,25.17
BAT_125,1860,4.0437,1.0028,25.08
BAT_125,1880,4.0428,0.9945,25.13
BAT_125,1900,4.0443,0.9967,25.13
BAT_125,1920,4.0485,0.9976,25.09
BAT_125,1940,4.0439,1.0085,25.17
BAT_125,1960,4.0438,0.9985,25.16
BAT_125,1980,4.0488,1.0015,25.09
BAT_125,2000,4.0394,1.0049,25.12
BAT_126,0,4.1875,0.9885,25.23
BAT_126,20,4.1816,0.991,25.29
BAT_126,40,4.1735,1.0029,25.18
BAT_126,60,4.1727,1.0056,25.26
BAT_126,80,4.1648,0.9985,25.18
BAT_126,100,4.1591,0.9935,25.24
BAT_126,120,4.1552,1.0067,25.31
BAT_126,140,4.1534,1.0076,25.25
BAT_126,160,4.1478,1.0006,25.29
BAT_126,180,4.148,0.9964,25.32
BAT_126,200,4.1369,0.997,25.29
BAT_126,220,4.1411,1.0051,25.3
BAT_126,240,4.1423,0.9998,25.29
BAT_126,260,4.133,0.991,25.37
BAT_126,280,4.1326,1.007,25.34
BAT_126,300,4.134,0.9994,25.27
BAT_126,320,4.1293,0.9919,25.29
BAT_126,340,4.1275,1.0057,25.32
BAT_126,360,4.1295,1.0029,25.35
BAT_126,380,4.1251,1.0018,25.4
BAT_126,400,4.1262,0.9911,25.36
BAT_126,420,4.1263,0.9944,25.4
BAT_126,440,4.1239,0.9967,25.41
BAT_126,460,4.1221,1.0046,25.44
BAT_126,480,4.1199,1.0047,25.4
BAT_126,500,4.1214,0.9986,25.42
BAT_126,520,4.1223,0.9958,25.38
BAT_126,540,4.125,0.9952,25.46
BAT_126,560,4.1186,0.9981,25.43
BAT_126,580,4.1206,0.9897,25.37
BAT_126,600,4.1188,1.0009,25.49
BAT_126,620,4.1191,1.0035,25.4
BAT_126,640,4.1165,1.0035,25.54
BAT_126,660,4.1172,1.0026,25.43
BAT_126,680,4.1196,0.9998,25.44
BAT_126,700,4.1164,0.9958,25.5
BAT_126,720,4.1143,0.9965,25.48
BAT_126,740,4.114,1.0064,25.49
BAT_126,760,4.1155,0.9979,25.46
BAT_126,780,4.1165,1.0029,25.58
BAT_126,800,4.1145,1.0003,25.5
BAT_126,820,4.1217,1.0077,25.5
BAT_126,840,4.1221,1.006,25.49
BAT_126,860,4.1167,1.0068,25.44
BAT_126,880,4.1136,0.9957,25.46
BAT_126,900,4.115,1.0037,25.4
BAT_126,920,4.1182,0.9968,25.58
BAT_126,940,4.1157,1.0065,25.46
BAT_126,960,4.1157,0.9944,25.5
BAT_126,980,4.1154,0.9881,25.49
BAT_126,1000,4.1168,0.9993,25.43
BAT_126,1020,4.1138,0.9946,25.53
BAT_126,1040,4.1139,1.0046,25.51
BAT_126,1060,4.1136,1.0096,25.6
BAT_126,1080,4.1161,1.0011,25.61
BAT_126,1100,4.1166,0.9981,25.52
BAT_126,1120,4.1094,0.9951,25.59
BAT_126,1140,4.1109,1.0035,25.6
BAT_126,1160,4.1157,1.0009,25.6
BAT_126,1180,4.1127,1.0069,25.58
BAT_126,1200,4.1181,1.0041,25.65
BAT_126,1220,4.1146,1.0011,25.58
BAT_126,1240,4.1159,1.0046,25.6
BAT_126,1260,4.1137,1.006,25.6
BAT_126,1280,4.114,0.9857,25.69
BAT_126,1300,4.1154,1.0074,25.63
BAT_126,1320,4.1128,0.9865,25.69
BAT_126,1340,4.1176,0.9922,25.62
BAT_126,1360,4.1111,1.0054,25.73
BAT_126,1380,4.1135,0.9947,25.76
BAT_126,1400,4.1089,0.9975,25.61
BAT_126,1420,4.1159,0.9871,25.69
BAT_126,1440,4.1116,1.0102,25.61
BAT_126,1460,4.1126,0.9993,25.65
BAT_126,1480,4.1138,1.0028,25.73
BAT_126,1500,4.1113,0.9975,25.6
BAT_126,1520,4.1146,0.9939,25.76
BAT_126,1540,4.1089,0.995,25.76
BAT_126,1560,4.1123,0.9919,25.73
BAT_126,1580,4.1102,1.0038,25.69
BAT_126,1600,4.1087,1.0012,25.69
BAT_126,1620,4.1138,0.9973,25.77
BAT_126,1640,4.1116,1.0068,25.69
BAT_126,1660,4.1095,0.9996,25.72
BAT_126,1680,4.1112,1.0039,25.69
BAT_126,1700,4.1156,0.9996,25.86
BAT_126,1720,4.1171,0.9955,25.82
BAT_126,1740,4.1137,0.9968,25.79
BAT_126,1760,4.1099,1.0025,25.77
BAT_126,1780,4.1121,1.0065,25.82
BAT_126,1800,4.1109,1.0026,25.82
BAT_126,1820,4.1132,1.0014,25.78
BAT_126,1840,4.1154,0.997,25.7
BAT_126,1860,4.1131,0.9962,25.8
BAT_126,1880,4.1126,0.9998,25.81
BAT_126,1900,4.1154,0.9979,25.89
BAT_126,1920,4.1129,0.9998,25.87
BAT_126,1940,4.113,0.999,25.79
BAT_126,1960,4.1083,0.9966,25.83
BAT_126,1980,4.1118,1.0028,25.85
BAT_126,2000,4.1095,1.0107,25.87
BAT_127,0,4.0493,1.0016,24.53
BAT_127,20,4.0372,0.9936,24.49
BAT_127,40,4.0206,0.997,24.47
BAT_127,60,4.0047,1.0008,24.54
BAT_127,80,3.9933,1.0086,24.51
BAT_127,100,3.98,0.9985,24.62
BAT_127,120,3.9702,1.0046,24.62
BAT_127,140,3.9644,1.0064,24.66
BAT_127,160,3.9566,0.9969,24.64
BAT_127,180,3.9477,0.992,24.82
BAT_127,200,3.9447,1.0017,24.53
BAT_127,220,3.934,0.9953,24.7
BAT_127,240,3.9294,0.9896,24.73
BAT_127,260,3.9242,1.0089,24.74
BAT_127,280,3.9223,1.0099,24.78
BAT_127,300,3.9186,1.0104,24.81
BAT_127,320,3.9108,0.9915,24.84
BAT_127,340,3.9094,1.0019,24.76
BAT_127,360,3.9065,0.9982,24.87
BAT_127,380,3.9032,0.9967,24.79
BAT_127,400,3.8989,1.0101,24.89
BAT_127,420,3.9003,0.9976,24.92
BAT_127,440,3.8981,1.0149,24.87
BAT_127,460,3.8911,1.0042,24.97
BAT_127,480,3.8977,1.0045,25.01
BAT_127,500,3.8917,0.9895,25.02
BAT_127,520,3.8922,1.0045,25.01
BAT_127,540,3.8862,1.0026,25.04
BAT_127,560,3.8863,1.0034,25.09
BAT_127,580,3.8843,0.9987,25.05
BAT_127,600,3.8842,0.9996,24.98
BAT_127,620,3.8804,1.0015,25.09
BAT_127,640,3.8841,0.9986,25.12
BAT_127,660,3.8809,0.9984,25.1
BAT_127,680,3.8788,0.9978,25.09
BAT_127,700,3.878,0.9964,25.16
BAT_127,720,3.8802,0.9991,25.08
BAT_127,740,3.8786,1.0045,25.24
BAT_127,760,3.8806,1.0056,25.23
BAT_127,780,3.8767,0.9977,25.27
BAT_127,800,3.8786,0.9993,25.28
BAT_127,820,3.8782,1.003,25.3
BAT_127,840,3.8785,0.9965,25.3
BAT_127,860,3.8769,1.0045,25.3
BAT_127,880,3.8784,0.9967,25.36
BAT_127,900,3.8755,1.0125,25.42
BAT_127,920,3.8751,0.9965,25.43
BAT_127,940,3.8761,0.9999,25.43
BAT_127,960,3.876,0.9957,25.41
BAT_127,980,3.8776,1.002,25.4
BAT_127,1000,3.8713,0.9987,25.45
BAT_127,1020,3.8764,0.9989,25.45
BAT_127,1040,3.8735,0.9929,25.47
BAT_127,1060,3.8741,1.0054,25.61
BAT_127,1080,3.8729,1.0026,25.5
BAT_127,1100,3.8737,1.0,25.51
BAT_127,1120,3.8733,1.0003,25.55
BAT_127,1140,3.8693,1.0105,25.62
BAT_127,1160,3.8719,0.998,25.66
BAT_127,1180,3.8718,1.0049,25.69
BAT_127,1200,3.8718,0.9963,25.68
BAT_127,1220,3.8698,1.0004,25.76
BAT_127,1240,3.8713,0.996,25.69
BAT_127,1260,3.8684,0.9963,25.78
BAT_127,1280,3.8725,0.9895,25.69
BAT_127,1300,3.8696,1.0022,25.73
BAT_127,1320,3.8726,0.9985,25.8
BAT_127,1340,3.8707,1.0026,25.81
BAT_127,1360,3.8714,0.9974,25.75
BAT_127,1380,3.8683,0.9989,25.79
BAT_127,1400,3.8697,0.9939,25.83
BAT_127,1420,3.8684,1.0096,25.93
BAT_127,1440,3.8652,0.9925,25.91
BAT_127,1460,3.8713,0.9983,25.91
BAT_127,1480,3.8711,0.9994,25.93
BAT_127,1500,3.8682,1.0018,25.87
BAT_127,1520,3.8692,0.9998,26.02
BAT_127,1540,3.8683,1.0032,25.85
BAT_127,1560,3.8683,0.9997,26.04
BAT_127,1580,3.8666,0.9939,26.01
BAT_127,1600,3.8658,0.9938,26.0
BAT_127,1620,3.866,1.0019,26.1
BAT_127,1640,3.869,1.0044,26.17
BAT_127,1660,3.8649,1.0058,26.03
BAT_127,1680,3.8694,0.9989,26.23
BAT_127,1700,3.8688,1.0055,26.06
BAT_127,1720,3.864,0.9897,26.08
BAT_127,1740,3.8678,0.9912,26.21
BAT_127,1760,3.8659,0.9965,26.19
BAT_127,1780,3.8712,1.0027,26.26
BAT_127,1800,3.8668,0.9967,26.31
BAT_127,1820,3.8656,1.0061,26.27
BAT_127,1840,3.866,1.0024,26.33
BAT_127,1860,3.8654,0.9984,26.24
BAT_127,1880,3.8655,1.0032,26.32
BAT_127,1900,3.8634,1.0083,26.42
BAT_127,1920,3.8664,0.9928,26.34
BAT_127,1940,3.8663,1.0014,26.37
BAT_127,1960,3.8671,0.9996,26.46
BAT_127,1980,3.8642,1.0004,26.38
BAT_127,2000,3.8651,0.9936,26.45
BAT_128,0,4.1549,0.9946,25.82
BAT_128,20,4.1543,1.0035,25.78
BAT_128,40,4.1477,1.0151,25.78
BAT_128,60,4.1491,0.9986,25.71
BAT_128,80,4.1442,0.9952,25.77
BAT_128,100,4.1457,1.0013,25.8
BAT_128,120,4.1396,1.0041,25.85
BAT_128,140,4.1411,1.0078,25.8
BAT_128,160,4.1353,1.0033,25.84
BAT_128,180,4.138,0.996,25.86
BAT_128,200,4.1328,0.9947,25.87
BAT_128,220,4.1326,0.9977,25.9
BAT_128,240,4.1278,0.9989,25.9
BAT_128,260,4.1253,0.9972,25.88
BAT_128,280,4.128,1.0001,25.87
BAT_128,300,4.1297,0.9941,25.85
BAT_128,320,4.1292,0.9949,25.87
BAT_128,340,4.1294,0.9918,25.93
BAT_128,360,4.1243,0.9982,25.84
BAT_128,380,4.1251,0.9989,25.88
BAT_128,400,4.1254,0.9981,25.92
BAT_128,420,4.125,0.9953,25.89
BAT_128,440,4.1246,1.0026,25.92
BAT_128,460,4.1244,1.004,25.92
BAT_128,480,4.1271,0.9966,25.88
BAT_128,500,4.1255,0.9972,25.95
BAT_128,520,4.1177,0.9988,25.86
BAT_128,540,4.1247,1.0034,25.96
BAT_128,560,4.119,0.9999,26.02
BAT_128,580,4.1229,1.0061,26.02
BAT_128,600,4.1166,1.0001,25.89
BAT_128,620,4.1222,1.0064,25.91
BAT_128,640,4.1209,0.9958,26.0
BAT_128,660,4.1207,1.0001,26.02
BAT_128,680,4.1191,1.0041,26.01
BAT_128,700,4.1215,0.9886,26.01
BAT_128,720,4.1212,1.0,26.08
BAT_128,740,4.1216,0.9988,26.01
BAT_128,760,4.1222,0.9995,26.1
BAT_128,780,4.121,1.0037,26.02
BAT_128,800,4.1233,1.0158,26.01
BAT_128,820,4.1232,0.9935,26.03
BAT_128,840,4.1202,0.9953,25.99
BAT_128,860,4.1186,0.9991,26.1
BAT_128,880,4.119,1.0005,26.11
BAT_128,900,4.1216,0.9996,26.04
BAT_128,920,4.1236,1.0032,26.09
BAT_128,940,4.1209,0.9982,26.07
BAT_128,960,4.1206,1.0019,26.13
BAT_128,980,4.1199,0.9923,26.02
BAT_128,1000,4.1184,1.0018,26.13
BAT_128,1020,4.1175,0.9945,26.02
BAT_128,1040,4.1166,1.002,26.03
BAT_128,1060,4.1165,0.9976,26.22
BAT_128,1080,4.123,1.0029,26.11
BAT_128,1100,4.1171,1.0043,26.04
BAT_128,1120,4.1218,1.0054,26.12
BAT_128,1140,4.1202,1.0043,26.08
BAT_128,1160,4.1202,0.9994,26.08
BAT_128,1180,4.1207,0.9874,26.15
BAT_128,1200,4.118,1.0034,26.23
BAT_128,1220,4.1183,0.9989,26.28
BAT_128,1240,4.1213,0.9991,26.13
BAT_128,1260,4.1208,0.998,26.15
BAT_128,1280,4.1179,1.0024,26.16
BAT_128,1300,4.1181,1.0052,26.15
BAT_128,1320,4.1215,1.0001,26.16
BAT_128,1340,4.122,1.0065,26.2
BAT_128,1360,4.1208,0.9988,26.2
BAT_128,1380,4.1175,1.0022,26.13
BAT_128,1400,4.1181,0.9995,26.16
BAT_128,1420,4.1193,0.9979,26.23
BAT_128,1440,4.1215,0.996,26.2
BAT_128,1460,4.1184,1.0066,26.26
BAT_128,1480,4.1219,1.0069,26.21
BAT_128,1500,4.1177,0.9924,26.21
BAT_128,1520,4.1157,1.0033,26.2
BAT_128,1540,4.119,0.9998,26.24
BAT_128,1560,4.1192,1.0044,26.3
BAT_128,1580,4.1181,1.0019,26.2
BAT_128,1600,4.1206,1.0034,26.31
BAT_128,1620,4.1156,1.0021,26.24
BAT_128,1640,4.1176,1.004,26.19
BAT_128,1660,4.1146,1.0072,26.28
BAT_128,1680,4.1181,0.9948,26.36
BAT_128,1700,4.118,1.0068,26.29
BAT_128,1720,4.1186,1.0044,26.33
BAT_128,1740,4.1162,1.0073,26.28
BAT_128,1760,4.1169,1.002,26.22
BAT_128,1780,4.1173,0.9998,26.33
BAT_128,1800,4.121,1.0051,26.24
BAT_128,1820,4.1203,0.9912,26.31
BAT_128,1840,4.1204,0.9995,26.26
BAT_128,1860,4.1181,1.0041,26.39
BAT_128,1880,4.1178,1.0003,26.37
BAT_128,1900,4.1149,1.0152,26.34
BAT_128,1920,4.1179,1.0057,26.4
BAT_128,1940,4.1167,1.0024,26.36
BAT_128,1960,4.1169,0.9984,26.36
BAT_128,1980,4.1146,1.0,26.31
BAT_128,2000,4.1169,1.0014,26.42
BAT_129,0,4.1713,1.0019,25.99
BAT_129,20,4.1654,1.0003,25.85
BAT_129,40,4.1623,1.0014,25.85
BAT_129,60,4.1554,1.0062,25.88
BAT_129,80,4.1535,0.9985,25.86
BAT_129,100,4.1486,1.0055,25.81
BAT_129,120,4.1452,1.0079,25.87
BAT_129,140,4.1423,0.9981,25.88
BAT_129,160,4.1429,0.9887,25.79
BAT_129,180,4.1375,1.0005,25.88
BAT_129,200,4.1357,1.0022,25.9
BAT_129,220,4.1356,1.0021,25.88
BAT_129,240,4.1336,0.9925,25.92
BAT_129,260,4.1279,0.9928,25.89
BAT_129,280,4.1274,1.0019,25.94
BAT_129,300,4.1288,0.9928,25.9
BAT_129,320,4.127,0.9945,25.91
BAT_129,340,4.1228,1.0058,25.97
BAT_129,360,4.1288,0.998,25.91
BAT_129,380,4.1224,0.9999,25.91
BAT_129,400,4.12,1.0026,25.96
BAT_129,420,4.1257,0.9872,26.0
BAT_129,440,4.1256,1.0004,25.96
BAT_129,460,4.1256,0.9996,25.87
BAT_129,480,4.1231,0.9969,25.92
BAT_129,500,4.1204,1.0061,26.07
BAT_129,520,4.1204,1.0013,26.05
BAT_129,540,4.121,0.9984,25.97
BAT_129,560,4.1203,0.9929,25.95
BAT_129,580,4.1191,0.9996,25.98
BAT_129,600,4.1158,0.9998,26.03
BAT_129,620,4.1207,1.0046,26.0
BAT_129,640,4.1204,0.9983,25.99
BAT_129,660,4.1165,0.9996,25.95
BAT_129,680,4.1183,0.998,25.95
BAT_129,700,4.1174,1.0004,26.09
BAT_129,720,4.1174,1.0049,26.04
BAT_129,740,4.1186,0.9994,26.1
BAT_129,760,4.1198,0.9999,26.07
BAT_129,780,4.1144,1.0002,25.97
BAT_129,800,4.117,0.9954,26.12
BAT_129,820,4.1174,0.9981,26.08
BAT_129,840,4.116,0.9991,26.14
BAT_129,860,4.1134,1.0049,26.07
BAT_129,880,4.1151,0.997,26.2
BAT_129,900,4.1159,0.999,26.07
BAT_129,920,4.1169,0.9965,26.0
BAT_129,940,4.1162,0.9974,26.08
BAT_129,960,4.1141,0.9917,26.06
BAT_129,980,4.1154,1.0038,26.09
BAT_129,1000,4.1156,1.0017,26.11
BAT_129,1020,4.1139,1.012,26.27
BAT_129,1040,4.1165,1.0003,26.25
BAT_129,1060,4.1181,1.0018,26.2
BAT_129,1080,4.1129,1.0079,26.2
BAT_129,1100,4.1145,1.0009,26.27
BAT_129,1120,4.1149,1.0,26.18
BAT_129,1140,4.118,1.0017,26.1
BAT_129,1160,4.1139,1.0031,26.2
BAT_129,1180,4.1142,0.9978,26.24
BAT_129,1200,4.1137,0.9972,26.21
BAT_129,1220,4.1146,0.9954,26.28
BAT_129,1240,4.1094,1.0007,26.21
BAT_129,1260,4.1143,0.9976,26.22
BAT_129,1280,4.1115,1.0058,26.16
BAT_129,1300,4.1121,1.0093,26.23
BAT_129,1320,4.1165,1.0038,26.27
BAT_129,1340,4.113,1.004,26.21
BAT_129,1360,4.1134,0.9936,26.23
BAT_129,1380,4.1154,1.0012,26.21
BAT_129,1400,4.1166,0.9984,26.12
BAT_129,1420,4.117,1.0088,26.25
BAT_129,1440,4.1148,0.997,26.17
BAT_129,1460,4.1166,0.9967,26.29
BAT_129,1480,4.115,0.9969,26.35
BAT_129,1500,4.1109,1.0015,26.31
BAT_129,1520,4.1158,1.0002,26.38
BAT_129,1540,4.115,1.0012,26.29
BAT_129,1560,4.1127,1.0049,26.34
BAT_129,1580,4.114,0.9976,26.34
BAT_129,1600,4.1118,1.0089,26.3
BAT_129,1620,4.1165,1.0097,26.24
BAT_129,1640,4.1167,0.9989,26.37
BAT_129,1660,4.1171,1.0064,26.33
BAT_129,1680,4.1148,1.0038,26.26
BAT_129,1700,4.1176,0.9969,26.35
BAT_129,1720,4.1166,0.9977,26.38
BAT_129,1740,4.1112,1.0031,26.38
BAT_129,1760,4.1158,1.0027,26.33
BAT_129,1780,4.1118,1.0038,26.35
BAT_129,1800,4.1126,1.0005,26.39
BAT_129,1820,4.1109,0.9939,26.35
BAT_129,1840,4.1119,0.9955,26.4
BAT_129,1860,4.1114,1.0081,26.38
BAT_129,1880,4.1133,1.007,26.45
BAT_129,1900,4.1127,1.0037,26.45
BAT_129,1920,4.1121,1.0004,26.38
BAT_129,1940,4.1133,1.0028,26.41
BAT_129,1960,4.1109,0.9977,26.38
BAT_129,1980,4.1117,0.9977,26.41
BAT_129,2000,4.1134,0.9875,26.53
BAT_130,0,4.0454,1.0004,24.7
BAT_130,20,4.0265,1.0051,24.79
BAT_130,40,4.0107,1.002,24.76
BAT_130,60,3.9937,0.9942,24.8
BAT_130,80,3.9806,1.0022,24.88
BAT_130,100,3.9679,0.994,24.86
BAT_130,120,3.9618,0.9872,24.92
BAT_130,140,3.9497,1.0,24.9
BAT_130,160,3.9407,0.9985,24.92
BAT_130,180,3.931,0.995,24.93
BAT_130,200,3.9202,0.9998,25.02
BAT_130,220,3.917,0.9915,24.9
BAT_130,240,3.9102,1.0039,25.0
BAT_130,260,3.9059,0.9932,25.06
BAT_130,280,3.9013,1.0047,25.01
BAT_130,300,3.8952,0.9994,25.13
BAT_130,320,3.8924,0.9975,25.13
BAT_130,340,3.8868,1.0034,25.12
BAT_130,360,3.8821,1.0046,25.09
BAT_130,380,3.8772,0.9899,25.09
BAT_130,400,3.874,1.003,25.21
BAT_130,420,3.8731,0.9944,25.17
BAT_130,440,3.87,1.0016,25.34
BAT_130,460,3.8696,0.9906,25.16
BAT_130,480,3.8682,0.9968,25.26
BAT_130,500,3.8635,1.0032,25.21
BAT_130,520,3.8616,0.9927,25.25
BAT_130,540,3.863,0.9954,25.29
BAT_130,560,3.8608,0.9956,25.36
BAT_130,580,3.8569,0.9954,25.48
BAT_130,600,3.8572,1.0052,25.45
BAT_130,620,3.8551,1.0064,25.3
BAT_130,640,3.8554,1.0004,25.38
BAT_130,660,3.853,0.994,25.43
BAT_130,680,3.8527,1.0002,25.38
BAT_130,700,3.8495,0.9962,25.44
BAT_130,720,3.8476,1.0043,25.45
BAT_130,740,3.8506,1.0038,25.51
BAT_130,760,3.8524,1.0045,25.57
BAT_130,780,3.8492,1.0097,25.54
BAT_130,800,3.8483,1.0069,25.57
BAT_130,820,3.851,0.9924,25.6
BAT_130,840,3.8491,1.0036,25.71
BAT_130,860,3.8485,1.0074,25.72
BAT_130,880,3.848,1.0025,25.73
BAT_130,900,3.8453,0.9972,25.65
BAT_130,920,3.8505,0.9963,25.65
BAT_130,940,3.8487,0.9949,25.66
BAT_130,960,3.8453,1.0,25.59
BAT_130,980,3.8469,0.9972,25.72
BAT_130,1000,3.8455,0.9991,25.9
BAT_130,1020,3.8471,0.9989,25.68
BAT_130,1040,3.8437,0.9951,25.9
BAT_130,1060,3.8463,1.0046,25.82
BAT_130,1080,3.8467,1.0007,25.82
BAT_130,1100,3.8415,0.9948,25.9
BAT_130,1120,3.8423,0.9965,25.84
BAT_130,1140,3.8448,1.0067,25.95
BAT_130,1160,3.8458,0.9963,26.01
BAT_130,1180,3.8433,1.0022,25.89
BAT_130,1200,3.8431,1.005,25.99
BAT_130,1220,3.8434,1.0047,26.08
BAT_130,1240,3.8393,1.0027,26.08
BAT_130,1260,3.8418,0.9998,26.04
BAT_130,1280,3.8415,0.9928,26.09
BAT_130,1300,3.8399,1.0063,26.17
BAT_130,1320,3.8399,0.9995,26.14
BAT_130,1340,3.8418,0.9995,26.16
BAT_130,1360,3.839,1.0014,26.12
BAT_130,1380,3.8429,1.0142,26.12
BAT_130,1400,3.8381,0.9918,26.16
BAT_130,1420,3.843,1.0018,26.3
BAT_130,1440,3.8387,0.9994,26.23
BAT_130,1460,3.8394,0.9975,26.17
BAT_130,1480,3.8387,0.9974,26.28
BAT_130,1500,3.8386,1.0055,26.31
BAT_130,1520,3.839,0.9995,26.36
BAT_130,1540,3.839,1.0067,26.34
BAT_130,1560,3.8376,0.9946,26.34
BAT_130,1580,3.8396,1.0034,26.4
BAT_130,1600,3.8412,1.0037,26.41
BAT_130,1620,3.8401,1.0006,26.36
BAT_130,1640,3.8391,1.006,26.45
BAT_130,1660,3.8372,0.9936,26.41
BAT_130,1680,3.8398,1.0111,26.55
BAT_130,1700,3.84,0.9975,26.44
BAT_130,1720,3.8396,0.9929,26.44
BAT_130,1740,3.8362,0.9964,26.46
BAT_130,1760,3.8389,1.0082,26.63
BAT_130,1780,3.8409,1.0049,26.61
BAT_130,1800,3.8371,1.0007,26.58
BAT_130,1820,3.8392,0.9977,26.58
BAT_130,1840,3.8364,0.9899,26.67
BAT_130,1860,3.8341,1.0067,26.65
BAT_130,1880,3.8347,0.9987,26.61
BAT_130,1900,3.8344,1.006,26.63
BAT_130,1920,3.8378,1.0003,26.68
BAT_130,1940,3.8359,1.0051,26.75
BAT_130,1960,3.8371,0.9974,26.74
BAT_130,1980,3.8327,1.0044,26.78
BAT_130,2000,3.8379,1.0027,26.74
BAT_131,0,4.1518,1.0015,24.71
BAT_131,20,4.1426,0.9935,24.7
BAT_131,40,4.1435,0.9999,24.7
BAT_131,60,4.1371,0.997,24.73
BAT_131,80,4.13,1.0013,24.68
BAT_131,100,4.1265,0.9971,24.72
BAT_131,120,4.1257,0.9965,24.66
BAT_131,140,4.121,0.9999,24.66
BAT_131,160,4.1163,0.9978,24.75
BAT_131,180,4.1136,0.9979,24.66
BAT_131,200,4.11,0.9889,24.72
BAT_131,220,4.1059,0.9995,24.72
BAT_131,240,4.1098,0.9977,24.68
BAT_131,260,4.1057,0.9993,24.81
BAT_131,280,4.1041,0.997,24.75
BAT_131,300,4.1048,1.0049,24.77
BAT_131,320,4.1039,0.9967,24.67
BAT_131,340,4.1012,1.008,24.79
BAT_131,360,4.1003,1.0026,24.86
BAT_131,380,4.0958,1.0016,24.73
BAT_131,400,4.1011,0.9965,24.77
BAT_131,420,4.0979,1.0063,24.75
BAT_131,440,4.0969,1.0,24.84
BAT_131,460,4.0988,0.996,24.82
BAT_131,480,4.0962,1.0013,24.77
BAT_131,500,4.0949,1.0105,24.86
BAT_131,520,4.0928,0.995,24.84
BAT_131,540,4.0919,1.0026,24.83
BAT_131,560,4.0927,1.0094,24.84
BAT_131,580,4.0906,0.9954,24.82
BAT_131,600,4.0911,1.0042,24.84
BAT_131,620,4.0952,1.0005,24.81
BAT_131,640,4.0895,0.998,24.86
BAT_131,660,4.0917,0.9981,24.86
BAT_131,680,4.0876,0.9938,24.89
BAT_131,700,4.09,1.0016,24.79
BAT_131,720,4.0912,0.9995,24.98
BAT_131,740,4.0925,0.9907,24.97
BAT_131,760,4.0889,1.0015,24.95
BAT_131,780,4.0886,0.9933,24.84
BAT_131,800,4.0901,1.0068,24.93
BAT_131,820,4.0879,0.9965,24.95
BAT_131,840,4.0883,1.0001,24.84
BAT_131,860,4.087,1.0019,25.02
BAT_131,880,4.0864,0.9974,24.95
BAT_131,900,4.0882,1.0048,24.89
BAT_131,920,4.0865,1.0,24.83
BAT_131,940,4.0877,1.0037,24.85
BAT_131,960,4.0881,0.9989,25.04
BAT_131,980,4.0842,1.0013,24.91
BAT_131,1000,4.0875,0.9812,24.9
BAT_131,1020,4.0881,0.9998,25.0
BAT_131,1040,4.0872,0.994,24.87
BAT_131,1060,4.0855,0.9961,24.87
BAT_131,1080,4.0859,1.0006,24.94
BAT_131,1100,4.0862,0.9985,24.92
BAT_131,1120,4.0868,0.9964,24.95
BAT_131,1140,4.0875,1.0039,24.94
BAT_131,1160,4.0853,0.9931,25.04
BAT_131,1180,4.0861,0.9974,24.95
BAT_131,1200,4.0818,1.0076,24.99
BAT_131,1220,4.0887,0.9985,24.97
BAT_131,1240,4.0864,1.0021,24.85
BAT_131,1260,4.0882,0.9969,24.91
BAT_131,1280,4.0867,1.0057,25.04
BAT_131,1300,4.0898,1.0014,25.04
BAT_131,1320,4.0874,0.9941,25.0
BAT_131,1340,4.0862,1.0029,24.97
BAT_131,1360,4.0867,1.0045,25.04
BAT_131,1380,4.0846,1.0016,25.01
BAT_131,1400,4.0876,1.0056,25.06
BAT_131,1420,4.0839,1.0098,25.04
BAT_131,1440,4.0864,1.0032,24.98
BAT_131,1460,4.0875,0.9981,25.03
BAT_131,1480,4.0844,0.9962,25.04
BAT_131,1500,4.0861,0.9997,25.05
BAT_131,1520,4.0886,1.0099,25.03
BAT_131,1540,4.0849,0.9895,25.06
BAT_131,1560,4.0885,0.9935,25.05
BAT_131,1580,4.0846,0.9945,25.2
BAT_131,1600,4.0841,0.9989,25.08
BAT_131,1620,4.0854,1.0027,25.12
BAT_131,1640,4.0857,0.9926,24.98
BAT_131,1660,4.0839,1.0041,25.1
BAT_131,1680,4.0846,1.0003,25.11
BAT_131,1700,4.0881,1.0067,25.18
BAT_131,1720,4.0866,0.9971,25.07
BAT_131,1740,4.0863,0.9981,25.05
BAT_131,1760,4.0864,1.0015,25.1
BAT_131,1780,4.084,0.9976,25.11
BAT_131,1800,4.0866,0.9874,25.09
BAT_131,1820,4.0857,0.9951,25.16
BAT_131,1840,4.0847,0.9959,25.17
BAT_131,1860,4.087,0.9997,25.06
BAT_131,1880,4.0879,1.0006,25.2
BAT_131,1900,4.0862,1.0017,25.07
BAT_131,1920,4.0882,1.0013,25.12
BAT_131,1940,4.0823,0.9989,25.03
BAT_131,1960,4.0846,1.0017,25.13
BAT_131,1980,4.0885,0.9996,25.15
BAT_131,2000,4.0892,1.0021,25.11
BAT_132,0,4.1216,1.0007,24.83
BAT_132,20,4.1111,1.0066,24.78
BAT_132,40,4.1026,1.0008,24.97
BAT_132,60,4.0863,0.9982,24.84
BAT_132,80,4.0795,1.005,24.8
BAT_132,100,4.0712,1.0003,24.81
BAT_132,120,4.0605,1.003,24.84
BAT_132,140,4.056,1.003,25.0
BAT_132,160,4.0486,0.9978,24.93
BAT_132,180,4.044,1.0043,24.91
BAT_132,200,4.0385,0.9983,24.98
BAT_132,220,4.0352,1.0034,24.95
BAT_132,240,4.0293,0.9885,24.92
BAT_132,260,4.0217,0.9996,24.89
BAT_132,280,4.0246,1.0044,25.02
BAT_132,300,4.0176,1.0,24.99
BAT_132,320,4.0117,1.0081,25.05
BAT_132,340,4.0117,0.9931,24.99
BAT_132,360,4.0108,0.9976,24.98
BAT_132,380,4.0073,1.0063,25.01
BAT_132,400,4.0033,0.9928,25.03
BAT_132,420,4.0057,0.9927,25.08
BAT_132,440,3.9993,0.9954,25.1
BAT_132,460,3.9996,0.9969,25.0
BAT_132,480,3.9993,0.9987,25.1
BAT_132,500,3.9989,1.0001,25.08
BAT_132,520,3.9942,1.0073,25.07
BAT_132,540,3.9942,1.0064,25.08
BAT_132,560,3.9943,1.0036,25.1
BAT_132,580,3.9931,0.9896,25.18
BAT_132,600,3.9957,1.0024,25.14
BAT_132,620,3.994,1.0063,25.24
BAT_132,640,3.9874,1.001,25.2
BAT_132,660,3.9902,1.0051,25.19
BAT_132,680,3.9892,0.9961,25.14
BAT_132,700,3.989,1.0067,25.23
BAT_132,720,3.9877,1.0026,25.29
BAT_132,740,3.9872,1.0047,25.23
BAT_132,760,3.9878,0.9937,25.1
BAT_132,780,3.9838,0.986,25.24
BAT_132,800,3.9896,0.9996,25.26
BAT_132,820,3.9845,1.0018,25.28
BAT_132,840,3.9855,0.9996,25.29
BAT_132,860,3.9827,1.0041,25.28
BAT_132,880,3.9868,0.9983,25.39
BAT_132,900,3.9851,0.9986,25.35
BAT_132,920,3.9824,0.992,25.3
BAT_132,940,3.9848,0.9959,25.27
BAT_132,960,3.9858,0.9991,25.37
BAT_132,980,3.9842,1.0053,25.27
BAT_132,1000,3.982,0.9906,25.31
BAT_132,1020,3.9841,0.9984,25.31
BAT_132,1040,3.9865,1.0006,25.43
BAT_132,1060,3.9835,0.9937,25.25
BAT_132,1080,3.983,1.0034,25.39
BAT_132,1100,3.9807,0.9948,25.42
BAT_132,1120,3.9849,1.0014,25.45
BAT_132,1140,3.9843,1.002,25.44
BAT_132,1160,3.9823,1.0066,25.44
BAT_132,1180,3.9844,0.994,25.53
BAT_132,1200,3.9822,0.9962,25.51
BAT_132,1220,3.9846,1.0009,25.48
BAT_132,1240,3.9791,1.0025,25.54
BAT_132,1260,3.9783,1.0008,25.55
BAT_132,1280,3.9802,0.9953,25.58
BAT_132,1300,3.978,1.0003,25.58
BAT_132,1320,3.9799,0.9988,25.57
BAT_132,1340,3.9765,1.0062,25.54
BAT_132,1360,3.9819,0.9979,25.53
BAT_132,1380,3.9811,1.0031,25.57
BAT_132,1400,3.9818,0.9941,25.64
BAT_132,1420,3.9789,1.007,25.62
BAT_132,1440,3.9807,0.9923,25.64
BAT_132,1460,3.9817,1.0154,25.62
BAT_132,1480,3.9814,0.9981,25.62
BAT_132,1500,3.98,1.0079,25.64
BAT_132,1520,3.9789,0.9996,25.66
BAT_132,1540,3.9789,0.9922,25.8
BAT_132,1560,3.9788,1.0038,25.73
BAT_132,1580,3.9769,1.0122,25.69
BAT_132,1600,3.9777,0.9962,25.79
BAT_132,1620,3.9803,0.9962,25.79
BAT_132,1640,3.9793,0.9976,25.65
BAT_132,1660,3.979,1.0023,25.7
BAT_132,1680,3.9781,1.0005,25.84
BAT_132,1700,3.9778,0.9995,25.81
BAT_132,1720,3.9841,1.0032,25.8
BAT_132,1740,3.9784,1.0029,25.77
BAT_132,1760,3.9777,1.0009,25.77
BAT_132,1780,3.9766,1.0101,25.79
BAT_132,1800,3.9785,0.9991,25.82
BAT_132,1820,3.9752,0.9971,25.84
BAT_132,1840,3.9731,1.0039,25.91
BAT_132,1860,3.9757,1.0043,25.93
BAT_132,1880,3.98,1.0035,25.82
BAT_132,1900,3.976,1.005,25.9
BAT_132,1920,3.977,1.0037,25.82
BAT_132,1940,3.9762,0.9965,25.86
BAT_132,1960,3.9747,0.9919,25.9
BAT_132,1980,3.9748,1.0041,25.93
BAT_132,2000,3.9736,1.0103,25.92
BAT_133,0,4.0385,0.9996,25.21
BAT_133,20,4.0243,0.9957,25.17
BAT_133,40,4.0062,0.9989,25.19
BAT_133,60,3.9972,1.0037,25.18
BAT_133,80,3.9887,0.9964,25.2
BAT_133,100,3.973,0.9989,25.21
BAT_133,120,3.9657,0.9961,25.25
BAT_133,140,3.9535,0.9933,25.26
BAT_133,160,3.9454,1.0046,25.36
BAT_133,180,3.9357,1.0022,25.29
BAT_133,200,3.9345,0.9964,25.35
BAT_133,220,3.9251,1.0107,25.33
BAT_133,240,3.9198,1.0007,25.45
BAT_133,260,3.9145,0.9967,25.39
BAT_133,280,3.9091,1.0033,25.46
BAT_133,300,3.9046,0.9973,25.39
BAT_133,320,3.9001,1.0024,25.4
BAT_133,340,3.898,1.002,25.58
BAT_133,360,3.8936,1.0016,25.45
BAT_133,380,3.8919,1.006,25.43
BAT_133,400,3.8912,1.0021,25.52
BAT_133,420,3.8867,1.0084,25.58
BAT_133,440,3.8821,1.0024,25.62
BAT_133,460,3.882,0.999,25.54
BAT_133,480,3.881,0.9976,25.66
BAT_133,500,3.8798,0.9984,25.7
BAT_133,520,3.8757,0.9934,25.62
BAT_133,540,3.8786,0.9942,25.68
BAT_133,560,3.8755,1.0005,25.69
BAT_133,580,3.8724,0.9948,25.8
BAT_133,600,3.8751,1.0048,25.69
BAT_133,620,3.8726,1.0063,25.77
BAT_133,640,3.8686,0.9979,25.73
BAT_133,660,3.8725,0.9926,25.79
BAT_133,680,3.8657,0.9997,25.68
BAT_133,700,3.8651,1.0113,25.81
BAT_133,720,3.8678,0.9911,25.86
BAT_133,740,3.8661,1.0005,25.83
BAT_133,760,3.8665,1.0004,25.92
BAT_133,780,3.8687,0.9951,25.87
BAT_133,800,3.8687,0.9972,25.95
BAT_133,820,3.8652,0.9947,25.88
BAT_133,840,3.8614,0.9981,25.96
BAT_133,860,3.8682,1.0035,25.96
BAT_133,880,3.8644,1.0027,26.03
BAT_133,900,3.863,0.9971,26.03
BAT_133,920,3.8631,1.0058,25.97
BAT_133,940,3.8652,0.9934,25.94
BAT_133,960,3.8618,1.005,26.05
BAT_133,980,3.8618,1.0031,26.12
BAT_133,1000,3.8625,0.9946,26.11
BAT_133,1020,3.8617,1.0093,26.03
BAT_133,1040,3.8676,0.9977,26.1
BAT_133,1060,3.8601,0.9984,26.2
BAT_133,1080,3.8589,0.9969,26.1
BAT_133,1100,3.8585,1.0002,26.24
BAT_133,1120,3.8603,0.9955,26.14
BAT_133,1140,3.8564,0.9996,26.21
BAT_133,1160,3.8584,1.0099,26.21
BAT_133,1180,3.8588,1.0106,26.32
BAT_133,1200,3.8589,1.0009,26.36
BAT_133,1220,3.8577,1.0018,26.3
BAT_133,1240,3.8572,1.0014,26.32
BAT_133,1260,3.8571,1.0069,26.3
BAT_133,1280,3.8619,0.9998,26.34
BAT_133,1300,3.8594,1.0073,26.29
BAT_133,1320,3.8587,0.9977,26.4
BAT_133,1340,3.86,1.0025,26.35
BAT_133,1360,3.8584,1.0017,26.43
BAT_133,1380,3.8579,0.9892,26.45
BAT_133,1400,3.857,1.0003,26.47
BAT_133,1420,3.8552,1.0052,26.5
BAT_133,1440,3.8564,0.9971,26.48
BAT_133,1460,3.8561,1.0043,26.47
BAT_133,1480,3.8585,0.9946,26.54
BAT_133,1500,3.8566,0.996,26.59
BAT_133,1520,3.8575,0.9935,26.48
BAT_133,1540,3.856,1.0015,26.59
BAT_133,1560,3.8526,1.0039,26.6
BAT_133,1580,3.8525,0.9944,26.61
BAT_133,1600,3.8562,1.0031,26.57
BAT_133,1620,3.8564,0.9918,26.66
BAT_133,1640,3.8589,1.0013,26.7
BAT_133,1660,3.8523,0.9896,26.61
BAT_133,1680,3.8549,1.0036,26.73
BAT_133,1700,3.8536,1.0018,26.74
BAT_133,1720,3.8561,1.0042,26.78
BAT_133,1740,3.8544,1.0017,26.77
BAT_133,1760,3.855,0.9993,26.86
BAT_133,1780,3.8502,0.9885,26.7
BAT_133,1800,3.8514,1.0058,26.86
BAT_133,1820,3.8516,1.0032,26.81
BAT_133,1840,3.8521,0.9971,26.84
BAT_133,1860,3.8521,0.9933,26.89
BAT_133,1880,3.8552,1.0024,26.89
BAT_133,1900,3.8516,1.0109,26.85
BAT_133,1920,3.8512,1.0082,27.03
BAT_133,1940,3.8542,0.994,26.95
BAT_133,1960,3.8546,0.9939,26.95
BAT_133,1980,3.8532,1.0022,26.98
BAT_133,2000,3.8495,1.0135,26.93
BAT_134,0,4.1656,0.9989,24.58
BAT_134,20,4.1628,1.0067,24.65
BAT_134,40,4.1565,1.0034,24.64
BAT_134,60,4.1504,1.0028,24.61
BAT_134,80,4.1457,1.0055,24.61
BAT_134,100,4.1396,0.9964,24.59
BAT_134,120,4.1379,0.9976,24.73
BAT_134,140,4.1346,0.9992,24.64
BAT_134,160,4.13,0.9905,24.68
BAT_134,180,4.1265,0.9906,24.69
BAT_134,200,4.127,1.0063,24.6
BAT_134,220,4.1233,1.0036,24.6
BAT_134,240,4.1196,1.0016,24.76
BAT_134,260,4.1216,0.9977,24.73
BAT_134,280,4.1157,0.9984,24.65
BAT_134,300,4.1153,1.0063,24.73
BAT_134,320,4.1157,1.009,24.69
BAT_134,340,4.1142,1.0007,24.72
BAT_134,360,4.1108,0.998,24.75
BAT_134,380,4.1129,0.9986,24.75
BAT_134,400,4.1115,1.0044,24.88
BAT_134,420,4.1063,0.9908,24.79
BAT_134,440,4.104,1.0088,24.76
BAT_134,460,4.1103,0.9958,24.69
BAT_134,480,4.1122,1.002,24.8
BAT_134,500,4.1058,1.0061,24.73
BAT_134,520,4.103,1.0029,24.82
BAT_134,540,4.1059,0.9977,24.76
BAT_134,560,4.1026,0.999,24.77
BAT_134,580,4.1031,1.0016,24.8
BAT_134,600,4.099,1.0035,24.77
BAT_134,620,4.1011,0.9971,24.84
BAT_134,640,4.1016,1.0016,24.81
BAT_134,660,4.0999,1.001,24.75
BAT_134,680,4.1018,1.0015,24.76
BAT_134,700,4.1038,0.999,24.75
BAT_134,720,4.1056,0.9914,24.88
BAT_134,740,4.1027,1.0051,24.78
BAT_134,760,4.0992,1.0076,24.89
BAT_134,780,4.101,1.0037,24.82
BAT_134,800,4.0987,0.9967,24.85
BAT_134,820,4.1005,0.9954,24.85
BAT_134,840,4.1022,1.0015,24.86
BAT_134,860,4.0976,0.9958,24.85
BAT_134,880,4.0993,1.0035,24.86
BAT_134,900,4.0965,0.9969,24.92
BAT_134,920,4.0997,0.9967,24.92
BAT_134,940,4.1003,0.9997,24.89
BAT_134,960,4.0995,1.0039,24.91
BAT_134,980,4.1014,0.998,24.87
BAT_134,1000,4.0983,0.9958,24.88
BAT_134,1020,4.0933,1.0011,24.89
BAT_134,1040,4.1019,1.003,24.79
BAT_134,1060,4.0997,0.9975,24.92
BAT_134,1080,4.0993,0.9937,24.9
BAT_134,1100,4.1012,0.9946,24.87
BAT_134,1120,4.0988,1.0046,24.9
BAT_134,1140,4.0963,1.0025,24.95
BAT_134,1160,4.0974,0.9997,25.0
BAT_134,1180,4.0914,0.9925,24.97
BAT_134,1200,4.1006,0.9967,24.93
BAT_134,1220,4.0993,1.0049,24.9
BAT_134,1240,4.1003,1.0058,24.9
BAT_134,1260,4.0988,0.9952,24.92
BAT_134,1280,4.0937,1.0025,24.98
BAT_134,1300,4.097,1.0001,24.84
BAT_134,1320,4.0961,1.0005,24.95
BAT_134,1340,4.0976,0.9891,24.95
BAT_134,1360,4.1005,0.9989,24.92
BAT_134,1380,4.0995,0.9972,25.03
BAT_134,1400,4.0995,0.9978,25.01
BAT_134,1420,4.0947,0.9969,25.01
BAT_134,1440,4.0955,1.0073,25.01
BAT_134,1460,4.0935,1.007,25.04
BAT_134,1480,4.0966,1.0014,25.05
BAT_134,1500,4.0962,1.0082,24.98
BAT_134,1520,4.0955,1.0057,25.05
BAT_134,1540,4.0973,0.9961,25.05
BAT_134,1560,4.0974,1.0036,25.07
BAT_134,1580,4.0975,1.0097,24.98
BAT_134,1600,4.096,0.9993,25.04
BAT_134,1620,4.0956,0.9918,25.06
BAT_134,1640,4.097,1.0098,24.99
BAT_134,1660,4.0961,0.9943,25.04
BAT_134,1680,4.0985,0.9992,25.1
BAT_134,1700,4.095,1.0011,25.08
BAT_134,1720,4.0974,0.9942,25.12
BAT_134,1740,4.0958,0.9988,25.14
BAT_134,1760,4.097,0.9904,25.13
BAT_134,1780,4.0951,0.9982,25.11
BAT_134,1800,4.0977,0.9966,25.1
BAT_134,1820,4.096,0.999,25.03
BAT_134,1840,4.0912,0.994,25.13
BAT_134,1860,4.0961,1.0048,25.22
BAT_134,1880,4.0944,1.005,25.11
BAT_134,1900,4.0941,1.0073,25.06
BAT_134,1920,4.0967,0.9977,25.14
BAT_134,1940,4.1005,0.9994,25.14
BAT_134,1960,4.0924,1.0032,25.13
BAT_134,1980,4.0948,1.0004,25.07
BAT_134,2000,4.098,0.9954,25.16
BAT_135,0,3.9811,0.9922,24.92
BAT_135,20,3.9613,0.9982,24.93
BAT_135,40,3.9382,1.0001,24.94
BAT_135,60,3.92,0.9993,25.01
BAT_135,80,3.9024,1.008,25.0
BAT_135,100,3.8841,1.0057,25.01
BAT_135,120,3.8716,0.9934,25.09
BAT_135,140,3.8603,0.9895,25.06
BAT_135,160,3.8478,0.9985,25.1
BAT_135,180,3.8351,0.9866,25.13
BAT_135,200,3.8246,1.0043,25.22
BAT_135,220,3.8177,1.0133,25.2
BAT_135,240,3.8076,0.9976,25.21
BAT_135,260,3.8005,1.0001,25.19
BAT_135,280,3.7978,1.0051,25.28
BAT_135,300,3.7871,1.0013,25.21
BAT_135,320,3.7825,0.9954,25.36
BAT_135,340,3.777,0.9924,25.36
BAT_135,360,3.7755,0.992,25.41
BAT_135,380,3.7673,1.0004,25.47
BAT_135,400,3.7659,1.0027,25.45
BAT_135,420,3.7616,0.9995,25.45
BAT_135,440,3.761,0.9907,25.49
BAT_135,460,3.7576,0.9943,25.44
BAT_135,480,3.7565,1.0039,25.54
BAT_135,500,3.7489,1.0056,25.65
BAT_135,520,3.7488,0.9976,25.55
BAT_135,540,3.7457,0.998,25.58
BAT_135,560,3.7451,0.9984,25.64
BAT_135,580,3.7413,1.0065,25.67
BAT_135,600,3.7415,0.9951,25.66
BAT_135,620,3.7423,0.9994,25.68
BAT_135,640,3.7422,1.0042,25.78
BAT_135,660,3.7352,0.9979,25.71
BAT_135,680,3.7368,0.9964,25.76
BAT_135,700,3.7342,1.0011,25.79
BAT_135,720,3.7376,0.9978,25.85
BAT_135,740,3.7309,1.0066,25.76
BAT_135,760,3.7331,0.9975,25.76
BAT_135,780,3.7319,0.9918,25.94
BAT_135,800,3.7297,0.9946,25.99
BAT_135,820,3.7325,0.9965,25.91
BAT_135,840,3.7292,0.9982,26.0
BAT_135,860,3.7281,1.0028,26.13
BAT_135,880,3.7263,0.9968,26.06
BAT_135,900,3.7243,0.9972,26.03
BAT_135,920,3.7254,1.0045,26.09
BAT_135,940,3.728,0.9905,26.14
BAT_135,960,3.73,0.9949,26.12
BAT_135,980,3.7241,1.0022,26.19
BAT_135,1000,3.7253,0.9988,26.22
BAT_135,1020,3.7206,0.9916,26.18
BAT_135,1040,3.7265,1.0001,26.25
BAT_135,1060,3.7276,0.9997,26.31
BAT_135,1080,3.7225,1.003,26.31
BAT_135,1100,3.7244,0.9937,26.39
BAT_135,1120,3.7242,1.0012,26.32
BAT_135,1140,3.7244,1.0011,26.36
BAT_135,1160,3.7261,0.9977,26.46
BAT_135,1180,3.7226,1.0096,26.47
BAT_135,1200,3.7213,0.9884,26.41
BAT_135,1220,3.7224,0.9999,26.57
BAT_135,1240,3.7209,1.0027,26.63
BAT_135,1260,3.7224,1.0039,26.46
BAT_135,1280,3.7204,0.9958,26.53
BAT_135,1300,3.7192,0.9985,26.69
BAT_135,1320,3.7199,0.9963,26.68
BAT_135,1340,3.721,0.9964,26.78
BAT_135,1360,3.7194,0.9995,26.67
BAT_135,1380,3.7156,0.9963,26.76
BAT_135,1400,3.7213,0.9982,26.67
BAT_135,1420,3.7206,0.9966,26.77
BAT_135,1440,3.7205,0.9968,26.83
BAT_135,1460,3.7151,0.9931,26.77
BAT_135,1480,3.714,1.0011,26.88
BAT_135,1500,3.7208,0.9951,26.88
BAT_135,1520,3.7187,1.0071,26.89
BAT_135,1540,3.7161,1.0018,26.93
BAT_135,1560,3.7161,0.9984,26.95
BAT_135,1580,3.7164,1.003,27.01
BAT_135,1600,3.719,0.9933,26.98
BAT_135,1620,3.7139,0.9997,27.15
BAT_135,1640,3.7195,0.9979,27.07
BAT_135,1660,3.7118,0.9993,27.18
BAT_135,1680,3.7153,0.9962,27.08
BAT_135,1700,3.7149,1.0099,27.13
BAT_135,1720,3.7154,1.0025,27.05
BAT_135,1740,3.7139,0.9955,27.19
BAT_135,1760,3.7106,1.0019,27.21
BAT_135,1780,3.7149,1.0105,27.25
BAT_135,1800,3.7124,1.0044,27.28
BAT_135,1820,3.7118,0.9954,27.37
BAT_135,1840,3.7128,0.9946,27.31
BAT_135,1860,3.7109,1.0024,27.4
BAT_135,1880,3.7136,1.0065,27.3
BAT_135,1900,3.7105,0.999,27.47
BAT_135,1920,3.7134,1.0009,27.42
BAT_135,1940,3.7071,1.0064,27.5
BAT_135,1960,3.716,1.0096,27.46
BAT_135,1980,3.7103,1.013,27.56
BAT_135,2000,3.7135,0.9982,27.49
BAT_136,0,3.8676,0.9962,24.4
BAT_136,20,3.834,0.9976,24.45
BAT_136,40,3.8077,1.0023,24.44
BAT_136,60,3.7772,0.9997,24.51
BAT_136,80,3.7483,0.9941,24.54
BAT_136,100,3.7236,0.9958,24.68
BAT_136,120,3.7056,1.0033,24.59
BAT_136,140,3.6826,0.9944,24.65
BAT_136,160,3.6658,1.0032,24.74
BAT_136,180,3.6525,0.9999,24.65
BAT_136,200,3.6363,1.0035,24.79
BAT_136,220,3.6233,1.0006,24.83
BAT_136,240,3.606,1.0061,24.9
BAT_136,260,3.6007,1.0027,24.94
BAT_136,280,3.5899,1.0007,25.02
BAT_136,300,3.5812,0.9936,24.94
BAT_136,320,3.5689,0.9918,24.96
BAT_136,340,3.5627,0.9947,25.05
BAT_136,360,3.5523,1.0082,25.02
BAT_136,380,3.5533,1.0008,25.14
BAT_136,400,3.5468,0.9978,25.13
BAT_136,420,3.5417,1.0018,25.15
BAT_136,440,3.5374,1.0004,25.18
BAT_136,460,3.5316,1.0034,25.22
BAT_136,480,3.5314,1.0001,25.21
BAT_136,500,3.5228,1.0063,25.32
BAT_136,520,3.519,1.0025,25.37
BAT_136,540,3.5191,1.0038,25.36
BAT_136,560,3.5171,1.0084,25.43
BAT_136,580,3.5139,1.004,25.5
BAT_136,600,3.5132,0.9989,25.58
BAT_136,620,3.5101,0.9911,25.59
BAT_136,640,3.5066,0.9984,25.63
BAT_136,660,3.503,1.0032,25.59
BAT_136,680,3.5047,0.9942,25.62
BAT_136,700,3.5034,0.9957,25.66
BAT_136,720,3.5007,1.0014,25.78
BAT_136,740,3.503,0.9995,25.75
BAT_136,760,3.4982,0.9947,25.88
BAT_136,780,3.498,0.9948,25.9
BAT_136,800,3.4964,1.0056,25.9
BAT_136,820,3.494,1.0044,25.98
BAT_136,840,3.4948,0.9893,25.91
BAT_136,860,3.4932,1.0015,25.91
BAT_136,880,3.491,1.0121,26.06
BAT_136,900,3.4913,1.0021,26.1
BAT_136,920,3.4891,0.9997,26.1
BAT_136,940,3.4901,0.9996,26.19
BAT_136,960,3.4863,0.9959,26.18
BAT_136,980,3.4893,0.9954,26.11
BAT_136,1000,3.4907,1.0094,26.24
BAT_136,1020,3.4896,0.9963,26.25
BAT_136,1040,3.4896,0.9922,26.38
BAT_136,1060,3.4876,0.9955,26.38
BAT_136,1080,3.4844,1.0044,26.36
BAT_136,1100,3.4873,0.9946,26.42
BAT_136,1120,3.4843,0.9977,26.51
BAT_136,1140,3.4842,1.002,26.5
BAT_136,1160,3.4824,1.0037,26.54
BAT_136,1180,3.4812,0.9995,26.6
BAT_136,1200,3.4819,0.998,26.73
BAT_136,1220,3.4812,0.9922,26.7
BAT_136,1240,3.4831,0.9951,26.69
BAT_136,1260,3.4789,1.0013,26.72
BAT_136,1280,3.4851,1.0101,26.8
BAT_136,1300,3.4818,0.9978,26.85
BAT_136,1320,3.4768,0.9997,26.85
BAT_136,1340,3.4763,0.9963,26.96
BAT_136,1360,3.4785,0.9946,26.98
BAT_136,1380,3.4805,0.9978,27.02
BAT_136,1400,3.4795,1.0042,27.08
BAT_136,1420,3.4741,0.9981,27.03
BAT_136,1440,3.48,1.0098,27.16
BAT_136,1460,3.4791,0.9922,27.18
BAT_136,1480,3.4772,0.9981,27.14
BAT_136,1500,3.4756,0.9979,27.24
BAT_136,1520,3.4739,0.9973,27.26
BAT_136,1540,3.4772,1.0032,27.19
BAT_136,1560,3.4779,0.9935,27.3
BAT_136,1580,3.4745,1.0042,27.36
BAT_136,1600,3.4745,1.0036,27.41
BAT_136,1620,3.4767,0.9966,27.45
BAT_136,1640,3.4724,1.0039,27.46
BAT_136,1660,3.475,1.0023,27.57
BAT_136,1680,3.4725,1.004,27.51
BAT_136,1700,3.47,1.0017,27.56
BAT_136,1720,3.4706,1.0001,27.7
BAT_136,1740,3.4719,1.0019,27.64
BAT_136,1760,3.4732,1.0065,27.69
BAT_136,1780,3.4711,0.9971,27.62
BAT_136,1800,3.4717,1.0019,27.76
BAT_136,1820,3.4692,1.0027,27.77
BAT_136,1840,3.4697,1.0053,27.72
BAT_136,1860,3.4704,1.0093,27.92
BAT_136,1880,3.4684,0.9948,27.92
BAT_136,1900,3.4712,1.0045,27.93
BAT_136,1920,3.4715,0.9975,28.05
BAT_136,1940,3.4691,0.9938,28.08
BAT_136,1960,3.4696,0.9895,28.03
BAT_136,1980,3.467,1.0045,28.14
BAT_136,2000,3.4699,1.0038,28.17
BAT_137,0,4.1169,1.0047,24.11
BAT_137,20,4.1033,1.0039,24.16
BAT_137,40,4.0966,0.9992,24.22
BAT_137,60,4.086,1.0015,24.22
BAT_137,80,4.0774,0.9943,24.18
BAT_137,100,4.0674,1.0002,24.2
BAT_137,120,4.0586,1.0005,24.14
BAT_137,140,4.0547,1.0,24.3
BAT_137,160,4.049,0.9998,24.28
BAT_137,180,4.0396,1.0069,24.31
BAT_137,200,4.0376,0.9934,24.26
BAT_137,220,4.0326,0.9966,24.14
BAT_137,240,4.0323,1.0022,24.2
BAT_137,260,4.0268,1.0056,24.33
BAT_137,280,4.0248,1.0029,24.32
BAT_137,300,4.0225,1.0001,24.31
BAT_137,320,4.0168,0.9977,24.38
BAT_137,340,4.0203,0.9975,24.27
BAT_137,360,4.0146,0.9901,24.3
BAT_137,380,4.0135,1.0005,24.38
BAT_137,400,4.0092,1.0013,24.39
BAT_137,420,4.0092,0.9988,24.3
BAT_137,440,4.0077,1.0078,24.44
BAT_137,460,4.0068,0.9921,24.4
BAT_137,480,4.0052,1.0018,24.52
BAT_137,500,4.004,0.999,24.47
BAT_137,520,4.0024,1.0038,24.41
BAT_137,540,3.9985,1.0028,24.46
BAT_137,560,4.0016,1.0096,24.47
BAT_137,580,3.9963,1.0053,24.47
BAT_137,600,3.998,1.0032,24.55
BAT_137,620,3.9934,1.0102,24.49
BAT_137,640,3.9959,1.0002,24.44
BAT_137,660,3.9937,1.0103,24.49
BAT_137,680,3.9953,0.9989,24.64
BAT_137,700,3.9977,0.999,24.52
BAT_137,720,3.9957,0.9957,24.55
BAT_137,740,3.9925,0.9934,24.69
BAT_137,760,3.9942,0.9924,24.53
BAT_137,780,3.9945,1.0031,24.59
BAT_137,800,3.9932,1.0033,24.62
BAT_137,820,3.9888,1.0115,24.68
BAT_137,840,3.9917,0.9994,24.63
BAT_137,860,3.9916,1.0082,24.69
BAT_137,880,3.9923,1.0043,24.65
BAT_137,900,3.9929,0.9961,24.7
BAT_137,920,3.9902,0.995,24.76
BAT_137,940,3.9891,1.0058,24.7
BAT_137,960,3.9883,1.0019,24.7
BAT_137,980,3.99,1.0061,24.67
BAT_137,1000,3.9887,1.0013,24.73
BAT_137,1020,3.9911,1.0036,24.75
BAT_137,1040,3.9893,0.9939,24.72
BAT_137,1060,3.9907,1.002,24.68
BAT_137,1080,3.9893,1.0091,24.77
BAT_137,1100,3.9879,0.9943,24.7
BAT_137,1120,3.9878,0.9914,24.75
BAT_137,1140,3.9847,1.0018,24.71
BAT_137,1160,3.9916,0.9895,24.79
BAT_137,1180,3.9882,1.0055,24.85
BAT_137,1200,3.9851,0.9986,24.73
BAT_137,1220,3.9884,0.9903,24.78
BAT_137,1240,3.9911,0.9977,24.74
BAT_137,1260,3.9896,0.9994,24.78
BAT_137,1280,3.9885,1.0052,24.88
BAT_137,1300,3.9886,0.9856,24.87
BAT_137,1320,3.9897,0.9941,24.9
BAT_137,1340,3.988,1.0,24.9
BAT_137,1360,3.9871,1.007,24.98
BAT_137,1380,3.989,1.0018,24.9
BAT_137,1400,3.9869,1.0001,24.94
BAT_137,1420,3.9834,0.9973,24.92
BAT_137,1440,3.9861,1.0017,24.98
BAT_137,1460,3.9861,1.0033,24.91
BAT_137,1480,3.9862,0.9944,25.0
BAT_137,1500,3.9868,1.0046,25.01
BAT_137,1520,3.9849,1.0056,24.94
BAT_137,1540,3.9833,0.9962,24.92
BAT_137,1560,3.9897,0.9963,24.99
BAT_137,1580,3.9872,0.9941,24.97
BAT_137,1600,3.988,0.9993,25.06
BAT_137,1620,3.9861,1.0028,25.05
BAT_137,1640,3.9836,0.9941,25.03
BAT_137,1660,3.9878,0.9944,25.03
BAT_137,1680,3.9888,0.9937,25.03
BAT_137,1700,3.9849,1.0024,25.09
BAT_137,1720,3.9861,1.0039,25.08
BAT_137,1740,3.9832,1.0049,25.08
BAT_137,1760,3.986,1.0016,25.05
BAT_137,1780,3.9825,0.999,25.19
BAT_137,1800,3.9854,1.0047,25.15
BAT_137,1820,3.9814,1.0094,25.06
BAT_137,1840,3.9836,1.0001,25.16
BAT_137,1860,3.9856,1.0113,25.16
BAT_137,1880,3.9825,1.0087,25.14
BAT_137,1900,3.9859,0.9988,25.22
BAT_137,1920,3.9806,0.9912,25.25
BAT_137,1940,3.9844,0.9969,25.14
BAT_137,1960,3.9851,0.9991,25.26
BAT_137,1980,3.9836,0.9893,25.32
BAT_137,2000,3.9789,1.0195,25.3
BAT_138,0,4.0513,0.992,23.97
BAT_138,20,4.0358,1.0009,24.03
BAT_138,40,4.0135,0.9958,24.03
BAT_138,60,3.9995,0.994,24.05
BAT_138,80,3.9862,0.994,24.07
BAT_138,100,3.9737,0.9983,24.17
BAT_138,120,3.9583,0.9966,24.15
BAT_138,140,3.9506,0.9971,24.15
BAT_138,160,3.9417,1.0108,24.12
BAT_138,180,3.9318,1.0039,24.11
BAT_138,200,3.9252,0.9993,24.19
BAT_138,220,3.9151,1.0046,24.16
BAT_138,240,3.9087,0.9947,24.2
BAT_138,260,3.9058,1.0008,24.18
BAT_138,280,3.8974,1.0069,24.17
BAT_138,300,3.8947,0.9983,24.2
BAT_138,320,3.888,0.9967,24.27
BAT_138,340,3.8863,0.9995,24.28
BAT_138,360,3.8834,1.0068,24.28
BAT_138,380,3.8803,1.0092,24.36
BAT_138,400,3.8773,0.9992,24.34
BAT_138,420,3.8762,0.9998,24.31
BAT_138,440,3.8682,0.9974,24.34
BAT_138,460,3.8676,1.0066,24.35
BAT_138,480,3.8673,0.9995,24.39
BAT_138,500,3.8623,0.9966,24.38
BAT_138,520,3.8658,0.9998,24.36
BAT_138,540,3.8621,0.9994,24.52
BAT_138,560,3.8604,0.9986,24.49
BAT_138,580,3.8587,0.9969,24.61
BAT_138,600,3.8549,0.998,24.53
BAT_138,620,3.8577,1.0049,24.51
BAT_138,640,3.8555,1.0136,24.61
BAT_138,660,3.8529,0.9935,24.59
BAT_138,680,3.854,1.0126,24.6
BAT_138,700,3.8554,1.0025,24.67
BAT_138,720,3.8526,0.9979,24.61
BAT_138,740,3.8516,1.0104,24.68
BAT_138,760,3.8517,1.0015,24.68
BAT_138,780,3.8527,1.0012,24.7
BAT_138,800,3.8527,1.0043,24.65
BAT_138,820,3.8493,1.0004,24.67
BAT_138,840,3.8506,0.9954,24.68
BAT_138,860,3.8488,0.9907,24.8
BAT_138,880,3.8463,1.0037,24.8
BAT_138,900,3.8482,1.0103,24.81
BAT_138,920,3.8444,1.0007,24.76
BAT_138,940,3.8463,1.0001,24.75
BAT_138,960,3.847,1.0002,24.8
BAT_138,980,3.8443,1.0072,24.79
BAT_138,1000,3.8464,1.0017,24.86
BAT_138,1020,3.845,0.9958,24.9
BAT_138,1040,3.8458,0.9968,24.86
BAT_138,1060,3.8468,0.9989,24.99
BAT_138,1080,3.8406,0.99,24.95
BAT_138,1100,3.8439,0.994,24.95
BAT_138,1120,3.8427,0.9967,24.95
BAT_138,1140,3.8449,0.9968,24.98
BAT_138,1160,3.842,1.0084,25.07
BAT_138,1180,3.8429,0.9983,24.98
BAT_138,1200,3.8447,1.0027,25.04
BAT_138,1220,3.8406,0.9955,25.14
BAT_138,1240,3.8428,1.0087,24.93
BAT_138,1260,3.8404,0.9953,25.16
BAT_138,1280,3.8443,1.0056,25.19
BAT_138,1300,3.8428,0.9994,25.2
BAT_138,1320,3.8408,0.9934,25.17
BAT_138,1340,3.8395,1.0073,25.13
BAT_138,1360,3.8412,1.0027,25.26
BAT_138,1380,3.8406,1.0132,25.19
BAT_138,1400,3.8406,1.001,25.25
BAT_138,1420,3.8362,0.9997,25.21
BAT_138,1440,3.8368,1.0028,25.33
BAT_138,1460,3.8393,0.9996,25.33
BAT_138,1480,3.8397,0.995,25.41
BAT_138,1500,3.8415,0.9989,25.35
BAT_138,1520,3.8388,0.9998,25.27
BAT_138,1540,3.8398,1.0022,25.29
BAT_138,1560,3.8376,0.9987,25.33
BAT_138,1580,3.8383,1.0046,25.37
BAT_138,1600,3.8372,0.9957,25.4
BAT_138,1620,3.8373,0.9982,25.51
BAT_138,1640,3.8385,0.99,25.41
BAT_138,1660,3.8398,1.0022,25.4
BAT_138,1680,3.8336,1.0014,25.41
BAT_138,1700,3.8379,0.9984,25.54
BAT_138,1720,3.8385,1.0,25.43
BAT_138,1740,3.8362,1.0009,25.51
BAT_138,1760,3.8382,1.0002,25.53
BAT_138,1780,3.8366,1.0002,25.54
BAT_138,1800,3.8361,0.9955,25.51
BAT_138,1820,3.8322,1.0019,25.53
BAT_138,1840,3.8348,1.0003,25.52
BAT_138,1860,3.8334,0.9912,25.6
BAT_138,1880,3.8344,1.0002,25.55
BAT_138,1900,3.8342,1.0078,25.64
BAT_138,1920,3.8363,1.0041,25.75
BAT_138,1940,3.8344,1.0004,25.61
BAT_138,1960,3.8344,0.9946,25.69
BAT_138,1980,3.8353,1.0058,25.72
BAT_138,2000,3.8312,0.9962,25.67
BAT_139,0,3.9843,0.9963,25.69
BAT_139,20,3.9621,0.9961,25.68
BAT_139,40,3.9381,0.9938,25.72
BAT_139,60,3.9129,0.9989,25.79
BAT_139,80,3.8989,1.0041,25.74
BAT_139,100,3.8815,1.0032,25.8
BAT_139,120,3.8711,1.0113,25.85
BAT_139,140,3.8523,0.9926,25.97
BAT_139,160,3.8431,1.009,25.96
BAT_139,180,3.8312,0.9969,25.94
BAT_139,200,3.8214,0.9976,25.98
BAT_139,220,3.8158,1.0091,25.91
BAT_139,240,3.8051,1.0015,26.04
BAT_139,260,3.7964,1.0005,26.0
BAT_139,280,3.789,1.0025,26.07
BAT_139,300,3.7854,1.004,26.14
BAT_139,320,3.7818,1.0099,26.2
BAT_139,340,3.7797,1.0067,26.07
BAT_139,360,3.7714,0.9958,26.15
BAT_139,380,3.7655,0.9981,26.14
BAT_139,400,3.7606,1.0031,26.25
BAT_139,420,3.7612,0.9939,26.34
BAT_139,440,3.7573,0.9978,26.32
BAT_139,460,3.7531,0.9946,26.33
BAT_139,480,3.7515,0.9979,26.29
BAT_139,500,3.7517,0.9994,26.4
BAT_139,520,3.7464,0.9949,26.41
BAT_139,540,3.7418,0.9955,26.42
BAT_139,560,3.7417,1.0047,26.41
BAT_139,580,3.7414,1.0037,26.49
BAT_139,600,3.7383,1.0034,26.53
BAT_139,620,3.7373,0.9941,26.52
BAT_139,640,3.7357,1.0045,26.62
BAT_139,660,3.7405,1.0083,26.51
BAT_139,680,3.7345,0.9989,26.55
BAT_139,700,3.7311,0.9949,26.75
BAT_139,720,3.7314,1.0075,26.64
BAT_139,740,3.7307,0.9989,26.73
BAT_139,760,3.7296,0.9924,26.74
BAT_139,780,3.7277,0.9935,26.79
BAT_139,800,3.7283,0.9947,26.75
BAT_139,820,3.7256,1.0107,26.81
BAT_139,840,3.731,1.001,26.84
BAT_139,860,3.7252,0.9869,26.84
BAT_139,880,3.7276,0.9985,26.83
BAT_139,900,3.7241,1.0023,26.91
BAT_139,920,3.7236,1.0022,26.92
BAT_139,940,3.722,1.0032,26.97
BAT_139,960,3.7258,1.0006,27.02
BAT_139,980,3.7266,0.9987,26.99
BAT_139,1000,3.7205,0.9997,27.1
BAT_139,1020,3.7215,0.9961,27.1
BAT_139,1040,3.7222,0.993,27.12
BAT_139,1060,3.7202,1.0017,27.09
BAT_139,1080,3.7183,1.0072,27.21
BAT_139,1100,3.7188,1.0018,27.24
BAT_139,1120,3.7194,0.9954,27.18
BAT_139,1140,3.7156,1.0046,27.26
BAT_139,1160,3.7175,1.0055,27.29
BAT_139,1180,3.7178,1.0071,27.29
BAT_139,1200,3.7177,0.9983,27.27
BAT_139,1220,3.7165,1.0033,27.33
BAT_139,1240,3.7196,0.9935,27.29
BAT_139,1260,3.719,0.9966,27.49
BAT_139,1280,3.7172,1.001,27.39
BAT_139,1300,3.7203,0.9988,27.5
BAT_139,1320,3.717,0.9967,27.53
BAT_139,1340,3.7131,1.0071,27.55
BAT_139,1360,3.7156,0.9999,27.5
BAT_139,1380,3.7161,1.004,27.52
BAT_139,1400,3.7154,1.0035,27.57
BAT_139,1420,3.7156,1.0042,27.66
BAT_139,1440,3.7163,0.9967,27.68
BAT_139,1460,3.7131,0.9932,27.68
BAT_139,1480,3.7172,0.9959,27.66
BAT_139,1500,3.714,1.0014,27.83
BAT_139,1520,3.7116,1.008,27.75
BAT_139,1540,3.7149,0.9969,27.87
BAT_139,1560,3.7157,1.0031,27.85
BAT_139,1580,3.7178,1.0012,28.0
BAT_139,1600,3.713,0.9972,27.81
BAT_139,1620,3.7154,1.0009,27.93
BAT_139,1640,3.7152,1.0034,27.96
BAT_139,1660,3.7146,0.9956,27.99
BAT_139,1680,3.7142,0.9983,27.95
BAT_139,1700,3.7101,0.9981,27.95
BAT_139,1720,3.7096,0.9986,28.04
BAT_139,1740,3.7082,1.0052,28.05
BAT_139,1760,3.7104,0.9988,28.11
BAT_139,1780,3.7103,0.9987,28.21
BAT_139,1800,3.7133,1.0033,28.2
BAT_139,1820,3.7129,0.9998,28.1
BAT_139,1840,3.7075,1.0041,28.21
BAT_139,1860,3.709,1.0031,28.24
BAT_139,1880,3.7087,0.9971,28.24
BAT_139,1900,3.7085,1.0025,28.36
BAT_139,1920,3.7119,0.9956,28.3
BAT_139,1940,3.7135,1.001,28.3
BAT_139,1960,3.7067,0.9913,28.36
BAT_139,1980,3.7066,0.9982,28.46
BAT_139,2000,3.7099,1.0034,28.35
BAT_140,0,4.1595,0.9945,25.51
BAT_140,20,4.158,1.0042,25.54
BAT_140,40,4.1464,0.9992,25.53
BAT_140,60,4.145,1.0078,25.61
BAT_140,80,4.1397,1.0079,25.59
BAT_140,100,4.1355,0.9929,25.62
BAT_140,120,4.1322,0.9982,25.52
BAT_140,140,4.1348,1.0027,25.6
BAT_140,160,4.1282,1.0065,25.52
BAT_140,180,4.1234,1.0013,25.6
BAT_140,200,4.1226,1.001,25.66
BAT_140,220,4.12,0.9958,25.54
BAT_140,240,4.1194,0.9973,25.58
BAT_140,260,4.1145,1.0073,25.61
BAT_140,280,4.117,0.9973,25.63
BAT_140,300,4.1134,1.0058,25.69
BAT_140,320,4.114,0.995,25.67
BAT_140,340,4.112,1.0059,25.61
BAT_140,360,4.1086,0.993,25.66
BAT_140,380,4.1082,0.9889,25.65
BAT_140,400,4.1101,0.99,25.63
BAT_140,420,4.1041,0.9922,25.55
BAT_140,440,4.1103,1.0013,25.67
BAT_140,460,4.1071,0.9937,25.64
BAT_140,480,4.1064,1.0033,25.75
BAT_140,500,4.1056,0.9963,25.72
BAT_140,520,4.1044,1.0025,25.66
BAT_140,540,4.1042,1.0009,25.72
BAT_140,560,4.1055,1.0005,25.79
BAT_140,580,4.1037,0.9931,25.69
BAT_140,600,4.1004,0.9992,25.71
BAT_140,620,4.1031,0.9963,25.7
BAT_140,640,4.1022,0.993,25.77
BAT_140,660,4.1052,0.9971,25.77
BAT_140,680,4.1002,0.9958,25.74
BAT_140,700,4.106,0.9894,25.71
BAT_140,720,4.1014,1.0009,25.7
BAT_140,740,4.1049,1.0047,25.81
BAT_140,760,4.1015,1.0003,25.79
BAT_140,780,4.1038,0.9992,25.82
BAT_140,800,4.1041,0.993,25.86
BAT_140,820,4.103,0.9995,25.83
BAT_140,840,4.1015,0.9938,25.81
BAT_140,860,4.0972,0.9962,25.89
BAT_140,880,4.1004,0.9979,25.76
BAT_140,900,4.1007,0.9919,25.88
BAT_140,920,4.0993,1.0039,25.83
BAT_140,940,4.1006,0.9985,25.86
BAT_140,960,4.1045,1.0087,25.82
BAT_140,980,4.1026,1.0065,25.89
BAT_140,1000,4.1023,1.0108,25.78
BAT_140,1020,4.1028,1.0027,25.91
BAT_140,1040,4.1007,0.9997,25.77
BAT_140,1060,4.0987,0.992,25.87
BAT_140,1080,4.1009,1.0047,25.86
BAT_140,1100,4.1014,1.0044,25.79
BAT_140,1120,4.0994,1.0076,25.92
BAT_140,1140,4.0986,1.0004,25.91
BAT_140,1160,4.1009,0.9956,25.93
BAT_140,1180,4.0979,1.0056,25.95
BAT_140,1200,4.0961,1.0034,25.94
BAT_140,1220,4.1011,1.0006,25.92
BAT_140,1240,4.0969,1.0038,25.94
BAT_140,1260,4.1013,1.0094,25.95
BAT_140,1280,4.1001,1.0021,25.91
BAT_140,1300,4.0982,0.9991,25.95
BAT_140,1320,4.0942,1.0019,25.92
BAT_140,1340,4.1005,1.0002,25.98
BAT_140,1360,4.1025,0.9926,25.97
BAT_140,1380,4.1008,0.997,25.98
BAT_140,1400,4.0984,1.0046,25.91
BAT_140,1420,4.0951,1.002,25.96
BAT_140,1440,4.0963,1.0006,25.95
BAT_140,1460,4.0968,1.0042,26.05
BAT_140,1480,4.0991,1.0096,25.99
BAT_140,1500,4.0987,0.9915,26.01
BAT_140,1520,4.1,0.9954,26.01
BAT_140,1540,4.0968,0.9997,26.07
BAT_140,1560,4.0974,1.0069,26.05
BAT_140,1580,4.1013,0.9975,26.03
BAT_140,1600,4.0975,0.9983,26.04
BAT_140,1620,4.099,1.0002,26.03
BAT_140,1640,4.1033,1.0015,26.06
BAT_140,1660,4.0986,0.9924,26.06
BAT_140,1680,4.0998,1.0056,26.08
BAT_140,1700,4.0983,1.0016,26.07
BAT_140,1720,4.0952,1.0035,26.11
BAT_140,1740,4.1001,0.9972,26.12
BAT_140,1760,4.0959,0.994,26.13
BAT_140,1780,4.1006,0.9972,26.07
BAT_140,1800,4.0945,1.0118,26.06
BAT_140,1820,4.0985,0.9969,26.21
BAT_140,1840,4.0988,0.9982,26.11
BAT_140,1860,4.0958,1.0081,26.08
BAT_140,1880,4.0974,0.9951,26.17
BAT_140,1900,4.101,1.0063,26.15
BAT_140,1920,4.0973,1.0039,26.07
BAT_140,1940,4.0957,1.0,26.19
BAT_140,1960,4.0991,0.9969,26.26
BAT_140,1980,4.0976,1.0102,26.19
BAT_140,2000,4.0934,0.9938,26.17
BAT_141,0,4.1206,0.9978,25.18
BAT_141,20,4.1112,1.0029,25.15
BAT_141,40,4.1032,1.0063,25.25
BAT_141,60,4.0905,0.9957,25.21
BAT_141,80,4.082,1.0025,25.31
BAT_141,100,4.0825,1.0012,25.21
BAT_141,120,4.0756,1.0044,25.25
BAT_141,140,4.0718,1.0003,25.22
BAT_141,160,4.0653,0.9937,25.35
BAT_141,180,4.0608,0.9998,25.33
BAT_141,200,4.0566,1.0063,25.28
BAT_141,220,4.0509,0.9908,25.33
BAT_141,240,4.0482,0.9988,25.36
BAT_141,260,4.045,1.0076,25.28
BAT_141,280,4.0432,0.9935,25.4
BAT_141,300,4.0402,0.9982,25.33
BAT_141,320,4.0367,1.0037,25.33
BAT_141,340,4.0392,0.9996,25.32
BAT_141,360,4.0337,1.0061,25.29
BAT_141,380,4.0314,1.0079,25.41
BAT_141,400,4.0338,0.9974,25.38
BAT_141,420,4.0296,1.0019,25.41
BAT_141,440,4.0283,0.9966,25.46
BAT_141,460,4.0244,1.003,25.37
BAT_141,480,4.0254,0.9982,25.44
BAT_141,500,4.0262,1.0043,25.41
BAT_141,520,4.0223,0.9935,25.5
BAT_141,540,4.0257,0.9985,25.46
BAT_141,560,4.0229,1.0025,25.45
BAT_141,580,4.0221,0.9958,25.46
BAT_141,600,4.0209,1.0025,25.51
BAT_141,620,4.0208,1.0047,25.49
BAT_141,640,4.0196,0.9998,25.5
BAT_141,660,4.0218,1.0006,25.55
BAT_141,680,4.0152,0.9965,25.46
BAT_141,700,4.0176,1.0033,25.64
BAT_141,720,4.0185,0.9941,25.68
BAT_141,740,4.0199,1.0003,25.52
BAT_141,760,4.0187,1.0014,25.67
BAT_141,780,4.0218,1.0039,25.64
BAT_141,800,4.0199,0.9975,25.61
BAT_141,820,4.0162,0.9951,25.69
BAT_141,840,4.0181,0.996,25.65
BAT_141,860,4.0151,0.9996,25.63
BAT_141,880,4.0164,1.0018,25.7
BAT_141,900,4.0144,1.0056,25.71
BAT_141,920,4.0125,0.9986,25.78
BAT_141,940,4.0194,1.001,25.64
BAT_141,960,4.0137,0.9969,25.7
BAT_141,980,4.017,1.0057,25.74
BAT_141,1000,4.0169,1.0094,25.74
BAT_141,1020,4.013,1.001,25.79
BAT_141,1040,4.0141,0.999,25.66
BAT_141,1060,4.0169,0.9944,25.77
BAT_141,1080,4.0159,0.9882,25.71
BAT_141,1100,4.0116,0.9982,25.71
BAT_141,1120,4.0166,0.9871,25.84
BAT_141,1140,4.009,1.0043,25.65
BAT_141,1160,4.0129,1.0014,25.82
BAT_141,1180,4.0116,0.9955,25.83
BAT_141,1200,4.0144,1.0104,25.83
BAT_141,1220,4.0137,0.9991,25.8
BAT_141,1240,4.0133,1.0053,25.85
BAT_141,1260,4.0164,1.0021,25.84
BAT_141,1280,4.0124,0.9988,25.86
BAT_141,1300,4.0127,0.9962,25.99
BAT_141,1320,4.0134,1.0052,25.94
BAT_141,1340,4.0125,1.0035,25.96
BAT_141,1360,4.0143,0.995,25.91
BAT_141,1380,4.0147,0.9966,25.98
BAT_141,1400,4.0152,1.0074,26.0
BAT_141,1420,4.012,1.0034,25.91
BAT_141,1440,4.0136,1.0005,26.15
BAT_141,1460,4.0115,0.9954,26.0
BAT_141,1480,4.0108,0.9971,26.05
BAT_141,1500,4.0125,1.0031,26.04
BAT_141,1520,4.011,1.0038,26.04
BAT_141,1540,4.0134,0.996,26.05
BAT_141,1560,4.0114,1.0014,26.09
BAT_141,1580,4.0104,1.0056,26.0
BAT_141,1600,4.0124,0.9931,26.1
BAT_141,1620,4.0126,1.0044,26.02
BAT_141,1640,4.0119,1.0063,26.19
BAT_141,1660,4.0071,0.9983,26.08
BAT_141,1680,4.0113,1.0063,26.16
BAT_141,1700,4.0085,0.9949,26.14
BAT_141,1720,4.011,0.9916,26.14
BAT_141,1740,4.0117,0.999,26.13
BAT_141,1760,4.0114,1.0034,26.08
BAT_141,1780,4.0109,1.0122,26.23
BAT_141,1800,4.0104,0.9953,26.19
BAT_141,1820,4.0123,0.9937,26.18
BAT_141,1840,4.0129,1.0015,26.15
BAT_141,1860,4.0092,1.0066,26.23
BAT_141,1880,4.0092,0.9982,26.2
BAT_141,1900,4.0135,1.0029,26.21
BAT_141,1920,4.0112,0.994,26.32
BAT_141,1940,4.0086,0.9959,26.22
BAT_141,1960,4.0112,1.0082,26.3
BAT_141,1980,4.0087,1.0061,26.26
BAT_141,2000,4.0098,0.9956,26.25
BAT_142,0,4.1711,1.0078,25.34
BAT_142,20,4.1669,0.9881,25.34
BAT_142,40,4.1626,0.9959,25.45
BAT_142,60,4.1585,1.0054,25.48
BAT_142,80,4.1544,1.0074,25.44
BAT_142,100,4.1488,0.9981,25.34
BAT_142,120,4.146,1.0082,25.52
BAT_142,140,4.1437,1.004,25.4
BAT_142,160,4.1389,0.9957,25.43
BAT_142,180,4.1411,1.005,25.46
BAT_142,200,4.1383,1.0016,25.42
BAT_142,220,4.1364,1.0111,25.46
BAT_142,240,4.1356,0.9952,25.39
BAT_142,260,4.1326,0.9984,25.42
BAT_142,280,4.1353,0.9949,25.5
BAT_142,300,4.1292,0.9979,25.47
BAT_142,320,4.1315,0.9973,25.6
BAT_142,340,4.1312,1.0137,25.53
BAT_142,360,4.1288,1.0002,25.5
BAT_142,380,4.1272,1.004,25.56
BAT_142,400,4.1245,1.0042,25.48
BAT_142,420,4.1225,1.0105,25.52
BAT_142,440,4.1231,1.0037,25.58
BAT_142,460,4.1258,1.006,25.53
BAT_142,480,4.1252,0.9949,25.58
BAT_142,500,4.1261,1.0005,25.53
BAT_142,520,4.122,1.0083,25.56
BAT_142,540,4.1248,1.0033,25.57
BAT_142,560,4.1233,1.01,25.52
BAT_142,580,4.1205,1.0006,25.63
BAT_142,600,4.1246,1.0015,25.63
BAT_142,620,4.1246,0.9965,25.68
BAT_142,640,4.1221,1.0022,25.59
BAT_142,660,4.1212,0.9947,25.66
BAT_142,680,4.1228,0.997,25.64
BAT_142,700,4.1219,0.9933,25.57
BAT_142,720,4.1206,1.0008,25.61
BAT_142,740,4.1157,0.9909,25.67
BAT_142,760,4.121,0.9998,25.63
BAT_142,780,4.1229,1.0038,25.64
BAT_142,800,4.1193,0.9966,25.75
BAT_142,820,4.1163,1.0065,25.74
BAT_142,840,4.1213,0.995,25.71
BAT_142,860,4.121,1.0089,25.69
BAT_142,880,4.1189,0.9972,25.69
BAT_142,900,4.1211,1.0045,25.62
BAT_142,920,4.12,1.0,25.78
BAT_142,940,4.1234,1.0057,25.76
BAT_142,960,4.1172,1.0111,25.68
BAT_142,980,4.1174,1.0005,25.72
BAT_142,1000,4.1214,0.9944,25.78
BAT_142,1020,4.1187,0.9899,25.79
BAT_142,1040,4.1199,0.9987,25.74
BAT_142,1060,4.121,1.0054,25.81
BAT_142,1080,4.1211,1.0018,25.81
BAT_142,1100,4.118,1.0115,25.73
BAT_142,1120,4.1175,0.9976,25.73
BAT_142,1140,4.1151,0.9977,25.89
BAT_142,1160,4.1189,1.0096,25.89
BAT_142,1180,4.1187,1.0012,25.9
BAT_142,1200,4.1174,0.9925,25.85
BAT_142,1220,4.1233,1.0004,25.84
BAT_142,1240,4.1175,0.9943,25.76
BAT_142,1260,4.1181,1.0037,25.85
BAT_142,1280,4.1169,1.0032,25.88
BAT_142,1300,4.1133,0.995,25.93
BAT_142,1320,4.1227,0.989,25.85
BAT_142,1340,4.1182,1.0033,25.91
BAT_142,1360,4.1202,1.0011,25.93
BAT_142,1380,4.1181,1.0042,25.79
BAT_142,1400,4.1186,0.9963,25.9
BAT_142,1420,4.1176,1.0002,25.94
BAT_142,1440,4.1212,0.9991,25.85
BAT_142,1460,4.1195,1.0081,25.88
BAT_142,1480,4.1159,1.0019,25.86
BAT_142,1500,4.1163,1.001,25.86
BAT_142,1520,4.1177,0.999,25.95
BAT_142,1540,4.1167,0.9995,25.98
BAT_142,1560,4.1166,1.0074,25.88
BAT_142,1580,4.1179,0.998,25.85
BAT_142,1600,4.1165,1.0002,25.91
BAT_142,1620,4.1207,0.9958,25.99
BAT_142,1640,4.117,1.0035,26.02
BAT_142,1660,4.1196,0.999,26.04
BAT_142,1680,4.119,1.0059,26.03
BAT_142,1700,4.1189,1.005,25.97
BAT_142,1720,4.116,0.993,26.0
BAT_142,1740,4.1203,0.9944,25.92
BAT_142,1760,4.1166,0.9976,25.97
BAT_142,1780,4.1165,1.0044,26.09
BAT_142,1800,4.1167,0.9978,26.06
BAT_142,1820,4.1152,1.0035,25.98
BAT_142,1840,4.1202,1.0065,26.02
BAT_142,1860,4.1165,1.0095,26.03
BAT_142,1880,4.1166,1.0038,26.05
BAT_142,1900,4.1133,1.0032,26.02
BAT_142,1920,4.1156,0.9932,26.16
BAT_142,1940,4.1162,0.9983,26.14
BAT_142,1960,4.1182,1.0052,26.07
BAT_142,1980,4.1159,1.0003,26.12
BAT_142,2000,4.1141,1.0099,26.04
BAT_143,0,4.0786,1.0043,25.28
BAT_143,20,4.0646,0.9986,25.27
BAT_143,40,4.054,0.9963,25.31
BAT_143,60,4.043,0.9996,25.31
BAT_143,80,4.0315,0.9912,25.3
BAT_143,100,4.0226,1.0001,25.41
BAT_143,120,4.0125,0.9961,25.4
BAT_143,140,4.0068,0.9953,25.49
BAT_143,160,3.9983,1.0016,25.41
BAT_143,180,3.9916,0.9983,25.35
BAT_143,200,3.986,0.9903,25.45
BAT_143,220,3.9795,1.007,25.59
BAT_143,240,3.9724,0.9956,25.5
BAT_143,260,3.9712,1.0068,25.49
BAT_143,280,3.9654,1.0,25.54
BAT_143,300,3.9602,0.9951,25.45
BAT_143,320,3.9581,1.0063,25.55
BAT_143,340,3.9568,0.992,25.53
BAT_143,360,3.9568,0.9992,25.59
BAT_143,380,3.9509,0.9905,25.68
BAT_143,400,3.9481,0.9983,25.67
BAT_143,420,3.9478,0.9929,25.7
BAT_143,440,3.9456,1.0013,25.62
BAT_143,460,3.9494,1.003,25.73
BAT_143,480,3.9379,1.0039,25.76
BAT_143,500,3.9396,1.0027,25.75
BAT_143,520,3.9383,0.9983,25.75
BAT_143,540,3.9359,1.0008,25.76
BAT_143,560,3.9325,0.9994,25.77
BAT_143,580,3.9321,1.001,25.76
BAT_143,600,3.9327,0.9965,25.78
BAT_143,620,3.9338,1.0079,25.84
BAT_143,640,3.9333,0.9987,25.88
BAT_143,660,3.931,0.9962,25.8
BAT_143,680,3.9295,1.0035,25.75
BAT_143,700,3.9266,1.0013,25.88
BAT_143,720,3.9328,0.9997,25.89
BAT_143,740,3.9276,1.0115,25.9
BAT_143,760,3.9263,1.0014,25.9
BAT_143,780,3.9308,1.0028,25.91
BAT_143,800,3.9267,1.0049,25.98
BAT_143,820,3.9239,0.9964,25.89
BAT_143,840,3.9251,0.9989,26.01
BAT_143,860,3.9284,1.0,26.09
BAT_143,880,3.9238,0.9949,26.06
BAT_143,900,3.9235,1.0079,26.07
BAT_143,920,3.9239,0.9958,26.11
BAT_143,940,3.9281,0.993,26.07
BAT_143,960,3.9247,0.9976,26.1
BAT_143,980,3.9263,0.9979,26.17
BAT_143,1000,3.9276,1.0005,26.1
BAT_143,1020,3.9269,0.991,26.1
BAT_143,1040,3.9218,1.0055,26.26
BAT_143,1060,3.9237,1.0021,26.14
BAT_143,1080,3.9194,0.9937,26.23
BAT_143,1100,3.9233,0.9944,26.24
BAT_143,1120,3.92,0.9983,26.26
BAT_143,1140,3.9211,0.9971,26.23
BAT_143,1160,3.9267,1.0028,26.33
BAT_143,1180,3.9218,0.998,26.29
BAT_143,1200,3.9229,0.9941,26.3
BAT_143,1220,3.9253,1.001,26.23
BAT_143,1240,3.9211,1.0015,26.26
BAT_143,1260,3.9208,1.0024,26.36
BAT_143,1280,3.9233,1.0083,26.31
BAT_143,1300,3.9206,1.0044,26.41
BAT_143,1320,3.92,0.9918,26.39
BAT_143,1340,3.9193,0.9968,26.39
BAT_143,1360,3.923,1.0019,26.44
BAT_143,1380,3.9224,0.9954,26.4
BAT_143,1400,3.9195,1.0085,26.41
BAT_143,1420,3.9187,1.003,26.44
BAT_143,1440,3.9205,0.9969,26.47
BAT_143,1460,3.9186,1.0042,26.46
BAT_143,1480,3.9198,0.9952,26.6
BAT_143,1500,3.9191,0.9966,26.59
BAT_143,1520,3.9178,0.9998,26.62
BAT_143,1540,3.9233,1.0111,26.62
BAT_143,1560,3.9216,0.9993,26.53
BAT_143,1580,3.921,1.0054,26.66
BAT_143,1600,3.9203,1.0042,26.55
BAT_143,1620,3.9211,1.0036,26.56
BAT_143,1640,3.9172,1.0055,26.6
BAT_143,1660,3.9157,1.0047,26.65
BAT_143,1680,3.9191,1.009,26.68
BAT_143,1700,3.9182,1.001,26.7
BAT_143,1720,3.9179,0.9996,26.65
BAT_143,1740,3.9159,1.0032,26.78
BAT_143,1760,3.9181,1.0012,26.84
BAT_143,1780,3.916,1.0081,26.8
BAT_143,1800,3.9134,0.993,26.74
BAT_143,1820,3.9161,0.9998,26.8
BAT_143,1840,3.9156,1.0072,26.8
BAT_143,1860,3.9163,1.0001,26.81
BAT_143,1880,3.914,0.9988,26.89
BAT_143,1900,3.9141,0.996,26.8
BAT_143,1920,3.914,0.9964,26.91
BAT_143,1940,3.9148,0.9978,26.89
BAT_143,1960,3.9147,1.0063,26.95
BAT_143,1980,3.9157,1.0052,26.94
BAT_143,2000,3.9122,0.9938,26.98
BAT_144,0,4.105,1.0033,24.98
BAT_144,20,4.0902,0.9992,24.94
BAT_144,40,4.0821,0.9939,24.93
BAT_144,60,4.0697,0.9955,24.9
BAT_144,80,4.0619,0.9972,24.98
BAT_144,100,4.0571,1.005,24.86
BAT_144,120,4.0459,1.0041,24.94
BAT_144,140,4.0392,0.993,24.98
BAT_144,160,4.03,1.0058,24.96
BAT_144,180,4.0334,1.0077,24.96
BAT_144,200,4.0216,1.0064,25.04
BAT_144,220,4.0201,0.9918,24.92
BAT_144,240,4.0106,1.0003,25.02
BAT_144,260,4.0084,0.996,25.05
BAT_144,280,4.0065,1.0069,25.02
BAT_144,300,4.0057,1.002,25.03
BAT_144,320,4.001,1.0022,25.03
BAT_144,340,4.0004,0.9903,25.03
BAT_144,360,4.0004,0.9952,25.07
BAT_144,380,3.9924,1.0038,24.99
BAT_144,400,3.9948,0.9961,25.05
BAT_144,420,3.9933,1.0031,25.13
BAT_144,440,3.9862,1.0042,25.19
BAT_144,460,3.9877,0.9998,25.06
BAT_144,480,3.9856,0.9981,25.26
BAT_144,500,3.9828,0.9988,25.16
BAT_144,520,3.9836,1.0025,25.16
BAT_144,540,3.9815,1.0043,25.2
BAT_144,560,3.9811,0.9948,25.32
BAT_144,580,3.9866,1.0014,25.21
BAT_144,600,3.9819,1.0035,25.23
BAT_144,620,3.9791,1.0016,25.21
BAT_144,640,3.9786,1.0063,25.35
BAT_144,660,3.9751,0.9994,25.28
BAT_144,680,3.9758,1.0027,25.27
BAT_144,700,3.9737,0.9995,25.35
BAT_144,720,3.9789,0.9993,25.39
BAT_144,740,3.981,1.0008,25.24
BAT_144,760,3.9747,0.9979,25.36
BAT_144,780,3.9733,1.0023,25.37
BAT_144,800,3.974,1.0061,25.42
BAT_144,820,3.975,1.0026,25.38
BAT_144,840,3.9766,0.9982,25.39
BAT_144,860,3.9754,0.9946,25.38
BAT_144,880,3.9767,1.0017,25.43
BAT_144,900,3.9723,1.004,25.53
BAT_144,920,3.969,1.0011,25.4
BAT_144,940,3.9757,0.9998,25.39
BAT_144,960,3.97,0.997,25.41
BAT_144,980,3.9725,1.0023,25.48
BAT_144,1000,3.9728,1.001,25.53
BAT_144,1020,3.9749,1.0105,25.56
BAT_144,1040,3.9676,0.9851,25.59
BAT_144,1060,3.9716,0.9938,25.49
BAT_144,1080,3.9726,1.0025,25.54
BAT_144,1100,3.9717,1.0005,25.64
BAT_144,1120,3.9721,0.9962,25.52
BAT_144,1140,3.9724,1.0003,25.58
BAT_144,1160,3.973,1.0028,25.56
BAT_144,1180,3.9706,0.9962,25.53
BAT_144,1200,3.9725,0.9949,25.64
BAT_144,1220,3.972,0.9944,25.58
BAT_144,1240,3.9666,0.9972,25.67
BAT_144,1260,3.9733,0.9911,25.69
BAT_144,1280,3.9697,0.9975,25.75
BAT_144,1300,3.9746,1.0002,25.55
BAT_144,1320,3.9692,0.9995,25.61
BAT_144,1340,3.9645,1.0023,25.61
BAT_144,1360,3.9689,1.003,25.75
BAT_144,1380,3.9658,1.008,25.71
BAT_144,1400,3.9722,0.9968,25.68
BAT_144,1420,3.9681,0.9972,25.74
BAT_144,1440,3.9679,0.9947,25.81
BAT_144,1460,3.9682,1.0043,25.7
BAT_144,1480,3.9693,0.9972,25.84
BAT_144,1500,3.9685,0.9956,25.84
BAT_144,1520,3.9705,1.0016,25.78
BAT_144,1540,3.9673,1.0031,25.86
BAT_144,1560,3.9671,0.9986,25.83
BAT_144,1580,3.9673,1.0012,25.85
BAT_144,1600,3.9688,0.9987,25.88
BAT_144,1620,3.9651,1.0034,25.87
BAT_144,1640,3.9684,0.9999,25.94
BAT_144,1660,3.9665,1.0063,25.89
BAT_144,1680,3.9676,1.0072,25.89
BAT_144,1700,3.9676,1.0079,25.91
BAT_144,1720,3.963,0.9933,25.96
BAT_144,1740,3.9672,0.9924,25.86
BAT_144,1760,3.9652,0.9977,25.96
BAT_144,1780,3.9711,0.9976,25.91
BAT_144,1800,3.9673,0.996,25.99
BAT_144,1820,3.9659,0.9976,26.03
BAT_144,1840,3.9687,0.9993,25.98
BAT_144,1860,3.9635,0.9961,26.07
BAT_144,1880,3.9692,1.0007,26.15
BAT_144,1900,3.9666,1.0029,26.02
BAT_144,1920,3.9649,1.0034,26.08
BAT_144,1940,3.9663,0.989,26.06
BAT_144,1960,3.9631,0.992,26.07
BAT_144,1980,3.9647,1.0033,26.11
BAT_144,2000,3.9669,1.0007,26.04
BAT_145,0,3.9274,0.9961,25.97
BAT_145,20,3.8936,0.9993,26.0
BAT_145,40,3.8714,1.0053,26.03
BAT_145,60,3.8506,1.0012,26.12
BAT_145,80,3.8248,0.9969,26.07
BAT_145,100,3.8012,1.0003,26.15
BAT_145,120,3.7831,1.0052,26.07
BAT_145,140,3.7674,1.0085,26.19
BAT_145,160,3.7552,0.992,26.25
BAT_145,180,3.7353,0.9924,26.2
BAT_145,200,3.7283,0.9977,26.35
BAT_145,220,3.7131,1.0064,26.34
BAT_145,240,3.7011,0.9944,26.4
BAT_145,260,3.6944,0.9952,26.33
BAT_145,280,3.6885,0.9982,26.42
BAT_145,300,3.6773,1.0089,26.49
BAT_145,320,3.6696,1.0045,26.46
BAT_145,340,3.6674,0.9964,26.57
BAT_145,360,3.6625,0.9894,26.58
BAT_145,380,3.6561,0.9958,26.54
BAT_145,400,3.6502,1.0004,26.62
BAT_145,420,3.6464,0.9936,26.64
BAT_145,440,3.6412,0.997,26.63
BAT_145,460,3.6402,1.0018,26.65
BAT_145,480,3.632,1.0045,26.62
BAT_145,500,3.6303,1.0008,26.69
BAT_145,520,3.6307,0.9976,26.76
BAT_145,540,3.6274,0.9869,26.78
BAT_145,560,3.6245,1.0042,26.75
BAT_145,580,3.6229,0.9946,26.85
BAT_145,600,3.619,0.9945,26.9
BAT_145,620,3.62,1.0005,26.85
BAT_145,640,3.6174,1.004,26.96
BAT_145,660,3.6152,0.9969,27.02
BAT_145,680,3.6136,1.0043,27.04
BAT_145,700,3.6115,1.0132,27.07
BAT_145,720,3.6106,0.9953,27.07
BAT_145,740,3.6092,1.0027,27.11
BAT_145,760,3.6087,0.9982,27.19
BAT_145,780,3.6083,0.9968,27.14
BAT_145,800,3.6069,0.9943,27.24
BAT_145,820,3.6045,0.9997,27.27
BAT_145,840,3.6011,0.9977,27.19
BAT_145,860,3.6027,0.9944,27.25
BAT_145,880,3.6026,1.0042,27.34
BAT_145,900,3.5978,1.0029,27.4
BAT_145,920,3.6025,1.0065,27.34
BAT_145,940,3.6012,0.9912,27.39
BAT_145,960,3.5994,1.0003,27.33
BAT_145,980,3.5983,0.9945,27.48
BAT_145,1000,3.5993,1.0028,27.59
BAT_145,1020,3.5997,0.9977,27.55
BAT_145,1040,3.5991,0.9945,27.5
BAT_145,1060,3.5989,1.004,27.54
BAT_145,1080,3.5999,0.9929,27.54
BAT_145,1100,3.598,0.9993,27.67
BAT_145,1120,3.5953,0.9925,27.65
BAT_145,1140,3.598,0.992,27.73
BAT_145,1160,3.5968,0.9974,27.77
BAT_145,1180,3.5948,0.9984,27.75
BAT_145,1200,3.5971,1.0083,27.82
BAT_145,1220,3.5947,0.9999,27.87
BAT_145,1240,3.5951,1.0001,27.78
BAT_145,1260,3.5957,1.0059,27.9
BAT_145,1280,3.5931,1.0036,27.96
BAT_145,1300,3.5955,0.9927,27.95
BAT_145,1320,3.5947,0.9997,28.09
BAT_145,1340,3.5915,0.9991,27.93
BAT_145,1360,3.5954,1.0022,28.1
BAT_145,1380,3.5918,1.0007,28.13
BAT_145,1400,3.5917,1.0055,28.06
BAT_145,1420,3.5927,1.0022,28.22
BAT_145,1440,3.5927,0.9958,28.18
BAT_145,1460,3.5913,1.0066,28.23
BAT_145,1480,3.5911,1.0002,28.23
BAT_145,1500,3.5904,0.9996,28.36
BAT_145,1520,3.5885,1.0013,28.32
BAT_145,1540,3.5906,0.9999,28.24
BAT_145,1560,3.5877,0.995,28.42
BAT_145,1580,3.5904,1.0003,28.41
BAT_145,1600,3.5929,0.9962,28.43
BAT_145,1620,3.5887,1.0026,28.43
BAT_145,1640,3.5902,0.9982,28.47
BAT_145,1660,3.587,0.9978,28.49
BAT_145,1680,3.5895,0.9997,28.43
BAT_145,1700,3.5877,0.9924,28.56
BAT_145,1720,3.5874,1.0074,28.55
BAT_145,1740,3.5843,1.0016,28.72
BAT_145,1760,3.5863,0.9916,28.64
BAT_145,1780,3.5895,1.012,28.71
BAT_145,1800,3.5856,1.0001,28.75
BAT_145,1820,3.5851,0.9944,28.72
BAT_145,1840,3.5851,1.0061,28.78
BAT_145,1860,3.5835,0.9952,28.79
BAT_145,1880,3.5808,0.9953,28.85
BAT_145,1900,3.585,1.0029,28.95
BAT_145,1920,3.5831,0.994,28.86
BAT_145,1940,3.5825,1.0022,28.88
BAT_145,1960,3.5834,1.0023,28.99
BAT_145,1980,3.5808,1.0046,28.89
BAT_145,2000,3.5792,0.9982,29.05
BAT_146,0,3.9313,0.9969,23.94
BAT_146,20,3.9028,0.9944,24.01
BAT_146,40,3.8776,0.9996,24.05
BAT_146,60,3.8492,1.0033,24.16
BAT_146,80,3.8327,1.006,24.29
BAT_146,100,3.814,1.0099,24.13
BAT_146,120,3.797,0.998,24.16
BAT_146,140,3.7847,0.9949,24.26
BAT_146,160,3.7649,1.0102,24.31
BAT_146,180,3.7551,0.9986,24.39
BAT_146,200,3.7462,0.999,24.43
BAT_146,220,3.735,0.9953,24.36
BAT_146,240,3.7264,1.0042,24.42
BAT_146,260,3.7152,0.9946,24.4
BAT_146,280,3.7057,0.9982,24.36
BAT_146,300,3.6993,1.0067,24.5
BAT_146,320,3.6917,1.0045,24.54
BAT_146,340,3.6874,0.9977,24.55
BAT_146,360,3.6789,1.0074,24.73
BAT_146,380,3.6768,1.0027,24.61
BAT_146,400,3.6744,0.9984,24.65
BAT_146,420,3.6666,1.0034,24.7
BAT_146,440,3.6693,0.9988,24.82
BAT_146,460,3.6648,1.01,24.86
BAT_146,480,3.6603,1.0031,24.81
BAT_146,500,3.6547,1.0021,24.82
BAT_146,520,3.6531,0.9971,24.91
BAT_146,540,3.6528,1.0107,24.96
BAT_146,560,3.6462,0.9993,24.94
BAT_146,580,3.6501,1.0008,24.98
BAT_146,600,3.6455,0.9959,25.05
BAT_146,620,3.6439,1.0016,25.0
BAT_146,640,3.6434,1.0028,25.11
BAT_146,660,3.6417,0.9936,25.11
BAT_146,680,3.6372,1.0149,25.13
BAT_146,700,3.6419,0.9976,25.3
BAT_146,720,3.6391,0.9992,25.19
BAT_146,740,3.6334,1.0032,25.3
BAT_146,760,3.637,1.0037,25.32
BAT_146,780,3.6369,0.9951,25.36
BAT_146,800,3.6321,1.0026,25.39
BAT_146,820,3.6336,1.008,25.46
BAT_146,840,3.63,1.006,25.47
BAT_146,860,3.6278,0.9961,25.47
BAT_146,880,3.6333,0.9947,25.47
BAT_146,900,3.6283,1.0065,25.43
BAT_146,920,3.6292,0.9994,25.6
BAT_146,940,3.6287,0.9993,25.67
BAT_146,960,3.6269,0.9979,25.68
BAT_146,980,3.6289,0.9949,25.6
BAT_146,1000,3.6267,0.9936,25.64
BAT_146,1020,3.6273,1.0019,25.75
BAT_146,1040,3.6277,0.996,25.78
BAT_146,1060,3.6276,1.0002,25.67
BAT_146,1080,3.6265,1.0015,25.84
BAT_146,1100,3.6269,0.9965,25.89
BAT_146,1120,3.6262,1.002,25.92
BAT_146,1140,3.6295,1.0151,25.86
BAT_146,1160,3.6231,0.9995,25.98
BAT_146,1180,3.6221,0.9984,26.07
BAT_146,1200,3.6214,0.9973,26.13
BAT_146,1220,3.6262,0.9941,25.96
BAT_146,1240,3.6234,1.0014,26.06
BAT_146,1260,3.6205,1.0022,26.21
BAT_146,1280,3.6211,1.0113,26.13
BAT_146,1300,3.6244,0.9909,26.15
BAT_146,1320,3.6191,0.9972,26.26
BAT_146,1340,3.621,1.0031,26.2
BAT_146,1360,3.6206,1.0022,26.32
BAT_146,1380,3.6193,1.0047,26.28
BAT_146,1400,3.6225,1.0015,26.3
BAT_146,1420,3.6171,0.9943,26.49
BAT_146,1440,3.6176,1.0024,26.39
BAT_146,1460,3.6179,1.0052,26.56
BAT_146,1480,3.6202,0.9947,26.54
BAT_146,1500,3.6202,0.9961,26.4
BAT_146,1520,3.6202,0.9974,26.57
BAT_146,1540,3.6157,1.0019,26.64
BAT_146,1560,3.6168,1.0011,26.66
BAT_146,1580,3.6177,0.9938,26.63
BAT_146,1600,3.6162,1.0051,26.62
BAT_146,1620,3.6138,1.0008,26.69
BAT_146,1640,3.6172,1.0,26.72
BAT_146,1660,3.6156,1.0021,26.76
BAT_146,1680,3.614,1.0014,26.78
BAT_146,1700,3.6131,0.999,26.87
BAT_146,1720,3.6156,0.9958,26.85
BAT_146,1740,3.6118,0.9993,26.89
BAT_146,1760,3.6155,1.0029,26.96
BAT_146,1780,3.6123,1.0028,26.97
BAT_146,1800,3.6149,1.0039,26.99
BAT_146,1820,3.6138,1.0016,27.02
BAT_146,1840,3.6143,0.9989,27.07
BAT_146,1860,3.6143,0.995,27.11
BAT_146,1880,3.6146,0.9971,27.14
BAT_146,1900,3.6114,1.0031,27.16
BAT_146,1920,3.6123,1.0017,27.24
BAT_146,1940,3.6104,1.0096,27.21
BAT_146,1960,3.6146,1.0001,27.32
BAT_146,1980,3.6119,1.0016,27.28
BAT_146,2000,3.6121,0.9961,27.4
BAT_147,0,3.9092,1.0041,24.8
BAT_147,20,3.8747,1.0007,24.82
BAT_147,40,3.8495,0.9947,24.86
BAT_147,60,3.8248,0.9971,24.98
BAT_147,80,3.8027,1.0085,24.84
BAT_147,100,3.7802,1.0007,25.06
BAT_147,120,3.7629,0.9987,24.9
BAT_147,140,3.7428,0.9993,25.02
BAT_147,160,3.7287,0.993,25.08
BAT_147,180,3.7137,1.0036,25.13
BAT_147,200,3.7035,1.0027,25.08
BAT_147,220,3.6927,0.9936,25.24
BAT_147,240,3.6811,0.996,25.18
BAT_147,260,3.6717,0.9977,25.33
BAT_147,280,3.6645,0.9946,25.34
BAT_147,300,3.658,1.001,25.24
BAT_147,320,3.6457,1.0027,25.34
BAT_147,340,3.6383,1.0018,25.35
BAT_147,360,3.6358,1.0024,25.43
BAT_147,380,3.632,1.0019,25.39
BAT_147,400,3.6222,0.9992,25.6
BAT_147,420,3.6225,0.9923,25.49
BAT_147,440,3.6126,0.9975,25.59
BAT_147,460,3.6112,1.0005,25.51
BAT_147,480,3.6085,1.0022,25.48
BAT_147,500,3.6053,1.0036,25.65
BAT_147,520,3.6034,0.9953,25.71
BAT_147,540,3.6011,1.0039,25.74
BAT_147,560,3.5985,0.9947,25.84
BAT_147,580,3.5948,1.0005,25.9
BAT_147,600,3.5915,0.9944,25.86
BAT_147,620,3.5932,1.0052,25.93
BAT_147,640,3.5903,0.9898,25.91
BAT_147,660,3.5868,1.0096,26.03
BAT_147,680,3.5882,1.0012,26.01
BAT_147,700,3.5844,1.0066,25.98
BAT_147,720,3.5844,1.0096,26.09
BAT_147,740,3.5811,0.9989,26.17
BAT_147,760,3.5845,1.0048,26.15
BAT_147,780,3.5838,1.0046,26.22
BAT_147,800,3.5817,1.0025,26.1
BAT_147,820,3.5814,0.9912,26.29
BAT_147,840,3.5779,0.9993,26.31
BAT_147,860,3.5792,0.997,26.28
BAT_147,880,3.5752,1.0052,26.41
BAT_147,900,3.5777,0.9998,26.35
BAT_147,920,3.5776,1.003,26.42
BAT_147,940,3.5759,0.9917,26.41
BAT_147,960,3.5727,0.9915,26.51
BAT_147,980,3.5719,0.9979,26.53
BAT_147,1000,3.5747,0.9982,26.6
BAT_147,1020,3.573,0.9976,26.61
BAT_147,1040,3.5743,0.9983,26.67
BAT_147,1060,3.5712,1.0,26.73
BAT_147,1080,3.569,1.0034,26.7
BAT_147,1100,3.5739,0.9981,26.73
BAT_147,1120,3.5695,1.0019,26.87
BAT_147,1140,3.5683,1.001,26.87
BAT_147,1160,3.5721,1.0026,26.91
BAT_147,1180,3.5672,0.9952,26.94
BAT_147,1200,3.567,1.0045,27.0
BAT_147,1220,3.571,1.0041,27.0
BAT_147,1240,3.5706,1.0087,26.91
BAT_147,1260,3.5684,0.999,27.05
BAT_147,1280,3.5678,1.0007,27.05
BAT_147,1300,3.5651,0.9971,27.13
BAT_147,1320,3.5658,0.997,27.08
BAT_147,1340,3.5645,0.9919,27.14
BAT_147,1360,3.566,0.9949,27.17
BAT_147,1380,3.567,0.9992,27.22
BAT_147,1400,3.5656,1.0024,27.3
BAT_147,1420,3.5641,1.0032,27.3
BAT_147,1440,3.5641,1.0113,27.42
BAT_147,1460,3.5653,1.0043,27.37
BAT_147,1480,3.5592,1.0009,27.42
BAT_147,1500,3.565,1.0131,27.44
BAT_147,1520,3.5622,0.9948,27.52
BAT_147,1540,3.5611,1.0028,27.6
BAT_147,1560,3.5637,0.9988,27.57
BAT_147,1580,3.561,0.9989,27.64
BAT_147,1600,3.5611,0.9948,27.7
BAT_147,1620,3.5624,0.9988,27.63
BAT_147,1640,3.5594,1.0024,27.75
BAT_147,1660,3.5636,0.9966,27.79
BAT_147,1680,3.5622,1.0027,27.77
BAT_147,1700,3.561,0.9961,27.83
BAT_147,1720,3.5585,1.0042,27.84
BAT_147,1740,3.5599,0.9985,27.84
BAT_147,1760,3.5618,1.0014,27.93
BAT_147,1780,3.5611,1.0022,28.0
BAT_147,1800,3.5573,0.9887,27.99
BAT_147,1820,3.5596,1.0084,28.02
BAT_147,1840,3.5567,1.0048,28.02
BAT_147,1860,3.5583,1.0009,28.15
BAT_147,1880,3.5539,1.004,28.11
BAT_147,1900,3.5558,0.9979,28.18
BAT_147,1920,3.5571,0.9952,28.27
BAT_147,1940,3.5579,1.0054,28.22
BAT_147,1960,3.5561,0.9929,28.24
BAT_147,1980,3.5556,0.994,28.41
BAT_147,2000,3.5582,1.004,28.4
BAT_148,0,4.1559,0.9987,25.19
BAT_148,20,4.1505,0.9999,25.24
BAT_148,40,4.1551,1.0058,25.19
BAT_148,60,4.1507,0.9975,25.23
BAT_148,80,4.1512,1.0028,25.33
BAT_148,100,4.1461,1.0017,25.3
BAT_148,120,4.1384,1.0011,25.37
BAT_148,140,4.1388,0.9918,25.26
BAT_148,160,4.1342,0.9969,25.22
BAT_148,180,4.1365,1.004,25.33
BAT_148,200,4.1319,1.0,25.24
BAT_148,220,4.1312,0.9961,25.32
BAT_148,240,4.1313,1.008,25.33
BAT_148,260,4.1319,1.0089,25.33
BAT_148,280,4.1276,0.9943,25.28
BAT_148,300,4.1289,1.0081,25.3
BAT_148,320,4.126,0.9991,25.31
BAT_148,340,4.1268,1.0036,25.19
BAT_148,360,4.1226,1.0065,25.34
BAT_148,380,4.1242,1.0071,25.33
BAT_148,400,4.1226,0.9946,25.39
BAT_148,420,4.1261,0.9999,25.34
BAT_148,440,4.1239,0.9999,25.34
BAT_148,460,4.1239,1.0016,25.41
BAT_148,480,4.1208,0.998,25.47
BAT_148,500,4.1206,0.9972,25.31
BAT_148,520,4.1199,1.0059,25.43
BAT_148,540,4.1236,0.9962,25.4
BAT_148,560,4.1202,1.0034,25.51
BAT_148,580,4.1222,0.9954,25.34
BAT_148,600,4.1252,1.0026,25.43
BAT_148,620,4.1162,0.9955,25.49
BAT_148,640,4.1186,0.9956,25.48
BAT_148,660,4.1179,0.9994,25.54
BAT_148,680,4.1199,0.9978,25.38
BAT_148,700,4.1189,1.0014,25.56
BAT_148,720,4.1202,0.9992,25.51
BAT_148,740,4.1214,0.9936,25.46
BAT_148,760,4.1198,1.0082,25.48
BAT_148,780,4.1163,0.997,25.5
BAT_148,800,4.12,0.9965,25.52
BAT_148,820,4.1184,0.9936,25.41
BAT_148,840,4.1159,1.0006,25.5
BAT_148,860,4.1162,0.9982,25.52
BAT_148,880,4.1184,0.9975,25.54
BAT_148,900,4.1188,1.001,25.53
BAT_148,920,4.1156,0.9881,25.48
BAT_148,940,4.1164,0.9975,25.52
BAT_148,960,4.1172,1.0069,25.63
BAT_148,980,4.115,1.0109,25.56
BAT_148,1000,4.1197,1.0039,25.55
BAT_148,1020,4.1144,0.9977,25.57
BAT_148,1040,4.1155,0.9964,25.67
BAT_148,1060,4.1142,1.0077,25.54
BAT_148,1080,4.1172,1.0009,25.61
BAT_148,1100,4.119,1.0001,25.62
BAT_148,1120,4.119,0.9998,25.63
BAT_148,1140,4.1191,0.9968,25.59
BAT_148,1160,4.1132,0.9982,25.62
BAT_148,1180,4.1176,1.0036,25.63
BAT_148,1200,4.1163,1.0087,25.71
BAT_148,1220,4.1153,0.9985,25.64
BAT_148,1240,4.1151,0.9983,25.54
BAT_148,1260,4.1209,1.0033,25.55
BAT_148,1280,4.1148,1.005,25.62
BAT_148,1300,4.116,0.9946,25.67
BAT_148,1320,4.115,1.0011,25.6
BAT_148,1340,4.1158,1.0067,25.73
BAT_148,1360,4.1138,0.9927,25.7
BAT_148,1380,4.113,1.0022,25.7
BAT_148,1400,4.1121,1.0056,25.7
BAT_148,1420,4.1143,1.0045,25.69
BAT_148,1440,4.1146,1.0085,25.73
BAT_148,1460,4.1158,1.0096,25.8
BAT_148,1480,4.1149,1.0036,25.78
BAT_148,1500,4.1153,1.0044,25.7
BAT_148,1520,4.118,0.9981,25.79
BAT_148,1540,4.1177,0.9939,25.74
BAT_148,1560,4.1159,0.9989,25.78
BAT_148,1580,4.1152,1.0007,25.73
BAT_148,1600,4.1158,0.9992,25.72
BAT_148,1620,4.1141,0.9998,25.69
BAT_148,1640,4.1146,1.0025,25.73
BAT_148,1660,4.1104,0.9963,25.81
BAT_148,1680,4.1123,0.9969,25.77
BAT_148,1700,4.1165,0.9952,25.82
BAT_148,1720,4.1149,0.9994,25.74
BAT_148,1740,4.1168,0.9962,25.83
BAT_148,1760,4.1132,0.994,25.8
BAT_148,1780,4.118,0.9918,25.75
BAT_148,1800,4.1159,0.9934,25.83
BAT_148,1820,4.1116,0.9957,25.85
BAT_148,1840,4.1123,0.9998,25.88
BAT_148,1860,4.1163,0.9967,25.83
BAT_148,1880,4.1121,0.9994,25.82
BAT_148,1900,4.1139,0.9958,25.9
BAT_148,1920,4.1154,0.999,25.84
BAT_148,1940,4.118,1.0045,25.81
BAT_148,1960,4.1151,1.0024,25.85
BAT_148,1980,4.1097,0.9979,25.83
BAT_148,2000,4.1144,0.996,25.77
BAT_149,0,4.1553,1.0035,24.22
BAT_149,20,4.1473,1.0033,24.15
BAT_149,40,4.1421,0.9954,24.25
BAT_149,60,4.1394,1.0029,24.16
BAT_149,80,4.1391,0.9994,24.27
BAT_149,100,4.1287,0.9995,24.25
BAT_149,120,4.1261,0.9959,24.2
BAT_149,140,4.1259,0.9973,24.28
BAT_149,160,4.1233,1.0004,24.24
BAT_149,180,4.1217,1.0072,24.3
BAT_149,200,4.1125,0.9981,24.33
BAT_149,220,4.1164,1.0062,24.28
BAT_149,240,4.1131,1.0004,24.28
BAT_149,260,4.1119,0.9957,24.27
BAT_149,280,4.1098,0.9986,24.2
BAT_149,300,4.11,0.9928,24.37
BAT_149,320,4.1089,0.9912,24.25
BAT_149,340,4.1046,0.998,24.36
BAT_149,360,4.1064,0.9985,24.34
BAT_149,380,4.1063,1.0011,24.36
BAT_149,400,4.1057,0.9935,24.39
BAT_149,420,4.1018,1.0036,24.37
BAT_149,440,4.0963,1.0,24.38
BAT_149,460,4.1002,0.9949,24.35
BAT_149,480,4.1011,1.0017,24.36
BAT_149,500,4.0994,1.0045,24.46
BAT_149,520,4.0976,0.9926,24.33
BAT_149,540,4.1006,0.9919,24.39
BAT_149,560,4.0964,1.0008,24.43
BAT_149,580,4.0996,0.9946,24.52
BAT_149,600,4.097,1.0007,24.4
BAT_149,620,4.0981,1.0011,24.39
BAT_149,640,4.1008,0.9968,24.49
BAT_149,660,4.0984,1.0033,24.51
BAT_149,680,4.0986,1.0029,24.49
BAT_149,700,4.096,0.9998,24.44
BAT_149,720,4.0939,0.9933,24.51
BAT_149,740,4.0968,0.9921,24.45
BAT_149,760,4.0934,0.9917,24.54
BAT_149,780,4.0974,0.9993,24.52
BAT_149,800,4.0928,1.0038,24.51
BAT_149,820,4.0958,0.9976,24.58
BAT_149,840,4.0952,0.9973,24.6
BAT_149,860,4.0938,0.9981,24.55
BAT_149,880,4.0951,0.9963,24.6
BAT_149,900,4.095,1.0006,24.5
BAT_149,920,4.0942,0.9996,24.5
BAT_149,940,4.096,0.9971,24.57
BAT_149,960,4.095,1.0006,24.51
BAT_149,980,4.0944,0.9962,24.59
BAT_149,1000,4.0966,1.0082,24.57
BAT_149,1020,4.0944,0.9974,24.58
BAT_149,1040,4.0901,0.993,24.52
BAT_149,1060,4.0946,1.0082,24.69
BAT_149,1080,4.0938,1.0044,24.62
BAT_149,1100,4.0926,1.0056,24.66
BAT_149,1120,4.0951,0.9989,24.6
BAT_149,1140,4.0905,1.0049,24.66
BAT_149,1160,4.0925,1.0036,24.71
BAT_149,1180,4.0955,1.0018,24.63
BAT_149,1200,4.0943,0.9983,24.62
BAT_149,1220,4.0948,0.9973,24.67
BAT_149,1240,4.0915,0.9971,24.67
BAT_149,1260,4.0947,0.9926,24.64
BAT_149,1280,4.0904,0.9999,24.73
BAT_149,1300,4.09,1.002,24.68
BAT_149,1320,4.094,1.0001,24.71
BAT_149,1340,4.0918,0.9997,24.66
BAT_149,1360,4.0932,1.0001,24.7
BAT_149,1380,4.0935,0.9954,24.76
BAT_149,1400,4.0953,0.995,24.75
BAT_149,1420,4.0981,1.0008,24.74
BAT_149,1440,4.0885,1.0068,24.76
BAT_149,1460,4.0921,0.995,24.74
BAT_149,1480,4.0942,0.9969,24.69
BAT_149,1500,4.0925,1.0029,24.78
BAT_149,1520,4.0883,1.009,24.78
BAT_149,1540,4.0917,0.9975,24.73
BAT_149,1560,4.0923,1.0074,24.87
BAT_149,1580,4.0941,1.0009,24.85
BAT_149,1600,4.0881,0.9932,24.88
BAT_149,1620,4.0877,1.003,24.88
BAT_149,1640,4.0918,1.0005,24.85
BAT_149,1660,4.09,1.0038,24.74
BAT_149,1680,4.092,0.9973,24.86
BAT_149,1700,4.094,1.0002,24.76
BAT_149,1720,4.0925,1.0041,24.83
BAT_149,1740,4.09,0.9906,24.88
BAT_149,1760,4.0899,1.0143,24.9
BAT_149,1780,4.0889,0.9936,24.96
BAT_149,1800,4.0938,0.9979,24.85
BAT_149,1820,4.0926,0.9964,24.84
BAT_149,1840,4.0922,0.9973,24.86
BAT_149,1860,4.0928,1.0011,24.82
BAT_149,1880,4.0885,1.0023,24.92
BAT_149,1900,4.0936,0.9964,24.88
BAT_149,1920,4.091,0.9914,25.02
BAT_149,1940,4.0919,1.0015,24.96
BAT_149,1960,4.0918,0.9974,24.91
BAT_149,1980,4.094,1.006,24.96
BAT_149,2000,4.0905,0.9963,24.98
BAT_150,0,3.9116,1.0011,24.57
BAT_150,20,3.8799,0.9984,24.64
BAT_150,40,3.8484,1.0026,24.61
BAT_150,60,3.8284,0.9982,24.62
BAT_150,80,3.8016,0.9969,24.67
BAT_150,100,3.7814,0.9929,24.73
BAT_150,120,3.7638,1.0067,24.75
BAT_150,140,3.7446,1.0013,24.87
BAT_150,160,3.7282,0.9985,24.79
BAT_150,180,3.7164,0.9961,24.86
BAT_150,200,3.7023,1.004,24.85
BAT_150,220,3.691,0.9989,25.02
BAT_150,240,3.675,1.0137,25.02
BAT_150,260,3.6701,1.0076,25.07
BAT_150,280,3.659,1.0001,25.01
BAT_150,300,3.6516,0.9962,25.08
BAT_150,320,3.6422,0.9947,25.06
BAT_150,340,3.6362,1.0015,25.14
BAT_150,360,3.634,1.0049,25.15
BAT_150,380,3.626,1.0043,25.2
BAT_150,400,3.6218,0.9995,25.31
BAT_150,420,3.6181,0.9945,25.32
BAT_150,440,3.6164,1.0043,25.34
BAT_150,460,3.6105,0.993,25.26
BAT_150,480,3.607,0.9985,25.28
BAT_150,500,3.6052,0.9956,25.42
BAT_150,520,3.5971,1.0003,25.44
BAT_150,540,3.5978,1.0049,25.6
BAT_150,560,3.5964,0.9976,25.62
BAT_150,580,3.5938,0.9894,25.54
BAT_150,600,3.5884,1.0113,25.6
BAT_150,620,3.5922,1.0052,25.62
BAT_150,640,3.5871,1.0014,25.66
BAT_150,660,3.5881,0.9966,25.77
BAT_150,680,3.5839,0.9969,25.6
BAT_150,700,3.5829,0.9905,25.83
BAT_150,720,3.582,1.004,25.81
BAT_150,740,3.5825,1.0001,25.82
BAT_150,760,3.5787,0.9924,25.79
BAT_150,780,3.5806,1.0052,25.9
BAT_150,800,3.5778,0.9984,25.93
BAT_150,820,3.5757,1.0019,25.93
BAT_150,840,3.5774,0.9969,26.02
BAT_150,860,3.5776,0.9886,25.99
BAT_150,880,3.5763,0.9986,26.01
BAT_150,900,3.5746,1.0043,26.08
BAT_150,920,3.5733,0.9978,26.09
BAT_150,940,3.573,1.0025,26.14
BAT_150,960,3.5753,0.9937,26.06
BAT_150,980,3.5722,0.9944,26.16
BAT_150,1000,3.5703,1.001,26.16
BAT_150,1020,3.5717,1.0014,26.35
BAT_150,1040,3.5706,0.9978,26.23
BAT_150,1060,3.569,1.0067,26.28
BAT_150,1080,3.5701,1.0028,26.34
BAT_150,1100,3.5706,0.9948,26.48
BAT_150,1120,3.5684,0.9974,26.46
BAT_150,1140,3.5671,0.9989,26.49
BAT_150,1160,3.5669,1.0071,26.47
BAT_150,1180,3.569,1.0001,26.64
BAT_150,1200,3.5665,1.0042,26.57
BAT_150,1220,3.5671,0.9947,26.54
BAT_150,1240,3.5661,1.0046,26.7
BAT_150,1260,3.5664,0.992,26.71
BAT_150,1280,3.5622,1.0029,26.7
BAT_150,1300,3.5673,1.0045,26.75
BAT_150,1320,3.5633,1.002,26.76
BAT_150,1340,3.5653,1.0007,26.76
BAT_150,1360,3.5627,0.9969,26.81
BAT_150,1380,3.5633,0.9909,26.93
BAT_150,1400,3.5615,0.9933,26.95
BAT_150,1420,3.5664,1.0027,27.01
BAT_150,1440,3.5617,0.9994,26.99
BAT_150,1460,3.5616,0.9974,27.0
BAT_150,1480,3.5588,0.9966,27.1
BAT_150,1500,3.5597,0.9933,27.1
BAT_150,1520,3.5627,1.0101,27.09
BAT_150,1540,3.5621,0.9932,27.15
BAT_150,1560,3.5602,0.9966,27.15
BAT_150,1580,3.5637,1.0026,27.2
BAT_150,1600,3.5603,1.0013,27.16
BAT_150,1620,3.559,0.9932,27.25
BAT_150,1640,3.5578,1.0009,27.31
BAT_150,1660,3.5539,1.0008,27.36
BAT_150,1680,3.5576,0.9955,27.35
BAT_150,1700,3.5605,1.0036,27.41
BAT_150,1720,3.5561,1.0009,27.38
BAT_150,1740,3.5574,0.9962,27.42
BAT_150,1760,3.5616,1.0076,27.5
BAT_150,1780,3.5556,0.9984,27.55
BAT_150,1800,3.5572,0.9985,27.65
BAT_150,1820,3.5584,0.9912,27.71
BAT_150,1840,3.5553,0.9989,27.63
BAT_150,1860,3.5558,0.9944,27.68
BAT_150,1880,3.5542,1.0024,27.72
BAT_150,1900,3.5525,1.0041,27.73
BAT_150,1920,3.5524,1.0014,27.8
BAT_150,1940,3.5565,0.9991,27.78
BAT_150,1960,3.5529,0.9956,27.84
BAT_150,1980,3.5505,0.9909,27.96
BAT_150,2000,3.5544,1.005,27.89
